record_id,band_id,state,city,start_frequency_mhz,end_frequency_mhz,required_bandwidth_mhz,service_type,assignment_status,occupancy_status,availability_label,data_type
1,B012,Telangana,Hyderabad,3459.238,3479.238,20,IMT candidate,synthetic_not_verified,synthetic_observation,0,SYNTHETIC_FOR_PIPELINE_TESTING
2,B012,Delhi,New Delhi,3473.364,3483.364,10,IMT candidate,synthetic_not_verified,synthetic_observation,0,SYNTHETIC_FOR_PIPELINE_TESTING
3,B003,Karnataka,Bengaluru,880.969,881.969,1,IMT candidate,synthetic_not_verified,synthetic_observation,0,SYNTHETIC_FOR_PIPELINE_TESTING
4,B004,Karnataka,Bengaluru,897.727,898.727,1,IMT candidate,synthetic_not_verified,synthetic_observation,1,SYNTHETIC_FOR_PIPELINE_TESTING
5,B009,Maharashtra,Mumbai,2339.46,2344.46,5,IMT candidate,synthetic_not_verified,synthetic_observation,1,SYNTHETIC_FOR_PIPELINE_TESTING
6,B022,Telangana,Hyderabad,5166.478,5246.478,80,WAS/RLAN,synthetic_not_verified,synthetic_observation,0,SYNTHETIC_FOR_PIPELINE_TESTING
7,B006,Rajasthan,Jaipur,1480.786,1500.786,20,IMT candidate,synthetic_not_verified,synthetic_observation,1,SYNTHETIC_FOR_PIPELINE_TESTING
8,B002,Gujarat,Ahmedabad,590.354,595.354,5,IMT candidate,synthetic_not_verified,synthetic_observation,1,SYNTHETIC_FOR_PIPELINE_TESTING
9,B021,West Bengal,Kolkata,2425.393,2445.393,20,Low Power / RLAN,synthetic_not_verified,synthetic_observation,0,SYNTHETIC_FOR_PIPELINE_TESTING
10,B014,West Bengal,Kolkata,3663.092,3668.092,5,IMT candidate,synthetic_not_verified,synthetic_observation,1,SYNTHETIC_FOR_PIPELINE_TESTING
11,B001,Rajasthan,Jaipur,502.05,542.05,40,IMT candidate,synthetic_not_verified,synthetic_observation,0,SYNTHETIC_FOR_PIPELINE_TESTING
12,B013,Rajasthan,Jaipur,3502.651,3507.651,5,IMT candidate,synthetic_not_verified,synthetic_observation,0,SYNTHETIC_FOR_PIPELINE_TESTING
13,B021,Tamil Nadu,Chennai,2452.81,2457.81,5,Low Power / RLAN,synthetic_not_verified,synthetic_observation,0,SYNTHETIC_FOR_PIPELINE_TESTING
14,B006,Telangana,Hyderabad,1445.971,1485.971,40,IMT candidate,synthetic_not_verified,synthetic_observation,0,SYNTHETIC_FOR_PIPELINE_TESTING
15,B006,Tamil Nadu,Chennai,1438.699,1478.699,40,IMT candidate,synthetic_not_verified,synthetic_observation,0,SYNTHETIC_FOR_PIPELINE_TESTING
16,B014,Karnataka,Bengaluru,3638.501,3648.501,10,IMT candidate,synthetic_not_verified,synthetic_observation,1,SYNTHETIC_FOR_PIPELINE_TESTING
17,B006,Tamil Nadu,Chennai,1437.69,1517.69,80,IMT candidate,synthetic_not_verified,synthetic_observation,1,SYNTHETIC_FOR_PIPELINE_TESTING
18,B015,Telangana,Hyderabad,6550.914,6551.914,1,IMT candidate,synthetic_not_verified,synthetic_observation,0,SYNTHETIC_FOR_PIPELINE_TESTING
19,B012,West Bengal,Kolkata,3491.802,3496.802,5,IMT candidate,synthetic_not_verified,synthetic_observation,0,SYNTHETIC_FOR_PIPELINE_TESTING
20,B007,Gujarat,Ahmedabad,1745.679,1785.679,40,IMT candidate,synthetic_not_verified,synthetic_observation,0,SYNTHETIC_FOR_PIPELINE_TESTING
21,B018,Telangana,Hyderabad,39436.991,39437.991,1,IMT candidate,synthetic_not_verified,synthetic_observation,0,SYNTHETIC_FOR_PIPELINE_TESTING
22,B009,Tamil Nadu,Chennai,2328.794,2338.794,10,IMT candidate,synthetic_not_verified,synthetic_observation,0,SYNTHETIC_FOR_PIPELINE_TESTING
23,B012,West Bengal,Kolkata,3400.996,3440.996,40,IMT candidate,synthetic_not_verified,synthetic_observation,0,SYNTHETIC_FOR_PIPELINE_TESTING
24,B010,Telangana,Hyderabad,2552.328,2557.328,5,IMT candidate,synthetic_not_verified,synthetic_observation,0,SYNTHETIC_FOR_PIPELINE_TESTING
25,B015,Maharashtra,Mumbai,6721.745,6741.745,20,IMT candidate,synthetic_not_verified,synthetic_observation,1,SYNTHETIC_FOR_PIPELINE_TESTING
26,B020,Telangana,Hyderabad,70583.428,70623.428,40,IMT candidate,synthetic_not_verified,synthetic_observation,0,SYNTHETIC_FOR_PIPELINE_TESTING
27,B008,Telangana,Hyderabad,2173.774,2174.774,1,IMT candidate,synthetic_not_verified,synthetic_observation,0,SYNTHETIC_FOR_PIPELINE_TESTING
28,B023,Rajasthan,Jaipur,5266.531,5346.531,80,WAS/RLAN,synthetic_not_verified,synthetic_observation,0,SYNTHETIC_FOR_PIPELINE_TESTING
29,B010,Telangana,Hyderabad,2537.86,2617.86,80,IMT candidate,synthetic_not_verified,synthetic_observation,0,SYNTHETIC_FOR_PIPELINE_TESTING
30,B007,West Bengal,Kolkata,1851.775,1891.775,40,IMT candidate,synthetic_not_verified,synthetic_observation,0,SYNTHETIC_FOR_PIPELINE_TESTING
31,B012,Karnataka,Bengaluru,3418.264,3438.264,20,IMT candidate,synthetic_not_verified,synthetic_observation,0,SYNTHETIC_FOR_PIPELINE_TESTING
32,B018,Gujarat,Ahmedabad,39523.752,39533.752,10,IMT candidate,synthetic_not_verified,synthetic_observation,1,SYNTHETIC_FOR_PIPELINE_TESTING
33,B020,Telangana,Hyderabad,69338.353,69348.353,10,IMT candidate,synthetic_not_verified,synthetic_observation,0,SYNTHETIC_FOR_PIPELINE_TESTING
34,B018,Telangana,Hyderabad,39014.959,39034.959,20,IMT candidate,synthetic_not_verified,synthetic_observation,0,SYNTHETIC_FOR_PIPELINE_TESTING
35,B001,Tamil Nadu,Chennai,511.287,521.287,10,IMT candidate,synthetic_not_verified,synthetic_observation,0,SYNTHETIC_FOR_PIPELINE_TESTING
36,B003,Rajasthan,Jaipur,748.388,749.388,1,IMT candidate,synthetic_not_verified,synthetic_observation,1,SYNTHETIC_FOR_PIPELINE_TESTING
37,B014,Rajasthan,Jaipur,3623.351,3643.351,20,IMT candidate,synthetic_not_verified,synthetic_observation,0,SYNTHETIC_FOR_PIPELINE_TESTING
38,B010,Delhi,New Delhi,2561.277,2566.277,5,IMT candidate,synthetic_not_verified,synthetic_observation,0,SYNTHETIC_FOR_PIPELINE_TESTING
39,B008,Tamil Nadu,Chennai,2146.715,2156.715,10,IMT candidate,synthetic_not_verified,synthetic_observation,1,SYNTHETIC_FOR_PIPELINE_TESTING
40,B012,Tamil Nadu,Chennai,3442.198,3482.198,40,IMT candidate,synthetic_not_verified,synthetic_observation,0,SYNTHETIC_FOR_PIPELINE_TESTING
41,B017,Gujarat,Ahmedabad,27225.033,27235.033,10,IMT candidate,synthetic_not_verified,synthetic_observation,0,SYNTHETIC_FOR_PIPELINE_TESTING
42,B019,Delhi,New Delhi,43089.609,43090.609,1,IMT candidate,synthetic_not_verified,synthetic_observation,0,SYNTHETIC_FOR_PIPELINE_TESTING
43,B003,Telangana,Hyderabad,678.762,679.762,1,IMT candidate,synthetic_not_verified,synthetic_observation,0,SYNTHETIC_FOR_PIPELINE_TESTING
44,B018,Tamil Nadu,Chennai,39681.42,39701.42,20,IMT candidate,synthetic_not_verified,synthetic_observation,0,SYNTHETIC_FOR_PIPELINE_TESTING
45,B020,Karnataka,Bengaluru,69022.914,69102.914,80,IMT candidate,synthetic_not_verified,synthetic_observation,1,SYNTHETIC_FOR_PIPELINE_TESTING
46,B001,West Bengal,Kolkata,556.84,576.84,20,IMT candidate,synthetic_not_verified,synthetic_observation,0,SYNTHETIC_FOR_PIPELINE_TESTING
47,B011,Rajasthan,Jaipur,3321.019,3361.019,40,IMT candidate,synthetic_not_verified,synthetic_observation,1,SYNTHETIC_FOR_PIPELINE_TESTING
48,B015,Maharashtra,Mumbai,6731.992,6741.992,10,IMT candidate,synthetic_not_verified,synthetic_observation,0,SYNTHETIC_FOR_PIPELINE_TESTING
49,B020,Tamil Nadu,Chennai,67639.32,67719.32,80,IMT candidate,synthetic_not_verified,synthetic_observation,0,SYNTHETIC_FOR_PIPELINE_TESTING
50,B018,West Bengal,Kolkata,38585.796,38590.796,5,IMT candidate,synthetic_not_verified,synthetic_observation,0,SYNTHETIC_FOR_PIPELINE_TESTING
51,B006,Rajasthan,Jaipur,1431.901,1511.901,80,IMT candidate,synthetic_not_verified,synthetic_observation,0,SYNTHETIC_FOR_PIPELINE_TESTING
52,B005,Maharashtra,Mumbai,945.726,955.726,10,IMT candidate,synthetic_not_verified,synthetic_observation,1,SYNTHETIC_FOR_PIPELINE_TESTING
53,B019,Maharashtra,Mumbai,43059.04,43060.04,1,IMT candidate,synthetic_not_verified,synthetic_observation,0,SYNTHETIC_FOR_PIPELINE_TESTING
54,B018,Rajasthan,Jaipur,38492.749,38572.749,80,IMT candidate,synthetic_not_verified,synthetic_observation,0,SYNTHETIC_FOR_PIPELINE_TESTING
55,B015,Karnataka,Bengaluru,6618.794,6658.794,40,IMT candidate,synthetic_not_verified,synthetic_observation,1,SYNTHETIC_FOR_PIPELINE_TESTING
56,B023,Gujarat,Ahmedabad,5295.228,5300.228,5,WAS/RLAN,synthetic_not_verified,synthetic_observation,0,SYNTHETIC_FOR_PIPELINE_TESTING
57,B004,Gujarat,Ahmedabad,901.714,941.714,40,IMT candidate,synthetic_not_verified,synthetic_observation,0,SYNTHETIC_FOR_PIPELINE_TESTING
58,B011,Telangana,Hyderabad,3384.018,3394.018,10,IMT candidate,synthetic_not_verified,synthetic_observation,1,SYNTHETIC_FOR_PIPELINE_TESTING
59,B013,Karnataka,Bengaluru,3543.295,3563.295,20,IMT candidate,synthetic_not_verified,synthetic_observation,0,SYNTHETIC_FOR_PIPELINE_TESTING
60,B024,Tamil Nadu,Chennai,5548.663,5628.663,80,WAS/RLAN,synthetic_not_verified,synthetic_observation,0,SYNTHETIC_FOR_PIPELINE_TESTING
61,B002,Gujarat,Ahmedabad,585.0,610.0,40,IMT candidate,synthetic_not_verified,synthetic_observation,0,SYNTHETIC_FOR_PIPELINE_TESTING
62,B004,Gujarat,Ahmedabad,891.257,931.257,40,IMT candidate,synthetic_not_verified,synthetic_observation,1,SYNTHETIC_FOR_PIPELINE_TESTING
63,B007,Rajasthan,Jaipur,1825.566,1830.566,5,IMT candidate,synthetic_not_verified,synthetic_observation,0,SYNTHETIC_FOR_PIPELINE_TESTING
64,B019,Delhi,New Delhi,42689.456,42694.456,5,IMT candidate,synthetic_not_verified,synthetic_observation,0,SYNTHETIC_FOR_PIPELINE_TESTING
65,B007,West Bengal,Kolkata,1874.47,1875.47,1,IMT candidate,synthetic_not_verified,synthetic_observation,1,SYNTHETIC_FOR_PIPELINE_TESTING
66,B003,Gujarat,Ahmedabad,701.316,721.316,20,IMT candidate,synthetic_not_verified,synthetic_observation,0,SYNTHETIC_FOR_PIPELINE_TESTING
67,B014,Rajasthan,Jaipur,3619.868,3620.868,1,IMT candidate,synthetic_not_verified,synthetic_observation,1,SYNTHETIC_FOR_PIPELINE_TESTING
68,B013,Karnataka,Bengaluru,3513.507,3523.507,10,IMT candidate,synthetic_not_verified,synthetic_observation,0,SYNTHETIC_FOR_PIPELINE_TESTING
69,B018,Delhi,New Delhi,39796.502,39797.502,1,IMT candidate,synthetic_not_verified,synthetic_observation,0,SYNTHETIC_FOR_PIPELINE_TESTING
70,B002,Karnataka,Bengaluru,585.0,610.0,80,IMT candidate,synthetic_not_verified,synthetic_observation,1,SYNTHETIC_FOR_PIPELINE_TESTING
71,B002,Telangana,Hyderabad,593.046,598.046,5,IMT candidate,synthetic_not_verified,synthetic_observation,0,SYNTHETIC_FOR_PIPELINE_TESTING
72,B008,Delhi,New Delhi,2121.253,2126.253,5,IMT candidate,synthetic_not_verified,synthetic_observation,1,SYNTHETIC_FOR_PIPELINE_TESTING
73,B001,Rajasthan,Jaipur,514.199,554.199,40,IMT candidate,synthetic_not_verified,synthetic_observation,0,SYNTHETIC_FOR_PIPELINE_TESTING
74,B001,Rajasthan,Jaipur,512.985,522.985,10,IMT candidate,synthetic_not_verified,synthetic_observation,0,SYNTHETIC_FOR_PIPELINE_TESTING
75,B013,Tamil Nadu,Chennai,3527.601,3532.601,5,IMT candidate,synthetic_not_verified,synthetic_observation,1,SYNTHETIC_FOR_PIPELINE_TESTING
76,B020,Karnataka,Bengaluru,70490.492,70530.492,40,IMT candidate,synthetic_not_verified,synthetic_observation,1,SYNTHETIC_FOR_PIPELINE_TESTING
77,B011,Rajasthan,Jaipur,3319.377,3339.377,20,IMT candidate,synthetic_not_verified,synthetic_observation,1,SYNTHETIC_FOR_PIPELINE_TESTING
78,B001,Telangana,Hyderabad,555.027,560.027,5,IMT candidate,synthetic_not_verified,synthetic_observation,0,SYNTHETIC_FOR_PIPELINE_TESTING
79,B014,Gujarat,Ahmedabad,3607.454,3627.454,20,IMT candidate,synthetic_not_verified,synthetic_observation,0,SYNTHETIC_FOR_PIPELINE_TESTING
80,B021,Telangana,Hyderabad,2402.434,2482.434,80,Low Power / RLAN,synthetic_not_verified,synthetic_observation,0,SYNTHETIC_FOR_PIPELINE_TESTING
81,B004,Delhi,New Delhi,900.855,910.855,10,IMT candidate,synthetic_not_verified,synthetic_observation,0,SYNTHETIC_FOR_PIPELINE_TESTING
82,B006,Gujarat,Ahmedabad,1506.683,1516.683,10,IMT candidate,synthetic_not_verified,synthetic_observation,0,SYNTHETIC_FOR_PIPELINE_TESTING
83,B011,Gujarat,Ahmedabad,3356.804,3361.804,5,IMT candidate,synthetic_not_verified,synthetic_observation,0,SYNTHETIC_FOR_PIPELINE_TESTING
84,B015,Gujarat,Ahmedabad,6703.009,6708.009,5,IMT candidate,synthetic_not_verified,synthetic_observation,0,SYNTHETIC_FOR_PIPELINE_TESTING
85,B013,West Bengal,Kolkata,3543.239,3548.239,5,IMT candidate,synthetic_not_verified,synthetic_observation,0,SYNTHETIC_FOR_PIPELINE_TESTING
86,B011,Maharashtra,Mumbai,3375.292,3376.292,1,IMT candidate,synthetic_not_verified,synthetic_observation,0,SYNTHETIC_FOR_PIPELINE_TESTING
87,B012,West Bengal,Kolkata,3456.333,3496.333,40,IMT candidate,synthetic_not_verified,synthetic_observation,0,SYNTHETIC_FOR_PIPELINE_TESTING
88,B002,Delhi,New Delhi,598.206,603.206,5,IMT candidate,synthetic_not_verified,synthetic_observation,1,SYNTHETIC_FOR_PIPELINE_TESTING
89,B022,Rajasthan,Jaipur,5201.818,5211.818,10,WAS/RLAN,synthetic_not_verified,synthetic_observation,0,SYNTHETIC_FOR_PIPELINE_TESTING
90,B005,Rajasthan,Jaipur,942.0,960.0,80,IMT candidate,synthetic_not_verified,synthetic_observation,1,SYNTHETIC_FOR_PIPELINE_TESTING
91,B003,Delhi,New Delhi,825.429,845.429,20,IMT candidate,synthetic_not_verified,synthetic_observation,0,SYNTHETIC_FOR_PIPELINE_TESTING
92,B008,West Bengal,Kolkata,2178.114,2198.114,20,IMT candidate,synthetic_not_verified,synthetic_observation,1,SYNTHETIC_FOR_PIPELINE_TESTING
93,B012,Maharashtra,Mumbai,3444.68,3449.68,5,IMT candidate,synthetic_not_verified,synthetic_observation,0,SYNTHETIC_FOR_PIPELINE_TESTING
94,B013,Karnataka,Bengaluru,3527.933,3528.933,1,IMT candidate,synthetic_not_verified,synthetic_observation,0,SYNTHETIC_FOR_PIPELINE_TESTING
95,B015,Telangana,Hyderabad,6839.185,6844.185,5,IMT candidate,synthetic_not_verified,synthetic_observation,0,SYNTHETIC_FOR_PIPELINE_TESTING
96,B005,Telangana,Hyderabad,942.0,960.0,40,IMT candidate,synthetic_not_verified,synthetic_observation,0,SYNTHETIC_FOR_PIPELINE_TESTING
97,B017,Maharashtra,Mumbai,24454.211,24459.211,5,IMT candidate,synthetic_not_verified,synthetic_observation,0,SYNTHETIC_FOR_PIPELINE_TESTING
98,B004,Karnataka,Bengaluru,890.521,895.521,5,IMT candidate,synthetic_not_verified,synthetic_observation,1,SYNTHETIC_FOR_PIPELINE_TESTING
99,B011,Telangana,Hyderabad,3362.725,3367.725,5,IMT candidate,synthetic_not_verified,synthetic_observation,0,SYNTHETIC_FOR_PIPELINE_TESTING
100,B012,Tamil Nadu,Chennai,3479.675,3480.675,1,IMT candidate,synthetic_not_verified,synthetic_observation,0,SYNTHETIC_FOR_PIPELINE_TESTING
101,B013,Tamil Nadu,Chennai,3502.048,3503.048,1,IMT candidate,synthetic_not_verified,synthetic_observation,0,SYNTHETIC_FOR_PIPELINE_TESTING
102,B017,West Bengal,Kolkata,25504.024,25524.024,20,IMT candidate,synthetic_not_verified,synthetic_observation,0,SYNTHETIC_FOR_PIPELINE_TESTING
103,B013,Telangana,Hyderabad,3500.65,3505.65,5,IMT candidate,synthetic_not_verified,synthetic_observation,0,SYNTHETIC_FOR_PIPELINE_TESTING
104,B021,Maharashtra,Mumbai,2427.064,2437.064,10,Low Power / RLAN,synthetic_not_verified,synthetic_observation,1,SYNTHETIC_FOR_PIPELINE_TESTING
105,B017,Telangana,Hyderabad,25044.541,25045.541,1,IMT candidate,synthetic_not_verified,synthetic_observation,0,SYNTHETIC_FOR_PIPELINE_TESTING
106,B004,Karnataka,Bengaluru,915.439,920.439,5,IMT candidate,synthetic_not_verified,synthetic_observation,0,SYNTHETIC_FOR_PIPELINE_TESTING
107,B012,Maharashtra,Mumbai,3411.363,3491.363,80,IMT candidate,synthetic_not_verified,synthetic_observation,0,SYNTHETIC_FOR_PIPELINE_TESTING
108,B024,Tamil Nadu,Chennai,5651.208,5656.208,5,WAS/RLAN,synthetic_not_verified,synthetic_observation,0,SYNTHETIC_FOR_PIPELINE_TESTING
109,B022,Karnataka,Bengaluru,5207.44,5247.44,40,WAS/RLAN,synthetic_not_verified,synthetic_observation,1,SYNTHETIC_FOR_PIPELINE_TESTING
110,B024,Telangana,Hyderabad,5678.518,5683.518,5,WAS/RLAN,synthetic_not_verified,synthetic_observation,1,SYNTHETIC_FOR_PIPELINE_TESTING
111,B020,Gujarat,Ahmedabad,67990.796,68070.796,80,IMT candidate,synthetic_not_verified,synthetic_observation,0,SYNTHETIC_FOR_PIPELINE_TESTING
112,B015,Karnataka,Bengaluru,6609.117,6610.117,1,IMT candidate,synthetic_not_verified,synthetic_observation,0,SYNTHETIC_FOR_PIPELINE_TESTING
113,B021,Telangana,Hyderabad,2457.853,2458.853,1,Low Power / RLAN,synthetic_not_verified,synthetic_observation,0,SYNTHETIC_FOR_PIPELINE_TESTING
114,B004,West Bengal,Kolkata,890.0,942.0,80,IMT candidate,synthetic_not_verified,synthetic_observation,1,SYNTHETIC_FOR_PIPELINE_TESTING
115,B020,West Bengal,Kolkata,66000.392,66005.392,5,IMT candidate,synthetic_not_verified,synthetic_observation,1,SYNTHETIC_FOR_PIPELINE_TESTING
116,B023,Telangana,Hyderabad,5326.189,5346.189,20,WAS/RLAN,synthetic_not_verified,synthetic_observation,0,SYNTHETIC_FOR_PIPELINE_TESTING
117,B021,Rajasthan,Jaipur,2437.016,2457.016,20,Low Power / RLAN,synthetic_not_verified,synthetic_observation,0,SYNTHETIC_FOR_PIPELINE_TESTING
118,B011,Tamil Nadu,Chennai,3381.482,3391.482,10,IMT candidate,synthetic_not_verified,synthetic_observation,0,SYNTHETIC_FOR_PIPELINE_TESTING
119,B010,West Bengal,Kolkata,2568.614,2648.614,80,IMT candidate,synthetic_not_verified,synthetic_observation,1,SYNTHETIC_FOR_PIPELINE_TESTING
120,B014,Delhi,New Delhi,3654.29,3664.29,10,IMT candidate,synthetic_not_verified,synthetic_observation,1,SYNTHETIC_FOR_PIPELINE_TESTING
121,B015,Gujarat,Ahmedabad,6611.25,6621.25,10,IMT candidate,synthetic_not_verified,synthetic_observation,0,SYNTHETIC_FOR_PIPELINE_TESTING
122,B013,West Bengal,Kolkata,3525.157,3526.157,1,IMT candidate,synthetic_not_verified,synthetic_observation,0,SYNTHETIC_FOR_PIPELINE_TESTING
123,B009,Tamil Nadu,Chennai,2372.499,2373.499,1,IMT candidate,synthetic_not_verified,synthetic_observation,0,SYNTHETIC_FOR_PIPELINE_TESTING
124,B017,Gujarat,Ahmedabad,24645.334,24685.334,40,IMT candidate,synthetic_not_verified,synthetic_observation,0,SYNTHETIC_FOR_PIPELINE_TESTING
125,B019,West Bengal,Kolkata,43229.386,43309.386,80,IMT candidate,synthetic_not_verified,synthetic_observation,1,SYNTHETIC_FOR_PIPELINE_TESTING
126,B006,Delhi,New Delhi,1455.256,1475.256,20,IMT candidate,synthetic_not_verified,synthetic_observation,0,SYNTHETIC_FOR_PIPELINE_TESTING
127,B011,Tamil Nadu,Chennai,3357.652,3362.652,5,IMT candidate,synthetic_not_verified,synthetic_observation,1,SYNTHETIC_FOR_PIPELINE_TESTING
128,B018,Gujarat,Ahmedabad,37187.487,37267.487,80,IMT candidate,synthetic_not_verified,synthetic_observation,0,SYNTHETIC_FOR_PIPELINE_TESTING
129,B010,Karnataka,Bengaluru,2631.495,2651.495,20,IMT candidate,synthetic_not_verified,synthetic_observation,0,SYNTHETIC_FOR_PIPELINE_TESTING
130,B013,West Bengal,Kolkata,3528.43,3538.43,10,IMT candidate,synthetic_not_verified,synthetic_observation,0,SYNTHETIC_FOR_PIPELINE_TESTING
131,B013,West Bengal,Kolkata,3559.368,3564.368,5,IMT candidate,synthetic_not_verified,synthetic_observation,0,SYNTHETIC_FOR_PIPELINE_TESTING
132,B002,Rajasthan,Jaipur,585.0,610.0,40,IMT candidate,synthetic_not_verified,synthetic_observation,1,SYNTHETIC_FOR_PIPELINE_TESTING
133,B010,Rajasthan,Jaipur,2578.477,2598.477,20,IMT candidate,synthetic_not_verified,synthetic_observation,1,SYNTHETIC_FOR_PIPELINE_TESTING
134,B023,Karnataka,Bengaluru,5322.939,5323.939,1,WAS/RLAN,synthetic_not_verified,synthetic_observation,0,SYNTHETIC_FOR_PIPELINE_TESTING
135,B019,Maharashtra,Mumbai,43098.07,43118.07,20,IMT candidate,synthetic_not_verified,synthetic_observation,1,SYNTHETIC_FOR_PIPELINE_TESTING
136,B021,Delhi,New Delhi,2433.412,2473.412,40,Low Power / RLAN,synthetic_not_verified,synthetic_observation,1,SYNTHETIC_FOR_PIPELINE_TESTING
137,B013,Maharashtra,Mumbai,3507.364,3587.364,80,IMT candidate,synthetic_not_verified,synthetic_observation,0,SYNTHETIC_FOR_PIPELINE_TESTING
138,B007,Gujarat,Ahmedabad,1724.496,1744.496,20,IMT candidate,synthetic_not_verified,synthetic_observation,1,SYNTHETIC_FOR_PIPELINE_TESTING
139,B025,Delhi,New Delhi,5858.858,5863.858,5,WAS/RLAN,synthetic_not_verified,synthetic_observation,1,SYNTHETIC_FOR_PIPELINE_TESTING
140,B018,Delhi,New Delhi,37563.459,37603.459,40,IMT candidate,synthetic_not_verified,synthetic_observation,1,SYNTHETIC_FOR_PIPELINE_TESTING
141,B015,Rajasthan,Jaipur,6730.131,6731.131,1,IMT candidate,synthetic_not_verified,synthetic_observation,0,SYNTHETIC_FOR_PIPELINE_TESTING
142,B018,Gujarat,Ahmedabad,39158.738,39238.738,80,IMT candidate,synthetic_not_verified,synthetic_observation,1,SYNTHETIC_FOR_PIPELINE_TESTING
143,B022,Telangana,Hyderabad,5181.823,5186.823,5,WAS/RLAN,synthetic_not_verified,synthetic_observation,0,SYNTHETIC_FOR_PIPELINE_TESTING
144,B021,Gujarat,Ahmedabad,2442.92,2482.92,40,Low Power / RLAN,synthetic_not_verified,synthetic_observation,1,SYNTHETIC_FOR_PIPELINE_TESTING
145,B025,Telangana,Hyderabad,5833.638,5834.638,1,WAS/RLAN,synthetic_not_verified,synthetic_observation,1,SYNTHETIC_FOR_PIPELINE_TESTING
146,B021,Gujarat,Ahmedabad,2470.593,2480.593,10,Low Power / RLAN,synthetic_not_verified,synthetic_observation,0,SYNTHETIC_FOR_PIPELINE_TESTING
147,B015,Tamil Nadu,Chennai,7012.17,7017.17,5,IMT candidate,synthetic_not_verified,synthetic_observation,0,SYNTHETIC_FOR_PIPELINE_TESTING
148,B001,Gujarat,Ahmedabad,542.416,582.416,40,IMT candidate,synthetic_not_verified,synthetic_observation,1,SYNTHETIC_FOR_PIPELINE_TESTING
149,B008,Telangana,Hyderabad,2172.796,2177.796,5,IMT candidate,synthetic_not_verified,synthetic_observation,0,SYNTHETIC_FOR_PIPELINE_TESTING
150,B013,Delhi,New Delhi,3519.248,3599.248,80,IMT candidate,synthetic_not_verified,synthetic_observation,0,SYNTHETIC_FOR_PIPELINE_TESTING
151,B020,West Bengal,Kolkata,66339.893,66419.893,80,IMT candidate,synthetic_not_verified,synthetic_observation,1,SYNTHETIC_FOR_PIPELINE_TESTING
152,B012,Gujarat,Ahmedabad,3443.792,3453.792,10,IMT candidate,synthetic_not_verified,synthetic_observation,1,SYNTHETIC_FOR_PIPELINE_TESTING
153,B008,West Bengal,Kolkata,2167.836,2177.836,10,IMT candidate,synthetic_not_verified,synthetic_observation,0,SYNTHETIC_FOR_PIPELINE_TESTING
154,B013,Tamil Nadu,Chennai,3523.725,3533.725,10,IMT candidate,synthetic_not_verified,synthetic_observation,0,SYNTHETIC_FOR_PIPELINE_TESTING
155,B015,Rajasthan,Jaipur,6507.439,6512.439,5,IMT candidate,synthetic_not_verified,synthetic_observation,0,SYNTHETIC_FOR_PIPELINE_TESTING
156,B023,Karnataka,Bengaluru,5325.724,5345.724,20,WAS/RLAN,synthetic_not_verified,synthetic_observation,0,SYNTHETIC_FOR_PIPELINE_TESTING
157,B025,Gujarat,Ahmedabad,5762.818,5767.818,5,WAS/RLAN,synthetic_not_verified,synthetic_observation,1,SYNTHETIC_FOR_PIPELINE_TESTING
158,B002,Tamil Nadu,Chennai,587.648,597.648,10,IMT candidate,synthetic_not_verified,synthetic_observation,0,SYNTHETIC_FOR_PIPELINE_TESTING
159,B009,Delhi,New Delhi,2316.801,2356.801,40,IMT candidate,synthetic_not_verified,synthetic_observation,0,SYNTHETIC_FOR_PIPELINE_TESTING
160,B004,Tamil Nadu,Chennai,934.478,939.478,5,IMT candidate,synthetic_not_verified,synthetic_observation,0,SYNTHETIC_FOR_PIPELINE_TESTING
161,B012,West Bengal,Kolkata,3488.304,3493.304,5,IMT candidate,synthetic_not_verified,synthetic_observation,0,SYNTHETIC_FOR_PIPELINE_TESTING
162,B022,Telangana,Hyderabad,5221.421,5241.421,20,WAS/RLAN,synthetic_not_verified,synthetic_observation,0,SYNTHETIC_FOR_PIPELINE_TESTING
163,B003,West Bengal,Kolkata,764.925,784.925,20,IMT candidate,synthetic_not_verified,synthetic_observation,0,SYNTHETIC_FOR_PIPELINE_TESTING
164,B006,Rajasthan,Jaipur,1427.629,1507.629,80,IMT candidate,synthetic_not_verified,synthetic_observation,0,SYNTHETIC_FOR_PIPELINE_TESTING
165,B005,Telangana,Hyderabad,942.0,960.0,20,IMT candidate,synthetic_not_verified,synthetic_observation,1,SYNTHETIC_FOR_PIPELINE_TESTING
166,B008,Telangana,Hyderabad,2114.704,2124.704,10,IMT candidate,synthetic_not_verified,synthetic_observation,0,SYNTHETIC_FOR_PIPELINE_TESTING
167,B008,Karnataka,Bengaluru,2171.712,2191.712,20,IMT candidate,synthetic_not_verified,synthetic_observation,0,SYNTHETIC_FOR_PIPELINE_TESTING
168,B021,Rajasthan,Jaipur,2457.394,2462.394,5,Low Power / RLAN,synthetic_not_verified,synthetic_observation,0,SYNTHETIC_FOR_PIPELINE_TESTING
169,B020,Maharashtra,Mumbai,67651.664,67731.664,80,IMT candidate,synthetic_not_verified,synthetic_observation,0,SYNTHETIC_FOR_PIPELINE_TESTING
170,B008,Maharashtra,Mumbai,2126.54,2166.54,40,IMT candidate,synthetic_not_verified,synthetic_observation,1,SYNTHETIC_FOR_PIPELINE_TESTING
171,B018,West Bengal,Kolkata,37274.265,37294.265,20,IMT candidate,synthetic_not_verified,synthetic_observation,0,SYNTHETIC_FOR_PIPELINE_TESTING
172,B008,Rajasthan,Jaipur,2138.664,2178.664,40,IMT candidate,synthetic_not_verified,synthetic_observation,0,SYNTHETIC_FOR_PIPELINE_TESTING
173,B013,Telangana,Hyderabad,3509.447,3514.447,5,IMT candidate,synthetic_not_verified,synthetic_observation,0,SYNTHETIC_FOR_PIPELINE_TESTING
174,B002,West Bengal,Kolkata,594.496,604.496,10,IMT candidate,synthetic_not_verified,synthetic_observation,0,SYNTHETIC_FOR_PIPELINE_TESTING
175,B024,Delhi,New Delhi,5615.669,5695.669,80,WAS/RLAN,synthetic_not_verified,synthetic_observation,0,SYNTHETIC_FOR_PIPELINE_TESTING
176,B006,Delhi,New Delhi,1435.92,1515.92,80,IMT candidate,synthetic_not_verified,synthetic_observation,0,SYNTHETIC_FOR_PIPELINE_TESTING
177,B024,Tamil Nadu,Chennai,5590.065,5595.065,5,WAS/RLAN,synthetic_not_verified,synthetic_observation,0,SYNTHETIC_FOR_PIPELINE_TESTING
178,B002,Maharashtra,Mumbai,585.0,610.0,40,IMT candidate,synthetic_not_verified,synthetic_observation,1,SYNTHETIC_FOR_PIPELINE_TESTING
179,B024,Karnataka,Bengaluru,5663.655,5668.655,5,WAS/RLAN,synthetic_not_verified,synthetic_observation,0,SYNTHETIC_FOR_PIPELINE_TESTING
180,B022,Tamil Nadu,Chennai,5198.867,5208.867,10,WAS/RLAN,synthetic_not_verified,synthetic_observation,0,SYNTHETIC_FOR_PIPELINE_TESTING
181,B009,Gujarat,Ahmedabad,2352.852,2372.852,20,IMT candidate,synthetic_not_verified,synthetic_observation,1,SYNTHETIC_FOR_PIPELINE_TESTING
182,B022,West Bengal,Kolkata,5161.612,5166.612,5,WAS/RLAN,synthetic_not_verified,synthetic_observation,1,SYNTHETIC_FOR_PIPELINE_TESTING
183,B023,West Bengal,Kolkata,5305.574,5310.574,5,WAS/RLAN,synthetic_not_verified,synthetic_observation,0,SYNTHETIC_FOR_PIPELINE_TESTING
184,B020,Karnataka,Bengaluru,69137.149,69147.149,10,IMT candidate,synthetic_not_verified,synthetic_observation,0,SYNTHETIC_FOR_PIPELINE_TESTING
185,B002,Tamil Nadu,Chennai,585.0,610.0,80,IMT candidate,synthetic_not_verified,synthetic_observation,0,SYNTHETIC_FOR_PIPELINE_TESTING
186,B006,Delhi,New Delhi,1472.675,1473.675,1,IMT candidate,synthetic_not_verified,synthetic_observation,0,SYNTHETIC_FOR_PIPELINE_TESTING
187,B017,Karnataka,Bengaluru,25936.024,25941.024,5,IMT candidate,synthetic_not_verified,synthetic_observation,0,SYNTHETIC_FOR_PIPELINE_TESTING
188,B010,Karnataka,Bengaluru,2584.293,2594.293,10,IMT candidate,synthetic_not_verified,synthetic_observation,0,SYNTHETIC_FOR_PIPELINE_TESTING
189,B016,Maharashtra,Mumbai,7112.551,7117.551,5,IMT candidate,synthetic_not_verified,synthetic_observation,0,SYNTHETIC_FOR_PIPELINE_TESTING
190,B007,Tamil Nadu,Chennai,1820.007,1860.007,40,IMT candidate,synthetic_not_verified,synthetic_observation,0,SYNTHETIC_FOR_PIPELINE_TESTING
191,B024,Maharashtra,Mumbai,5485.073,5490.073,5,WAS/RLAN,synthetic_not_verified,synthetic_observation,0,SYNTHETIC_FOR_PIPELINE_TESTING
192,B010,Karnataka,Bengaluru,2582.024,2592.024,10,IMT candidate,synthetic_not_verified,synthetic_observation,1,SYNTHETIC_FOR_PIPELINE_TESTING
193,B013,Tamil Nadu,Chennai,3560.231,3570.231,10,IMT candidate,synthetic_not_verified,synthetic_observation,0,SYNTHETIC_FOR_PIPELINE_TESTING
194,B003,West Bengal,Kolkata,822.29,823.29,1,IMT candidate,synthetic_not_verified,synthetic_observation,0,SYNTHETIC_FOR_PIPELINE_TESTING
195,B016,Maharashtra,Mumbai,7079.684,7089.684,10,IMT candidate,synthetic_not_verified,synthetic_observation,0,SYNTHETIC_FOR_PIPELINE_TESTING
196,B022,West Bengal,Kolkata,5207.721,5247.721,40,WAS/RLAN,synthetic_not_verified,synthetic_observation,1,SYNTHETIC_FOR_PIPELINE_TESTING
197,B007,Karnataka,Bengaluru,1813.481,1893.481,80,IMT candidate,synthetic_not_verified,synthetic_observation,0,SYNTHETIC_FOR_PIPELINE_TESTING
198,B020,Rajasthan,Jaipur,67140.728,67180.728,40,IMT candidate,synthetic_not_verified,synthetic_observation,0,SYNTHETIC_FOR_PIPELINE_TESTING
199,B012,Maharashtra,Mumbai,3423.9,3463.9,40,IMT candidate,synthetic_not_verified,synthetic_observation,0,SYNTHETIC_FOR_PIPELINE_TESTING
200,B010,Delhi,New Delhi,2515.39,2520.39,5,IMT candidate,synthetic_not_verified,synthetic_observation,1,SYNTHETIC_FOR_PIPELINE_TESTING
201,B005,Gujarat,Ahmedabad,956.977,957.977,1,IMT candidate,synthetic_not_verified,synthetic_observation,0,SYNTHETIC_FOR_PIPELINE_TESTING
202,B025,Rajasthan,Jaipur,5840.1,5850.1,10,WAS/RLAN,synthetic_not_verified,synthetic_observation,1,SYNTHETIC_FOR_PIPELINE_TESTING
203,B003,Telangana,Hyderabad,638.274,658.274,20,IMT candidate,synthetic_not_verified,synthetic_observation,1,SYNTHETIC_FOR_PIPELINE_TESTING
204,B013,Delhi,New Delhi,3520.083,3530.083,10,IMT candidate,synthetic_not_verified,synthetic_observation,0,SYNTHETIC_FOR_PIPELINE_TESTING
205,B009,Telangana,Hyderabad,2389.216,2390.216,1,IMT candidate,synthetic_not_verified,synthetic_observation,1,SYNTHETIC_FOR_PIPELINE_TESTING
206,B005,Gujarat,Ahmedabad,948.781,953.781,5,IMT candidate,synthetic_not_verified,synthetic_observation,1,SYNTHETIC_FOR_PIPELINE_TESTING
207,B022,Karnataka,Bengaluru,5229.374,5239.374,10,WAS/RLAN,synthetic_not_verified,synthetic_observation,0,SYNTHETIC_FOR_PIPELINE_TESTING
208,B003,Delhi,New Delhi,764.258,804.258,40,IMT candidate,synthetic_not_verified,synthetic_observation,0,SYNTHETIC_FOR_PIPELINE_TESTING
209,B018,Delhi,New Delhi,37156.984,37236.984,80,IMT candidate,synthetic_not_verified,synthetic_observation,1,SYNTHETIC_FOR_PIPELINE_TESTING
210,B023,Maharashtra,Mumbai,5316.049,5336.049,20,WAS/RLAN,synthetic_not_verified,synthetic_observation,0,SYNTHETIC_FOR_PIPELINE_TESTING
211,B003,West Bengal,Kolkata,633.355,673.355,40,IMT candidate,synthetic_not_verified,synthetic_observation,0,SYNTHETIC_FOR_PIPELINE_TESTING
212,B021,Rajasthan,Jaipur,2437.719,2447.719,10,Low Power / RLAN,synthetic_not_verified,synthetic_observation,0,SYNTHETIC_FOR_PIPELINE_TESTING
213,B013,Maharashtra,Mumbai,3548.979,3549.979,1,IMT candidate,synthetic_not_verified,synthetic_observation,0,SYNTHETIC_FOR_PIPELINE_TESTING
214,B013,Gujarat,Ahmedabad,3583.21,3593.21,10,IMT candidate,synthetic_not_verified,synthetic_observation,0,SYNTHETIC_FOR_PIPELINE_TESTING
215,B019,Rajasthan,Jaipur,43428.28,43448.28,20,IMT candidate,synthetic_not_verified,synthetic_observation,1,SYNTHETIC_FOR_PIPELINE_TESTING
216,B014,Telangana,Hyderabad,3600.0,3670.0,80,IMT candidate,synthetic_not_verified,synthetic_observation,0,SYNTHETIC_FOR_PIPELINE_TESTING
217,B019,West Bengal,Kolkata,42610.969,42690.969,80,IMT candidate,synthetic_not_verified,synthetic_observation,0,SYNTHETIC_FOR_PIPELINE_TESTING
218,B004,Gujarat,Ahmedabad,894.026,914.026,20,IMT candidate,synthetic_not_verified,synthetic_observation,0,SYNTHETIC_FOR_PIPELINE_TESTING
219,B020,Maharashtra,Mumbai,68127.986,68137.986,10,IMT candidate,synthetic_not_verified,synthetic_observation,0,SYNTHETIC_FOR_PIPELINE_TESTING
220,B012,Rajasthan,Jaipur,3407.342,3487.342,80,IMT candidate,synthetic_not_verified,synthetic_observation,0,SYNTHETIC_FOR_PIPELINE_TESTING
221,B004,Telangana,Hyderabad,911.302,931.302,20,IMT candidate,synthetic_not_verified,synthetic_observation,0,SYNTHETIC_FOR_PIPELINE_TESTING
222,B006,Gujarat,Ahmedabad,1454.738,1455.738,1,IMT candidate,synthetic_not_verified,synthetic_observation,0,SYNTHETIC_FOR_PIPELINE_TESTING
223,B018,Karnataka,Bengaluru,38613.0,38693.0,80,IMT candidate,synthetic_not_verified,synthetic_observation,0,SYNTHETIC_FOR_PIPELINE_TESTING
224,B004,Delhi,New Delhi,890.0,942.0,80,IMT candidate,synthetic_not_verified,synthetic_observation,0,SYNTHETIC_FOR_PIPELINE_TESTING
225,B002,Karnataka,Bengaluru,603.578,604.578,1,IMT candidate,synthetic_not_verified,synthetic_observation,1,SYNTHETIC_FOR_PIPELINE_TESTING
226,B004,Delhi,New Delhi,898.989,899.989,1,IMT candidate,synthetic_not_verified,synthetic_observation,0,SYNTHETIC_FOR_PIPELINE_TESTING
227,B017,Maharashtra,Mumbai,25634.619,25674.619,40,IMT candidate,synthetic_not_verified,synthetic_observation,0,SYNTHETIC_FOR_PIPELINE_TESTING
228,B002,West Bengal,Kolkata,587.236,588.236,1,IMT candidate,synthetic_not_verified,synthetic_observation,0,SYNTHETIC_FOR_PIPELINE_TESTING
229,B005,Rajasthan,Jaipur,942.0,960.0,80,IMT candidate,synthetic_not_verified,synthetic_observation,1,SYNTHETIC_FOR_PIPELINE_TESTING
230,B020,West Bengal,Kolkata,70980.417,70981.417,1,IMT candidate,synthetic_not_verified,synthetic_observation,0,SYNTHETIC_FOR_PIPELINE_TESTING
231,B001,Karnataka,Bengaluru,476.264,481.264,5,IMT candidate,synthetic_not_verified,synthetic_observation,0,SYNTHETIC_FOR_PIPELINE_TESTING
232,B019,Maharashtra,Mumbai,43122.427,43123.427,1,IMT candidate,synthetic_not_verified,synthetic_observation,0,SYNTHETIC_FOR_PIPELINE_TESTING
233,B015,Maharashtra,Mumbai,6829.682,6834.682,5,IMT candidate,synthetic_not_verified,synthetic_observation,0,SYNTHETIC_FOR_PIPELINE_TESTING
234,B017,Telangana,Hyderabad,26980.308,27020.308,40,IMT candidate,synthetic_not_verified,synthetic_observation,0,SYNTHETIC_FOR_PIPELINE_TESTING
235,B006,Tamil Nadu,Chennai,1442.74,1443.74,1,IMT candidate,synthetic_not_verified,synthetic_observation,1,SYNTHETIC_FOR_PIPELINE_TESTING
236,B016,Telangana,Hyderabad,7033.874,7113.874,80,IMT candidate,synthetic_not_verified,synthetic_observation,1,SYNTHETIC_FOR_PIPELINE_TESTING
237,B015,Telangana,Hyderabad,6474.595,6479.595,5,IMT candidate,synthetic_not_verified,synthetic_observation,0,SYNTHETIC_FOR_PIPELINE_TESTING
238,B001,Rajasthan,Jaipur,473.977,553.977,80,IMT candidate,synthetic_not_verified,synthetic_observation,1,SYNTHETIC_FOR_PIPELINE_TESTING
239,B023,Maharashtra,Mumbai,5267.788,5287.788,20,WAS/RLAN,synthetic_not_verified,synthetic_observation,0,SYNTHETIC_FOR_PIPELINE_TESTING
240,B019,Maharashtra,Mumbai,42624.403,42644.403,20,IMT candidate,synthetic_not_verified,synthetic_observation,1,SYNTHETIC_FOR_PIPELINE_TESTING
241,B010,Maharashtra,Mumbai,2524.852,2564.852,40,IMT candidate,synthetic_not_verified,synthetic_observation,0,SYNTHETIC_FOR_PIPELINE_TESTING
242,B012,Tamil Nadu,Chennai,3437.391,3447.391,10,IMT candidate,synthetic_not_verified,synthetic_observation,1,SYNTHETIC_FOR_PIPELINE_TESTING
243,B002,Tamil Nadu,Chennai,607.586,608.586,1,IMT candidate,synthetic_not_verified,synthetic_observation,1,SYNTHETIC_FOR_PIPELINE_TESTING
244,B014,Tamil Nadu,Chennai,3631.284,3641.284,10,IMT candidate,synthetic_not_verified,synthetic_observation,0,SYNTHETIC_FOR_PIPELINE_TESTING
245,B009,Rajasthan,Jaipur,2313.37,2333.37,20,IMT candidate,synthetic_not_verified,synthetic_observation,1,SYNTHETIC_FOR_PIPELINE_TESTING
246,B019,Karnataka,Bengaluru,43052.11,43092.11,40,IMT candidate,synthetic_not_verified,synthetic_observation,1,SYNTHETIC_FOR_PIPELINE_TESTING
247,B003,Rajasthan,Jaipur,860.254,861.254,1,IMT candidate,synthetic_not_verified,synthetic_observation,0,SYNTHETIC_FOR_PIPELINE_TESTING
248,B022,Karnataka,Bengaluru,5186.575,5226.575,40,WAS/RLAN,synthetic_not_verified,synthetic_observation,1,SYNTHETIC_FOR_PIPELINE_TESTING
249,B007,Rajasthan,Jaipur,1716.524,1736.524,20,IMT candidate,synthetic_not_verified,synthetic_observation,1,SYNTHETIC_FOR_PIPELINE_TESTING
250,B011,Karnataka,Bengaluru,3308.47,3318.47,10,IMT candidate,synthetic_not_verified,synthetic_observation,0,SYNTHETIC_FOR_PIPELINE_TESTING
251,B004,Karnataka,Bengaluru,898.57,938.57,40,IMT candidate,synthetic_not_verified,synthetic_observation,0,SYNTHETIC_FOR_PIPELINE_TESTING
252,B014,Delhi,New Delhi,3611.288,3612.288,1,IMT candidate,synthetic_not_verified,synthetic_observation,1,SYNTHETIC_FOR_PIPELINE_TESTING
253,B009,Tamil Nadu,Chennai,2372.88,2373.88,1,IMT candidate,synthetic_not_verified,synthetic_observation,0,SYNTHETIC_FOR_PIPELINE_TESTING
254,B005,Maharashtra,Mumbai,942.0,960.0,40,IMT candidate,synthetic_not_verified,synthetic_observation,0,SYNTHETIC_FOR_PIPELINE_TESTING
255,B002,Tamil Nadu,Chennai,585.0,610.0,80,IMT candidate,synthetic_not_verified,synthetic_observation,0,SYNTHETIC_FOR_PIPELINE_TESTING
256,B010,Tamil Nadu,Chennai,2653.386,2673.386,20,IMT candidate,synthetic_not_verified,synthetic_observation,1,SYNTHETIC_FOR_PIPELINE_TESTING
257,B014,Delhi,New Delhi,3610.131,3620.131,10,IMT candidate,synthetic_not_verified,synthetic_observation,0,SYNTHETIC_FOR_PIPELINE_TESTING
258,B013,Rajasthan,Jaipur,3577.871,3578.871,1,IMT candidate,synthetic_not_verified,synthetic_observation,0,SYNTHETIC_FOR_PIPELINE_TESTING
259,B017,Delhi,New Delhi,25557.708,25637.708,80,IMT candidate,synthetic_not_verified,synthetic_observation,0,SYNTHETIC_FOR_PIPELINE_TESTING
260,B004,Tamil Nadu,Chennai,898.841,938.841,40,IMT candidate,synthetic_not_verified,synthetic_observation,0,SYNTHETIC_FOR_PIPELINE_TESTING
261,B024,Tamil Nadu,Chennai,5575.754,5585.754,10,WAS/RLAN,synthetic_not_verified,synthetic_observation,0,SYNTHETIC_FOR_PIPELINE_TESTING
262,B011,Tamil Nadu,Chennai,3312.517,3392.517,80,IMT candidate,synthetic_not_verified,synthetic_observation,1,SYNTHETIC_FOR_PIPELINE_TESTING
263,B017,Maharashtra,Mumbai,27223.294,27228.294,5,IMT candidate,synthetic_not_verified,synthetic_observation,0,SYNTHETIC_FOR_PIPELINE_TESTING
264,B012,Karnataka,Bengaluru,3409.622,3419.622,10,IMT candidate,synthetic_not_verified,synthetic_observation,0,SYNTHETIC_FOR_PIPELINE_TESTING
265,B021,Rajasthan,Jaipur,2411.756,2421.756,10,Low Power / RLAN,synthetic_not_verified,synthetic_observation,0,SYNTHETIC_FOR_PIPELINE_TESTING
266,B003,Delhi,New Delhi,707.098,747.098,40,IMT candidate,synthetic_not_verified,synthetic_observation,0,SYNTHETIC_FOR_PIPELINE_TESTING
267,B005,West Bengal,Kolkata,942.0,960.0,80,IMT candidate,synthetic_not_verified,synthetic_observation,0,SYNTHETIC_FOR_PIPELINE_TESTING
268,B022,Telangana,Hyderabad,5170.644,5171.644,1,WAS/RLAN,synthetic_not_verified,synthetic_observation,0,SYNTHETIC_FOR_PIPELINE_TESTING
269,B011,Rajasthan,Jaipur,3359.857,3364.857,5,IMT candidate,synthetic_not_verified,synthetic_observation,0,SYNTHETIC_FOR_PIPELINE_TESTING
270,B001,Gujarat,Ahmedabad,549.94,554.94,5,IMT candidate,synthetic_not_verified,synthetic_observation,0,SYNTHETIC_FOR_PIPELINE_TESTING
271,B002,Tamil Nadu,Chennai,595.883,605.883,10,IMT candidate,synthetic_not_verified,synthetic_observation,0,SYNTHETIC_FOR_PIPELINE_TESTING
272,B011,Karnataka,Bengaluru,3363.767,3383.767,20,IMT candidate,synthetic_not_verified,synthetic_observation,0,SYNTHETIC_FOR_PIPELINE_TESTING
273,B024,Gujarat,Ahmedabad,5497.663,5498.663,1,WAS/RLAN,synthetic_not_verified,synthetic_observation,0,SYNTHETIC_FOR_PIPELINE_TESTING
274,B022,Maharashtra,Mumbai,5214.168,5219.168,5,WAS/RLAN,synthetic_not_verified,synthetic_observation,0,SYNTHETIC_FOR_PIPELINE_TESTING
275,B004,Gujarat,Ahmedabad,890.0,942.0,80,IMT candidate,synthetic_not_verified,synthetic_observation,1,SYNTHETIC_FOR_PIPELINE_TESTING
276,B019,Gujarat,Ahmedabad,43466.595,43471.595,5,IMT candidate,synthetic_not_verified,synthetic_observation,0,SYNTHETIC_FOR_PIPELINE_TESTING
277,B025,Rajasthan,Jaipur,5834.111,5839.111,5,WAS/RLAN,synthetic_not_verified,synthetic_observation,0,SYNTHETIC_FOR_PIPELINE_TESTING
278,B016,Karnataka,Bengaluru,7030.993,7040.993,10,IMT candidate,synthetic_not_verified,synthetic_observation,1,SYNTHETIC_FOR_PIPELINE_TESTING
279,B014,Tamil Nadu,Chennai,3655.315,3665.315,10,IMT candidate,synthetic_not_verified,synthetic_observation,0,SYNTHETIC_FOR_PIPELINE_TESTING
280,B016,Karnataka,Bengaluru,7101.968,7111.968,10,IMT candidate,synthetic_not_verified,synthetic_observation,1,SYNTHETIC_FOR_PIPELINE_TESTING
281,B024,Telangana,Hyderabad,5618.112,5698.112,80,WAS/RLAN,synthetic_not_verified,synthetic_observation,1,SYNTHETIC_FOR_PIPELINE_TESTING
282,B013,Tamil Nadu,Chennai,3573.145,3583.145,10,IMT candidate,synthetic_not_verified,synthetic_observation,0,SYNTHETIC_FOR_PIPELINE_TESTING
283,B003,Telangana,Hyderabad,653.034,693.034,40,IMT candidate,synthetic_not_verified,synthetic_observation,0,SYNTHETIC_FOR_PIPELINE_TESTING
284,B022,Rajasthan,Jaipur,5204.989,5224.989,20,WAS/RLAN,synthetic_not_verified,synthetic_observation,1,SYNTHETIC_FOR_PIPELINE_TESTING
285,B012,Maharashtra,Mumbai,3453.709,3463.709,10,IMT candidate,synthetic_not_verified,synthetic_observation,1,SYNTHETIC_FOR_PIPELINE_TESTING
286,B007,Delhi,New Delhi,1912.225,1913.225,1,IMT candidate,synthetic_not_verified,synthetic_observation,0,SYNTHETIC_FOR_PIPELINE_TESTING
287,B019,West Bengal,Kolkata,43169.412,43174.412,5,IMT candidate,synthetic_not_verified,synthetic_observation,0,SYNTHETIC_FOR_PIPELINE_TESTING
288,B015,Delhi,New Delhi,6873.374,6874.374,1,IMT candidate,synthetic_not_verified,synthetic_observation,0,SYNTHETIC_FOR_PIPELINE_TESTING
289,B004,Karnataka,Bengaluru,901.103,941.103,40,IMT candidate,synthetic_not_verified,synthetic_observation,0,SYNTHETIC_FOR_PIPELINE_TESTING
290,B017,Gujarat,Ahmedabad,25364.264,25374.264,10,IMT candidate,synthetic_not_verified,synthetic_observation,0,SYNTHETIC_FOR_PIPELINE_TESTING
291,B010,Maharashtra,Mumbai,2512.561,2513.561,1,IMT candidate,synthetic_not_verified,synthetic_observation,1,SYNTHETIC_FOR_PIPELINE_TESTING
292,B020,Karnataka,Bengaluru,70297.795,70337.795,40,IMT candidate,synthetic_not_verified,synthetic_observation,1,SYNTHETIC_FOR_PIPELINE_TESTING
293,B014,Rajasthan,Jaipur,3626.446,3666.446,40,IMT candidate,synthetic_not_verified,synthetic_observation,0,SYNTHETIC_FOR_PIPELINE_TESTING
294,B001,Maharashtra,Mumbai,532.382,552.382,20,IMT candidate,synthetic_not_verified,synthetic_observation,0,SYNTHETIC_FOR_PIPELINE_TESTING
295,B025,Karnataka,Bengaluru,5827.721,5832.721,5,WAS/RLAN,synthetic_not_verified,synthetic_observation,1,SYNTHETIC_FOR_PIPELINE_TESTING
296,B009,Karnataka,Bengaluru,2391.429,2396.429,5,IMT candidate,synthetic_not_verified,synthetic_observation,0,SYNTHETIC_FOR_PIPELINE_TESTING
297,B009,Karnataka,Bengaluru,2371.195,2372.195,1,IMT candidate,synthetic_not_verified,synthetic_observation,0,SYNTHETIC_FOR_PIPELINE_TESTING
298,B004,Tamil Nadu,Chennai,890.0,942.0,80,IMT candidate,synthetic_not_verified,synthetic_observation,0,SYNTHETIC_FOR_PIPELINE_TESTING
299,B020,Delhi,New Delhi,70069.702,70079.702,10,IMT candidate,synthetic_not_verified,synthetic_observation,1,SYNTHETIC_FOR_PIPELINE_TESTING
300,B025,Delhi,New Delhi,5753.382,5754.382,1,WAS/RLAN,synthetic_not_verified,synthetic_observation,0,SYNTHETIC_FOR_PIPELINE_TESTING
301,B018,Karnataka,Bengaluru,39473.793,39478.793,5,IMT candidate,synthetic_not_verified,synthetic_observation,0,SYNTHETIC_FOR_PIPELINE_TESTING
302,B004,Rajasthan,Jaipur,890.0,942.0,80,IMT candidate,synthetic_not_verified,synthetic_observation,0,SYNTHETIC_FOR_PIPELINE_TESTING
303,B017,West Bengal,Kolkata,24699.215,24719.215,20,IMT candidate,synthetic_not_verified,synthetic_observation,1,SYNTHETIC_FOR_PIPELINE_TESTING
304,B003,Tamil Nadu,Chennai,628.064,638.064,10,IMT candidate,synthetic_not_verified,synthetic_observation,1,SYNTHETIC_FOR_PIPELINE_TESTING
305,B005,Karnataka,Bengaluru,958.574,959.574,1,IMT candidate,synthetic_not_verified,synthetic_observation,1,SYNTHETIC_FOR_PIPELINE_TESTING
306,B010,Tamil Nadu,Chennai,2677.996,2687.996,10,IMT candidate,synthetic_not_verified,synthetic_observation,1,SYNTHETIC_FOR_PIPELINE_TESTING
307,B020,Rajasthan,Jaipur,68371.705,68381.705,10,IMT candidate,synthetic_not_verified,synthetic_observation,0,SYNTHETIC_FOR_PIPELINE_TESTING
308,B015,Maharashtra,Mumbai,6647.246,6657.246,10,IMT candidate,synthetic_not_verified,synthetic_observation,0,SYNTHETIC_FOR_PIPELINE_TESTING
309,B006,Telangana,Hyderabad,1435.341,1515.341,80,IMT candidate,synthetic_not_verified,synthetic_observation,0,SYNTHETIC_FOR_PIPELINE_TESTING
310,B017,Karnataka,Bengaluru,24855.781,24856.781,1,IMT candidate,synthetic_not_verified,synthetic_observation,1,SYNTHETIC_FOR_PIPELINE_TESTING
311,B009,Delhi,New Delhi,2392.373,2397.373,5,IMT candidate,synthetic_not_verified,synthetic_observation,0,SYNTHETIC_FOR_PIPELINE_TESTING
312,B006,Tamil Nadu,Chennai,1495.487,1500.487,5,IMT candidate,synthetic_not_verified,synthetic_observation,0,SYNTHETIC_FOR_PIPELINE_TESTING
313,B015,Delhi,New Delhi,6634.768,6644.768,10,IMT candidate,synthetic_not_verified,synthetic_observation,1,SYNTHETIC_FOR_PIPELINE_TESTING
314,B013,Tamil Nadu,Chennai,3568.695,3588.695,20,IMT candidate,synthetic_not_verified,synthetic_observation,0,SYNTHETIC_FOR_PIPELINE_TESTING
315,B012,Delhi,New Delhi,3409.06,3489.06,80,IMT candidate,synthetic_not_verified,synthetic_observation,1,SYNTHETIC_FOR_PIPELINE_TESTING
316,B022,Gujarat,Ahmedabad,5193.749,5233.749,40,WAS/RLAN,synthetic_not_verified,synthetic_observation,1,SYNTHETIC_FOR_PIPELINE_TESTING
317,B015,West Bengal,Kolkata,6956.085,6961.085,5,IMT candidate,synthetic_not_verified,synthetic_observation,1,SYNTHETIC_FOR_PIPELINE_TESTING
318,B015,Telangana,Hyderabad,6776.172,6816.172,40,IMT candidate,synthetic_not_verified,synthetic_observation,0,SYNTHETIC_FOR_PIPELINE_TESTING
319,B001,Maharashtra,Mumbai,544.071,584.071,40,IMT candidate,synthetic_not_verified,synthetic_observation,0,SYNTHETIC_FOR_PIPELINE_TESTING
320,B015,West Bengal,Kolkata,6644.121,6664.121,20,IMT candidate,synthetic_not_verified,synthetic_observation,0,SYNTHETIC_FOR_PIPELINE_TESTING
321,B003,Karnataka,Bengaluru,713.047,793.047,80,IMT candidate,synthetic_not_verified,synthetic_observation,1,SYNTHETIC_FOR_PIPELINE_TESTING
322,B007,Rajasthan,Jaipur,1925.882,1926.882,1,IMT candidate,synthetic_not_verified,synthetic_observation,0,SYNTHETIC_FOR_PIPELINE_TESTING
323,B018,Telangana,Hyderabad,37634.245,37674.245,40,IMT candidate,synthetic_not_verified,synthetic_observation,1,SYNTHETIC_FOR_PIPELINE_TESTING
324,B009,Maharashtra,Mumbai,2374.701,2379.701,5,IMT candidate,synthetic_not_verified,synthetic_observation,0,SYNTHETIC_FOR_PIPELINE_TESTING
325,B009,Karnataka,Bengaluru,2357.16,2397.16,40,IMT candidate,synthetic_not_verified,synthetic_observation,1,SYNTHETIC_FOR_PIPELINE_TESTING
326,B020,Telangana,Hyderabad,67385.528,67395.528,10,IMT candidate,synthetic_not_verified,synthetic_observation,0,SYNTHETIC_FOR_PIPELINE_TESTING
327,B005,Delhi,New Delhi,942.0,960.0,80,IMT candidate,synthetic_not_verified,synthetic_observation,1,SYNTHETIC_FOR_PIPELINE_TESTING
328,B013,Telangana,Hyderabad,3551.108,3591.108,40,IMT candidate,synthetic_not_verified,synthetic_observation,0,SYNTHETIC_FOR_PIPELINE_TESTING
329,B021,Karnataka,Bengaluru,2451.631,2452.631,1,Low Power / RLAN,synthetic_not_verified,synthetic_observation,0,SYNTHETIC_FOR_PIPELINE_TESTING
330,B011,Karnataka,Bengaluru,3313.258,3318.258,5,IMT candidate,synthetic_not_verified,synthetic_observation,0,SYNTHETIC_FOR_PIPELINE_TESTING
331,B012,Tamil Nadu,Chennai,3406.271,3486.271,80,IMT candidate,synthetic_not_verified,synthetic_observation,0,SYNTHETIC_FOR_PIPELINE_TESTING
332,B005,Karnataka,Bengaluru,942.854,947.854,5,IMT candidate,synthetic_not_verified,synthetic_observation,0,SYNTHETIC_FOR_PIPELINE_TESTING
333,B002,Gujarat,Ahmedabad,585.0,610.0,80,IMT candidate,synthetic_not_verified,synthetic_observation,0,SYNTHETIC_FOR_PIPELINE_TESTING
334,B024,West Bengal,Kolkata,5536.434,5556.434,20,WAS/RLAN,synthetic_not_verified,synthetic_observation,0,SYNTHETIC_FOR_PIPELINE_TESTING
335,B012,Maharashtra,Mumbai,3480.23,3481.23,1,IMT candidate,synthetic_not_verified,synthetic_observation,1,SYNTHETIC_FOR_PIPELINE_TESTING
336,B018,Karnataka,Bengaluru,38987.973,39007.973,20,IMT candidate,synthetic_not_verified,synthetic_observation,0,SYNTHETIC_FOR_PIPELINE_TESTING
337,B001,Delhi,New Delhi,519.803,529.803,10,IMT candidate,synthetic_not_verified,synthetic_observation,0,SYNTHETIC_FOR_PIPELINE_TESTING
338,B009,West Bengal,Kolkata,2312.007,2392.007,80,IMT candidate,synthetic_not_verified,synthetic_observation,0,SYNTHETIC_FOR_PIPELINE_TESTING
339,B013,Rajasthan,Jaipur,3540.994,3560.994,20,IMT candidate,synthetic_not_verified,synthetic_observation,0,SYNTHETIC_FOR_PIPELINE_TESTING
340,B006,Delhi,New Delhi,1449.928,1459.928,10,IMT candidate,synthetic_not_verified,synthetic_observation,0,SYNTHETIC_FOR_PIPELINE_TESTING
341,B010,Telangana,Hyderabad,2664.972,2684.972,20,IMT candidate,synthetic_not_verified,synthetic_observation,0,SYNTHETIC_FOR_PIPELINE_TESTING
342,B016,Tamil Nadu,Chennai,7113.814,7114.814,1,IMT candidate,synthetic_not_verified,synthetic_observation,0,SYNTHETIC_FOR_PIPELINE_TESTING
343,B018,Delhi,New Delhi,37640.135,37641.135,1,IMT candidate,synthetic_not_verified,synthetic_observation,0,SYNTHETIC_FOR_PIPELINE_TESTING
344,B007,Karnataka,Bengaluru,1983.673,2003.673,20,IMT candidate,synthetic_not_verified,synthetic_observation,0,SYNTHETIC_FOR_PIPELINE_TESTING
345,B008,Telangana,Hyderabad,2151.846,2156.846,5,IMT candidate,synthetic_not_verified,synthetic_observation,0,SYNTHETIC_FOR_PIPELINE_TESTING
346,B023,Delhi,New Delhi,5266.418,5346.418,80,WAS/RLAN,synthetic_not_verified,synthetic_observation,0,SYNTHETIC_FOR_PIPELINE_TESTING
347,B012,West Bengal,Kolkata,3408.37,3488.37,80,IMT candidate,synthetic_not_verified,synthetic_observation,0,SYNTHETIC_FOR_PIPELINE_TESTING
348,B010,Gujarat,Ahmedabad,2561.908,2562.908,1,IMT candidate,synthetic_not_verified,synthetic_observation,0,SYNTHETIC_FOR_PIPELINE_TESTING
349,B002,Telangana,Hyderabad,588.611,598.611,10,IMT candidate,synthetic_not_verified,synthetic_observation,0,SYNTHETIC_FOR_PIPELINE_TESTING
350,B011,West Bengal,Kolkata,3358.67,3363.67,5,IMT candidate,synthetic_not_verified,synthetic_observation,0,SYNTHETIC_FOR_PIPELINE_TESTING
351,B008,Rajasthan,Jaipur,2164.867,2174.867,10,IMT candidate,synthetic_not_verified,synthetic_observation,1,SYNTHETIC_FOR_PIPELINE_TESTING
352,B011,Telangana,Hyderabad,3374.723,3394.723,20,IMT candidate,synthetic_not_verified,synthetic_observation,0,SYNTHETIC_FOR_PIPELINE_TESTING
353,B018,Karnataka,Bengaluru,39201.268,39206.268,5,IMT candidate,synthetic_not_verified,synthetic_observation,1,SYNTHETIC_FOR_PIPELINE_TESTING
354,B008,Delhi,New Delhi,2115.502,2195.502,80,IMT candidate,synthetic_not_verified,synthetic_observation,0,SYNTHETIC_FOR_PIPELINE_TESTING
355,B001,Tamil Nadu,Chennai,553.447,558.447,5,IMT candidate,synthetic_not_verified,synthetic_observation,0,SYNTHETIC_FOR_PIPELINE_TESTING
356,B009,Delhi,New Delhi,2379.922,2380.922,1,IMT candidate,synthetic_not_verified,synthetic_observation,1,SYNTHETIC_FOR_PIPELINE_TESTING
357,B020,Karnataka,Bengaluru,66140.107,66180.107,40,IMT candidate,synthetic_not_verified,synthetic_observation,1,SYNTHETIC_FOR_PIPELINE_TESTING
358,B003,Gujarat,Ahmedabad,689.864,729.864,40,IMT candidate,synthetic_not_verified,synthetic_observation,0,SYNTHETIC_FOR_PIPELINE_TESTING
359,B021,Delhi,New Delhi,2428.984,2448.984,20,Low Power / RLAN,synthetic_not_verified,synthetic_observation,0,SYNTHETIC_FOR_PIPELINE_TESTING
360,B017,Karnataka,Bengaluru,27346.775,27347.775,1,IMT candidate,synthetic_not_verified,synthetic_observation,1,SYNTHETIC_FOR_PIPELINE_TESTING
361,B020,Karnataka,Bengaluru,70621.78,70661.78,40,IMT candidate,synthetic_not_verified,synthetic_observation,0,SYNTHETIC_FOR_PIPELINE_TESTING
362,B025,Delhi,New Delhi,5760.226,5765.226,5,WAS/RLAN,synthetic_not_verified,synthetic_observation,0,SYNTHETIC_FOR_PIPELINE_TESTING
363,B008,Karnataka,Bengaluru,2158.327,2178.327,20,IMT candidate,synthetic_not_verified,synthetic_observation,0,SYNTHETIC_FOR_PIPELINE_TESTING
364,B011,West Bengal,Kolkata,3369.332,3374.332,5,IMT candidate,synthetic_not_verified,synthetic_observation,0,SYNTHETIC_FOR_PIPELINE_TESTING
365,B009,Rajasthan,Jaipur,2330.892,2350.892,20,IMT candidate,synthetic_not_verified,synthetic_observation,1,SYNTHETIC_FOR_PIPELINE_TESTING
366,B001,Telangana,Hyderabad,477.563,478.563,1,IMT candidate,synthetic_not_verified,synthetic_observation,1,SYNTHETIC_FOR_PIPELINE_TESTING
367,B014,Tamil Nadu,Chennai,3608.316,3628.316,20,IMT candidate,synthetic_not_verified,synthetic_observation,1,SYNTHETIC_FOR_PIPELINE_TESTING
368,B019,Gujarat,Ahmedabad,43218.605,43238.605,20,IMT candidate,synthetic_not_verified,synthetic_observation,0,SYNTHETIC_FOR_PIPELINE_TESTING
369,B018,Telangana,Hyderabad,39194.496,39234.496,40,IMT candidate,synthetic_not_verified,synthetic_observation,0,SYNTHETIC_FOR_PIPELINE_TESTING
370,B005,Maharashtra,Mumbai,948.437,953.437,5,IMT candidate,synthetic_not_verified,synthetic_observation,0,SYNTHETIC_FOR_PIPELINE_TESTING
371,B005,Rajasthan,Jaipur,949.284,959.284,10,IMT candidate,synthetic_not_verified,synthetic_observation,0,SYNTHETIC_FOR_PIPELINE_TESTING
372,B019,Tamil Nadu,Chennai,43475.877,43480.877,5,IMT candidate,synthetic_not_verified,synthetic_observation,1,SYNTHETIC_FOR_PIPELINE_TESTING
373,B003,Tamil Nadu,Chennai,742.269,747.269,5,IMT candidate,synthetic_not_verified,synthetic_observation,0,SYNTHETIC_FOR_PIPELINE_TESTING
374,B012,Delhi,New Delhi,3441.685,3481.685,40,IMT candidate,synthetic_not_verified,synthetic_observation,0,SYNTHETIC_FOR_PIPELINE_TESTING
375,B004,Delhi,New Delhi,909.951,914.951,5,IMT candidate,synthetic_not_verified,synthetic_observation,0,SYNTHETIC_FOR_PIPELINE_TESTING
376,B016,West Bengal,Kolkata,7095.148,7115.148,20,IMT candidate,synthetic_not_verified,synthetic_observation,1,SYNTHETIC_FOR_PIPELINE_TESTING
377,B015,Tamil Nadu,Chennai,6643.83,6653.83,10,IMT candidate,synthetic_not_verified,synthetic_observation,0,SYNTHETIC_FOR_PIPELINE_TESTING
378,B013,Delhi,New Delhi,3530.028,3570.028,40,IMT candidate,synthetic_not_verified,synthetic_observation,0,SYNTHETIC_FOR_PIPELINE_TESTING
379,B004,Maharashtra,Mumbai,918.118,919.118,1,IMT candidate,synthetic_not_verified,synthetic_observation,0,SYNTHETIC_FOR_PIPELINE_TESTING
380,B001,Maharashtra,Mumbai,513.843,533.843,20,IMT candidate,synthetic_not_verified,synthetic_observation,0,SYNTHETIC_FOR_PIPELINE_TESTING
381,B017,West Bengal,Kolkata,25213.449,25293.449,80,IMT candidate,synthetic_not_verified,synthetic_observation,1,SYNTHETIC_FOR_PIPELINE_TESTING
382,B009,West Bengal,Kolkata,2376.144,2377.144,1,IMT candidate,synthetic_not_verified,synthetic_observation,0,SYNTHETIC_FOR_PIPELINE_TESTING
383,B022,Maharashtra,Mumbai,5150.159,5230.159,80,WAS/RLAN,synthetic_not_verified,synthetic_observation,0,SYNTHETIC_FOR_PIPELINE_TESTING
384,B003,Rajasthan,Jaipur,690.383,730.383,40,IMT candidate,synthetic_not_verified,synthetic_observation,0,SYNTHETIC_FOR_PIPELINE_TESTING
385,B019,Delhi,New Delhi,42769.606,42770.606,1,IMT candidate,synthetic_not_verified,synthetic_observation,1,SYNTHETIC_FOR_PIPELINE_TESTING
386,B016,Telangana,Hyderabad,7030.928,7110.928,80,IMT candidate,synthetic_not_verified,synthetic_observation,0,SYNTHETIC_FOR_PIPELINE_TESTING
387,B017,Karnataka,Bengaluru,25895.46,25935.46,40,IMT candidate,synthetic_not_verified,synthetic_observation,1,SYNTHETIC_FOR_PIPELINE_TESTING
388,B008,Delhi,New Delhi,2138.945,2139.945,1,IMT candidate,synthetic_not_verified,synthetic_observation,0,SYNTHETIC_FOR_PIPELINE_TESTING
389,B006,Delhi,New Delhi,1435.387,1515.387,80,IMT candidate,synthetic_not_verified,synthetic_observation,0,SYNTHETIC_FOR_PIPELINE_TESTING
390,B001,Telangana,Hyderabad,553.534,563.534,10,IMT candidate,synthetic_not_verified,synthetic_observation,0,SYNTHETIC_FOR_PIPELINE_TESTING
391,B008,Gujarat,Ahmedabad,2130.966,2140.966,10,IMT candidate,synthetic_not_verified,synthetic_observation,0,SYNTHETIC_FOR_PIPELINE_TESTING
392,B024,Karnataka,Bengaluru,5531.872,5536.872,5,WAS/RLAN,synthetic_not_verified,synthetic_observation,0,SYNTHETIC_FOR_PIPELINE_TESTING
393,B022,Karnataka,Bengaluru,5157.318,5237.318,80,WAS/RLAN,synthetic_not_verified,synthetic_observation,1,SYNTHETIC_FOR_PIPELINE_TESTING
394,B011,Rajasthan,Jaipur,3330.558,3370.558,40,IMT candidate,synthetic_not_verified,synthetic_observation,0,SYNTHETIC_FOR_PIPELINE_TESTING
395,B013,Karnataka,Bengaluru,3586.631,3591.631,5,IMT candidate,synthetic_not_verified,synthetic_observation,0,SYNTHETIC_FOR_PIPELINE_TESTING
396,B023,Tamil Nadu,Chennai,5306.385,5307.385,1,WAS/RLAN,synthetic_not_verified,synthetic_observation,1,SYNTHETIC_FOR_PIPELINE_TESTING
397,B010,Telangana,Hyderabad,2586.903,2596.903,10,IMT candidate,synthetic_not_verified,synthetic_observation,1,SYNTHETIC_FOR_PIPELINE_TESTING
398,B023,Telangana,Hyderabad,5254.601,5259.601,5,WAS/RLAN,synthetic_not_verified,synthetic_observation,0,SYNTHETIC_FOR_PIPELINE_TESTING
399,B023,Karnataka,Bengaluru,5259.246,5264.246,5,WAS/RLAN,synthetic_not_verified,synthetic_observation,0,SYNTHETIC_FOR_PIPELINE_TESTING
400,B004,Maharashtra,Mumbai,898.381,918.381,20,IMT candidate,synthetic_not_verified,synthetic_observation,0,SYNTHETIC_FOR_PIPELINE_TESTING
401,B007,Rajasthan,Jaipur,1929.971,1930.971,1,IMT candidate,synthetic_not_verified,synthetic_observation,0,SYNTHETIC_FOR_PIPELINE_TESTING
402,B001,Karnataka,Bengaluru,542.621,582.621,40,IMT candidate,synthetic_not_verified,synthetic_observation,1,SYNTHETIC_FOR_PIPELINE_TESTING
403,B023,Delhi,New Delhi,5271.22,5291.22,20,WAS/RLAN,synthetic_not_verified,synthetic_observation,0,SYNTHETIC_FOR_PIPELINE_TESTING
404,B001,Tamil Nadu,Chennai,492.487,572.487,80,IMT candidate,synthetic_not_verified,synthetic_observation,1,SYNTHETIC_FOR_PIPELINE_TESTING
405,B005,Maharashtra,Mumbai,942.0,960.0,20,IMT candidate,synthetic_not_verified,synthetic_observation,0,SYNTHETIC_FOR_PIPELINE_TESTING
406,B019,Maharashtra,Mumbai,43206.275,43207.275,1,IMT candidate,synthetic_not_verified,synthetic_observation,1,SYNTHETIC_FOR_PIPELINE_TESTING
407,B005,Delhi,New Delhi,951.156,952.156,1,IMT candidate,synthetic_not_verified,synthetic_observation,0,SYNTHETIC_FOR_PIPELINE_TESTING
408,B017,Rajasthan,Jaipur,26125.051,26205.051,80,IMT candidate,synthetic_not_verified,synthetic_observation,0,SYNTHETIC_FOR_PIPELINE_TESTING
409,B005,Tamil Nadu,Chennai,942.0,960.0,80,IMT candidate,synthetic_not_verified,synthetic_observation,0,SYNTHETIC_FOR_PIPELINE_TESTING
410,B002,Rajasthan,Jaipur,602.914,603.914,1,IMT candidate,synthetic_not_verified,synthetic_observation,0,SYNTHETIC_FOR_PIPELINE_TESTING
411,B025,Maharashtra,Mumbai,5814.552,5834.552,20,WAS/RLAN,synthetic_not_verified,synthetic_observation,1,SYNTHETIC_FOR_PIPELINE_TESTING
412,B020,Tamil Nadu,Chennai,70219.371,70224.371,5,IMT candidate,synthetic_not_verified,synthetic_observation,1,SYNTHETIC_FOR_PIPELINE_TESTING
413,B002,Tamil Nadu,Chennai,585.0,610.0,80,IMT candidate,synthetic_not_verified,synthetic_observation,0,SYNTHETIC_FOR_PIPELINE_TESTING
414,B009,Rajasthan,Jaipur,2359.736,2399.736,40,IMT candidate,synthetic_not_verified,synthetic_observation,0,SYNTHETIC_FOR_PIPELINE_TESTING
415,B017,Gujarat,Ahmedabad,25833.827,25873.827,40,IMT candidate,synthetic_not_verified,synthetic_observation,1,SYNTHETIC_FOR_PIPELINE_TESTING
416,B024,Tamil Nadu,Chennai,5568.497,5573.497,5,WAS/RLAN,synthetic_not_verified,synthetic_observation,0,SYNTHETIC_FOR_PIPELINE_TESTING
417,B016,Rajasthan,Jaipur,7059.445,7079.445,20,IMT candidate,synthetic_not_verified,synthetic_observation,0,SYNTHETIC_FOR_PIPELINE_TESTING
418,B008,Karnataka,Bengaluru,2194.4,2199.4,5,IMT candidate,synthetic_not_verified,synthetic_observation,1,SYNTHETIC_FOR_PIPELINE_TESTING
419,B019,Delhi,New Delhi,42680.778,42720.778,40,IMT candidate,synthetic_not_verified,synthetic_observation,0,SYNTHETIC_FOR_PIPELINE_TESTING
420,B008,Rajasthan,Jaipur,2160.399,2170.399,10,IMT candidate,synthetic_not_verified,synthetic_observation,1,SYNTHETIC_FOR_PIPELINE_TESTING
421,B014,Karnataka,Bengaluru,3610.4,3650.4,40,IMT candidate,synthetic_not_verified,synthetic_observation,0,SYNTHETIC_FOR_PIPELINE_TESTING
422,B023,Gujarat,Ahmedabad,5254.433,5274.433,20,WAS/RLAN,synthetic_not_verified,synthetic_observation,0,SYNTHETIC_FOR_PIPELINE_TESTING
423,B004,Karnataka,Bengaluru,890.0,942.0,80,IMT candidate,synthetic_not_verified,synthetic_observation,1,SYNTHETIC_FOR_PIPELINE_TESTING
424,B006,Maharashtra,Mumbai,1471.827,1472.827,1,IMT candidate,synthetic_not_verified,synthetic_observation,1,SYNTHETIC_FOR_PIPELINE_TESTING
425,B018,West Bengal,Kolkata,39674.442,39675.442,1,IMT candidate,synthetic_not_verified,synthetic_observation,0,SYNTHETIC_FOR_PIPELINE_TESTING
426,B008,Delhi,New Delhi,2129.992,2169.992,40,IMT candidate,synthetic_not_verified,synthetic_observation,0,SYNTHETIC_FOR_PIPELINE_TESTING
427,B014,Tamil Nadu,Chennai,3620.729,3660.729,40,IMT candidate,synthetic_not_verified,synthetic_observation,0,SYNTHETIC_FOR_PIPELINE_TESTING
428,B006,Rajasthan,Jaipur,1431.307,1511.307,80,IMT candidate,synthetic_not_verified,synthetic_observation,0,SYNTHETIC_FOR_PIPELINE_TESTING
429,B019,Maharashtra,Mumbai,43261.122,43271.122,10,IMT candidate,synthetic_not_verified,synthetic_observation,0,SYNTHETIC_FOR_PIPELINE_TESTING
430,B014,West Bengal,Kolkata,3615.797,3616.797,1,IMT candidate,synthetic_not_verified,synthetic_observation,0,SYNTHETIC_FOR_PIPELINE_TESTING
431,B002,Maharashtra,Mumbai,603.739,604.739,1,IMT candidate,synthetic_not_verified,synthetic_observation,0,SYNTHETIC_FOR_PIPELINE_TESTING
432,B003,Tamil Nadu,Chennai,867.242,872.242,5,IMT candidate,synthetic_not_verified,synthetic_observation,1,SYNTHETIC_FOR_PIPELINE_TESTING
433,B008,Tamil Nadu,Chennai,2184.311,2189.311,5,IMT candidate,synthetic_not_verified,synthetic_observation,1,SYNTHETIC_FOR_PIPELINE_TESTING
434,B024,Karnataka,Bengaluru,5574.331,5594.331,20,WAS/RLAN,synthetic_not_verified,synthetic_observation,1,SYNTHETIC_FOR_PIPELINE_TESTING
435,B024,West Bengal,Kolkata,5602.749,5612.749,10,WAS/RLAN,synthetic_not_verified,synthetic_observation,0,SYNTHETIC_FOR_PIPELINE_TESTING
436,B020,Rajasthan,Jaipur,70110.756,70111.756,1,IMT candidate,synthetic_not_verified,synthetic_observation,1,SYNTHETIC_FOR_PIPELINE_TESTING
437,B015,Maharashtra,Mumbai,6435.486,6440.486,5,IMT candidate,synthetic_not_verified,synthetic_observation,1,SYNTHETIC_FOR_PIPELINE_TESTING
438,B002,Karnataka,Bengaluru,603.343,608.343,5,IMT candidate,synthetic_not_verified,synthetic_observation,1,SYNTHETIC_FOR_PIPELINE_TESTING
439,B006,Tamil Nadu,Chennai,1474.119,1514.119,40,IMT candidate,synthetic_not_verified,synthetic_observation,0,SYNTHETIC_FOR_PIPELINE_TESTING
440,B025,Rajasthan,Jaipur,5767.409,5777.409,10,WAS/RLAN,synthetic_not_verified,synthetic_observation,0,SYNTHETIC_FOR_PIPELINE_TESTING
441,B008,Gujarat,Ahmedabad,2117.027,2127.027,10,IMT candidate,synthetic_not_verified,synthetic_observation,0,SYNTHETIC_FOR_PIPELINE_TESTING
442,B008,Tamil Nadu,Chennai,2122.941,2132.941,10,IMT candidate,synthetic_not_verified,synthetic_observation,0,SYNTHETIC_FOR_PIPELINE_TESTING
443,B001,Maharashtra,Mumbai,477.555,557.555,80,IMT candidate,synthetic_not_verified,synthetic_observation,0,SYNTHETIC_FOR_PIPELINE_TESTING
444,B019,Karnataka,Bengaluru,42939.709,42949.709,10,IMT candidate,synthetic_not_verified,synthetic_observation,1,SYNTHETIC_FOR_PIPELINE_TESTING
445,B016,Delhi,New Delhi,7072.966,7092.966,20,IMT candidate,synthetic_not_verified,synthetic_observation,1,SYNTHETIC_FOR_PIPELINE_TESTING
446,B006,West Bengal,Kolkata,1497.245,1502.245,5,IMT candidate,synthetic_not_verified,synthetic_observation,1,SYNTHETIC_FOR_PIPELINE_TESTING
447,B025,Maharashtra,Mumbai,5742.658,5747.658,5,WAS/RLAN,synthetic_not_verified,synthetic_observation,0,SYNTHETIC_FOR_PIPELINE_TESTING
448,B003,Delhi,New Delhi,781.08,801.08,20,IMT candidate,synthetic_not_verified,synthetic_observation,0,SYNTHETIC_FOR_PIPELINE_TESTING
449,B021,Gujarat,Ahmedabad,2428.666,2468.666,40,Low Power / RLAN,synthetic_not_verified,synthetic_observation,1,SYNTHETIC_FOR_PIPELINE_TESTING
450,B014,Gujarat,Ahmedabad,3614.05,3654.05,40,IMT candidate,synthetic_not_verified,synthetic_observation,0,SYNTHETIC_FOR_PIPELINE_TESTING
451,B012,Rajasthan,Jaipur,3489.038,3499.038,10,IMT candidate,synthetic_not_verified,synthetic_observation,1,SYNTHETIC_FOR_PIPELINE_TESTING
452,B003,West Bengal,Kolkata,647.922,657.922,10,IMT candidate,synthetic_not_verified,synthetic_observation,0,SYNTHETIC_FOR_PIPELINE_TESTING
453,B020,Delhi,New Delhi,69315.038,69325.038,10,IMT candidate,synthetic_not_verified,synthetic_observation,0,SYNTHETIC_FOR_PIPELINE_TESTING
454,B002,Rajasthan,Jaipur,589.134,609.134,20,IMT candidate,synthetic_not_verified,synthetic_observation,0,SYNTHETIC_FOR_PIPELINE_TESTING
455,B008,Tamil Nadu,Chennai,2114.422,2194.422,80,IMT candidate,synthetic_not_verified,synthetic_observation,1,SYNTHETIC_FOR_PIPELINE_TESTING
456,B021,Karnataka,Bengaluru,2401.281,2441.281,40,Low Power / RLAN,synthetic_not_verified,synthetic_observation,1,SYNTHETIC_FOR_PIPELINE_TESTING
457,B017,Telangana,Hyderabad,25444.972,25454.972,10,IMT candidate,synthetic_not_verified,synthetic_observation,0,SYNTHETIC_FOR_PIPELINE_TESTING
458,B024,Delhi,New Delhi,5525.681,5526.681,1,WAS/RLAN,synthetic_not_verified,synthetic_observation,0,SYNTHETIC_FOR_PIPELINE_TESTING
459,B019,Maharashtra,Mumbai,43023.901,43103.901,80,IMT candidate,synthetic_not_verified,synthetic_observation,0,SYNTHETIC_FOR_PIPELINE_TESTING
460,B018,Rajasthan,Jaipur,38491.958,38511.958,20,IMT candidate,synthetic_not_verified,synthetic_observation,0,SYNTHETIC_FOR_PIPELINE_TESTING
461,B009,Delhi,New Delhi,2367.032,2387.032,20,IMT candidate,synthetic_not_verified,synthetic_observation,1,SYNTHETIC_FOR_PIPELINE_TESTING
462,B023,Tamil Nadu,Chennai,5263.532,5343.532,80,WAS/RLAN,synthetic_not_verified,synthetic_observation,1,SYNTHETIC_FOR_PIPELINE_TESTING
463,B020,Tamil Nadu,Chennai,69583.173,69663.173,80,IMT candidate,synthetic_not_verified,synthetic_observation,1,SYNTHETIC_FOR_PIPELINE_TESTING
464,B017,Gujarat,Ahmedabad,24613.063,24693.063,80,IMT candidate,synthetic_not_verified,synthetic_observation,0,SYNTHETIC_FOR_PIPELINE_TESTING
465,B019,Maharashtra,Mumbai,42728.096,42808.096,80,IMT candidate,synthetic_not_verified,synthetic_observation,0,SYNTHETIC_FOR_PIPELINE_TESTING
466,B004,Telangana,Hyderabad,894.132,934.132,40,IMT candidate,synthetic_not_verified,synthetic_observation,0,SYNTHETIC_FOR_PIPELINE_TESTING
467,B010,Telangana,Hyderabad,2505.795,2585.795,80,IMT candidate,synthetic_not_verified,synthetic_observation,0,SYNTHETIC_FOR_PIPELINE_TESTING
468,B003,West Bengal,Kolkata,755.555,835.555,80,IMT candidate,synthetic_not_verified,synthetic_observation,0,SYNTHETIC_FOR_PIPELINE_TESTING
469,B020,Karnataka,Bengaluru,67818.992,67898.992,80,IMT candidate,synthetic_not_verified,synthetic_observation,0,SYNTHETIC_FOR_PIPELINE_TESTING
470,B003,West Bengal,Kolkata,888.565,889.565,1,IMT candidate,synthetic_not_verified,synthetic_observation,0,SYNTHETIC_FOR_PIPELINE_TESTING
471,B007,Maharashtra,Mumbai,1802.119,1812.119,10,IMT candidate,synthetic_not_verified,synthetic_observation,1,SYNTHETIC_FOR_PIPELINE_TESTING
472,B014,Rajasthan,Jaipur,3649.432,3654.432,5,IMT candidate,synthetic_not_verified,synthetic_observation,1,SYNTHETIC_FOR_PIPELINE_TESTING
473,B003,Rajasthan,Jaipur,659.645,664.645,5,IMT candidate,synthetic_not_verified,synthetic_observation,0,SYNTHETIC_FOR_PIPELINE_TESTING
474,B023,Telangana,Hyderabad,5299.048,5339.048,40,WAS/RLAN,synthetic_not_verified,synthetic_observation,0,SYNTHETIC_FOR_PIPELINE_TESTING
475,B019,Telangana,Hyderabad,42913.772,42923.772,10,IMT candidate,synthetic_not_verified,synthetic_observation,0,SYNTHETIC_FOR_PIPELINE_TESTING
476,B019,Rajasthan,Jaipur,43212.109,43232.109,20,IMT candidate,synthetic_not_verified,synthetic_observation,0,SYNTHETIC_FOR_PIPELINE_TESTING
477,B014,Gujarat,Ahmedabad,3604.583,3609.583,5,IMT candidate,synthetic_not_verified,synthetic_observation,0,SYNTHETIC_FOR_PIPELINE_TESTING
478,B009,Telangana,Hyderabad,2365.395,2375.395,10,IMT candidate,synthetic_not_verified,synthetic_observation,0,SYNTHETIC_FOR_PIPELINE_TESTING
479,B012,Karnataka,Bengaluru,3456.801,3476.801,20,IMT candidate,synthetic_not_verified,synthetic_observation,0,SYNTHETIC_FOR_PIPELINE_TESTING
480,B003,West Bengal,Kolkata,706.181,707.181,1,IMT candidate,synthetic_not_verified,synthetic_observation,0,SYNTHETIC_FOR_PIPELINE_TESTING
481,B014,Karnataka,Bengaluru,3601.198,3602.198,1,IMT candidate,synthetic_not_verified,synthetic_observation,0,SYNTHETIC_FOR_PIPELINE_TESTING
482,B018,Telangana,Hyderabad,38190.509,38191.509,1,IMT candidate,synthetic_not_verified,synthetic_observation,0,SYNTHETIC_FOR_PIPELINE_TESTING
483,B009,Telangana,Hyderabad,2381.514,2391.514,10,IMT candidate,synthetic_not_verified,synthetic_observation,1,SYNTHETIC_FOR_PIPELINE_TESTING
484,B011,Maharashtra,Mumbai,3335.785,3375.785,40,IMT candidate,synthetic_not_verified,synthetic_observation,0,SYNTHETIC_FOR_PIPELINE_TESTING
485,B012,Maharashtra,Mumbai,3412.937,3417.937,5,IMT candidate,synthetic_not_verified,synthetic_observation,0,SYNTHETIC_FOR_PIPELINE_TESTING
486,B009,West Bengal,Kolkata,2302.716,2382.716,80,IMT candidate,synthetic_not_verified,synthetic_observation,0,SYNTHETIC_FOR_PIPELINE_TESTING
487,B001,Tamil Nadu,Chennai,470.764,510.764,40,IMT candidate,synthetic_not_verified,synthetic_observation,0,SYNTHETIC_FOR_PIPELINE_TESTING
488,B006,Gujarat,Ahmedabad,1437.676,1517.676,80,IMT candidate,synthetic_not_verified,synthetic_observation,0,SYNTHETIC_FOR_PIPELINE_TESTING
489,B025,Karnataka,Bengaluru,5751.44,5831.44,80,WAS/RLAN,synthetic_not_verified,synthetic_observation,0,SYNTHETIC_FOR_PIPELINE_TESTING
490,B010,Gujarat,Ahmedabad,2666.87,2676.87,10,IMT candidate,synthetic_not_verified,synthetic_observation,1,SYNTHETIC_FOR_PIPELINE_TESTING
491,B014,Gujarat,Ahmedabad,3600.0,3670.0,80,IMT candidate,synthetic_not_verified,synthetic_observation,0,SYNTHETIC_FOR_PIPELINE_TESTING
492,B001,Maharashtra,Mumbai,523.3,543.3,20,IMT candidate,synthetic_not_verified,synthetic_observation,1,SYNTHETIC_FOR_PIPELINE_TESTING
493,B009,Rajasthan,Jaipur,2303.978,2308.978,5,IMT candidate,synthetic_not_verified,synthetic_observation,1,SYNTHETIC_FOR_PIPELINE_TESTING
494,B013,West Bengal,Kolkata,3508.979,3513.979,5,IMT candidate,synthetic_not_verified,synthetic_observation,0,SYNTHETIC_FOR_PIPELINE_TESTING
495,B012,Maharashtra,Mumbai,3456.289,3466.289,10,IMT candidate,synthetic_not_verified,synthetic_observation,0,SYNTHETIC_FOR_PIPELINE_TESTING
496,B007,Delhi,New Delhi,1751.069,1756.069,5,IMT candidate,synthetic_not_verified,synthetic_observation,0,SYNTHETIC_FOR_PIPELINE_TESTING
497,B012,Tamil Nadu,Chennai,3432.924,3437.924,5,IMT candidate,synthetic_not_verified,synthetic_observation,0,SYNTHETIC_FOR_PIPELINE_TESTING
498,B008,West Bengal,Kolkata,2155.185,2195.185,40,IMT candidate,synthetic_not_verified,synthetic_observation,0,SYNTHETIC_FOR_PIPELINE_TESTING
499,B019,Telangana,Hyderabad,42643.757,42653.757,10,IMT candidate,synthetic_not_verified,synthetic_observation,0,SYNTHETIC_FOR_PIPELINE_TESTING
500,B005,Gujarat,Ahmedabad,946.596,947.596,1,IMT candidate,synthetic_not_verified,synthetic_observation,0,SYNTHETIC_FOR_PIPELINE_TESTING
501,B008,Gujarat,Ahmedabad,2164.854,2169.854,5,IMT candidate,synthetic_not_verified,synthetic_observation,1,SYNTHETIC_FOR_PIPELINE_TESTING
502,B001,Karnataka,Bengaluru,518.325,558.325,40,IMT candidate,synthetic_not_verified,synthetic_observation,0,SYNTHETIC_FOR_PIPELINE_TESTING
503,B001,Rajasthan,Jaipur,544.452,545.452,1,IMT candidate,synthetic_not_verified,synthetic_observation,1,SYNTHETIC_FOR_PIPELINE_TESTING
504,B022,Karnataka,Bengaluru,5156.52,5166.52,10,WAS/RLAN,synthetic_not_verified,synthetic_observation,1,SYNTHETIC_FOR_PIPELINE_TESTING
505,B025,West Bengal,Kolkata,5773.182,5774.182,1,WAS/RLAN,synthetic_not_verified,synthetic_observation,1,SYNTHETIC_FOR_PIPELINE_TESTING
506,B020,Delhi,New Delhi,66371.795,66372.795,1,IMT candidate,synthetic_not_verified,synthetic_observation,0,SYNTHETIC_FOR_PIPELINE_TESTING
507,B018,Tamil Nadu,Chennai,38227.981,38228.981,1,IMT candidate,synthetic_not_verified,synthetic_observation,1,SYNTHETIC_FOR_PIPELINE_TESTING
508,B020,Karnataka,Bengaluru,70888.907,70908.907,20,IMT candidate,synthetic_not_verified,synthetic_observation,1,SYNTHETIC_FOR_PIPELINE_TESTING
509,B007,Rajasthan,Jaipur,1900.159,1940.159,40,IMT candidate,synthetic_not_verified,synthetic_observation,0,SYNTHETIC_FOR_PIPELINE_TESTING
510,B003,Maharashtra,Mumbai,771.766,791.766,20,IMT candidate,synthetic_not_verified,synthetic_observation,1,SYNTHETIC_FOR_PIPELINE_TESTING
511,B025,Delhi,New Delhi,5770.692,5810.692,40,WAS/RLAN,synthetic_not_verified,synthetic_observation,1,SYNTHETIC_FOR_PIPELINE_TESTING
512,B004,Maharashtra,Mumbai,890.0,942.0,80,IMT candidate,synthetic_not_verified,synthetic_observation,1,SYNTHETIC_FOR_PIPELINE_TESTING
513,B014,West Bengal,Kolkata,3600.157,3640.157,40,IMT candidate,synthetic_not_verified,synthetic_observation,0,SYNTHETIC_FOR_PIPELINE_TESTING
514,B018,Karnataka,Bengaluru,37162.476,37242.476,80,IMT candidate,synthetic_not_verified,synthetic_observation,1,SYNTHETIC_FOR_PIPELINE_TESTING
515,B005,Karnataka,Bengaluru,942.0,960.0,80,IMT candidate,synthetic_not_verified,synthetic_observation,0,SYNTHETIC_FOR_PIPELINE_TESTING
516,B016,Telangana,Hyderabad,7036.47,7116.47,80,IMT candidate,synthetic_not_verified,synthetic_observation,1,SYNTHETIC_FOR_PIPELINE_TESTING
517,B022,Maharashtra,Mumbai,5161.031,5201.031,40,WAS/RLAN,synthetic_not_verified,synthetic_observation,0,SYNTHETIC_FOR_PIPELINE_TESTING
518,B025,Telangana,Hyderabad,5741.942,5821.942,80,WAS/RLAN,synthetic_not_verified,synthetic_observation,0,SYNTHETIC_FOR_PIPELINE_TESTING
519,B024,Tamil Nadu,Chennai,5537.624,5538.624,1,WAS/RLAN,synthetic_not_verified,synthetic_observation,0,SYNTHETIC_FOR_PIPELINE_TESTING
520,B012,Telangana,Hyderabad,3487.004,3488.004,1,IMT candidate,synthetic_not_verified,synthetic_observation,1,SYNTHETIC_FOR_PIPELINE_TESTING
521,B021,Rajasthan,Jaipur,2466.956,2476.956,10,Low Power / RLAN,synthetic_not_verified,synthetic_observation,0,SYNTHETIC_FOR_PIPELINE_TESTING
522,B025,Telangana,Hyderabad,5808.432,5809.432,1,WAS/RLAN,synthetic_not_verified,synthetic_observation,0,SYNTHETIC_FOR_PIPELINE_TESTING
523,B017,Maharashtra,Mumbai,25233.852,25238.852,5,IMT candidate,synthetic_not_verified,synthetic_observation,0,SYNTHETIC_FOR_PIPELINE_TESTING
524,B015,Maharashtra,Mumbai,6463.614,6543.614,80,IMT candidate,synthetic_not_verified,synthetic_observation,0,SYNTHETIC_FOR_PIPELINE_TESTING
525,B010,Gujarat,Ahmedabad,2500.575,2510.575,10,IMT candidate,synthetic_not_verified,synthetic_observation,0,SYNTHETIC_FOR_PIPELINE_TESTING
526,B003,Gujarat,Ahmedabad,859.673,860.673,1,IMT candidate,synthetic_not_verified,synthetic_observation,0,SYNTHETIC_FOR_PIPELINE_TESTING
527,B008,Gujarat,Ahmedabad,2138.984,2158.984,20,IMT candidate,synthetic_not_verified,synthetic_observation,0,SYNTHETIC_FOR_PIPELINE_TESTING
528,B010,Gujarat,Ahmedabad,2530.857,2535.857,5,IMT candidate,synthetic_not_verified,synthetic_observation,0,SYNTHETIC_FOR_PIPELINE_TESTING
529,B022,Gujarat,Ahmedabad,5183.099,5193.099,10,WAS/RLAN,synthetic_not_verified,synthetic_observation,0,SYNTHETIC_FOR_PIPELINE_TESTING
530,B022,West Bengal,Kolkata,5186.811,5206.811,20,WAS/RLAN,synthetic_not_verified,synthetic_observation,1,SYNTHETIC_FOR_PIPELINE_TESTING
531,B015,Maharashtra,Mumbai,6426.326,6466.326,40,IMT candidate,synthetic_not_verified,synthetic_observation,0,SYNTHETIC_FOR_PIPELINE_TESTING
532,B020,Karnataka,Bengaluru,69864.12,69874.12,10,IMT candidate,synthetic_not_verified,synthetic_observation,0,SYNTHETIC_FOR_PIPELINE_TESTING
533,B012,Rajasthan,Jaipur,3420.537,3421.537,1,IMT candidate,synthetic_not_verified,synthetic_observation,1,SYNTHETIC_FOR_PIPELINE_TESTING
534,B025,Telangana,Hyderabad,5828.548,5833.548,5,WAS/RLAN,synthetic_not_verified,synthetic_observation,0,SYNTHETIC_FOR_PIPELINE_TESTING
535,B002,Maharashtra,Mumbai,585.17,590.17,5,IMT candidate,synthetic_not_verified,synthetic_observation,1,SYNTHETIC_FOR_PIPELINE_TESTING
536,B001,Rajasthan,Jaipur,536.606,556.606,20,IMT candidate,synthetic_not_verified,synthetic_observation,0,SYNTHETIC_FOR_PIPELINE_TESTING
537,B007,Gujarat,Ahmedabad,1847.556,1857.556,10,IMT candidate,synthetic_not_verified,synthetic_observation,0,SYNTHETIC_FOR_PIPELINE_TESTING
538,B013,Tamil Nadu,Chennai,3512.198,3592.198,80,IMT candidate,synthetic_not_verified,synthetic_observation,0,SYNTHETIC_FOR_PIPELINE_TESTING
539,B008,Maharashtra,Mumbai,2188.875,2198.875,10,IMT candidate,synthetic_not_verified,synthetic_observation,1,SYNTHETIC_FOR_PIPELINE_TESTING
540,B012,West Bengal,Kolkata,3481.515,3491.515,10,IMT candidate,synthetic_not_verified,synthetic_observation,0,SYNTHETIC_FOR_PIPELINE_TESTING
541,B023,Rajasthan,Jaipur,5314.967,5324.967,10,WAS/RLAN,synthetic_not_verified,synthetic_observation,0,SYNTHETIC_FOR_PIPELINE_TESTING
542,B008,Rajasthan,Jaipur,2110.868,2115.868,5,IMT candidate,synthetic_not_verified,synthetic_observation,0,SYNTHETIC_FOR_PIPELINE_TESTING
543,B020,Gujarat,Ahmedabad,69108.491,69113.491,5,IMT candidate,synthetic_not_verified,synthetic_observation,0,SYNTHETIC_FOR_PIPELINE_TESTING
544,B023,Karnataka,Bengaluru,5264.774,5284.774,20,WAS/RLAN,synthetic_not_verified,synthetic_observation,1,SYNTHETIC_FOR_PIPELINE_TESTING
545,B008,West Bengal,Kolkata,2154.27,2194.27,40,IMT candidate,synthetic_not_verified,synthetic_observation,0,SYNTHETIC_FOR_PIPELINE_TESTING
546,B006,West Bengal,Kolkata,1430.593,1431.593,1,IMT candidate,synthetic_not_verified,synthetic_observation,0,SYNTHETIC_FOR_PIPELINE_TESTING
547,B023,Gujarat,Ahmedabad,5305.003,5310.003,5,WAS/RLAN,synthetic_not_verified,synthetic_observation,0,SYNTHETIC_FOR_PIPELINE_TESTING
548,B012,Tamil Nadu,Chennai,3474.183,3479.183,5,IMT candidate,synthetic_not_verified,synthetic_observation,0,SYNTHETIC_FOR_PIPELINE_TESTING
549,B023,Telangana,Hyderabad,5280.143,5290.143,10,WAS/RLAN,synthetic_not_verified,synthetic_observation,1,SYNTHETIC_FOR_PIPELINE_TESTING
550,B017,Delhi,New Delhi,24932.061,24937.061,5,IMT candidate,synthetic_not_verified,synthetic_observation,1,SYNTHETIC_FOR_PIPELINE_TESTING
551,B021,Rajasthan,Jaipur,2434.617,2474.617,40,Low Power / RLAN,synthetic_not_verified,synthetic_observation,0,SYNTHETIC_FOR_PIPELINE_TESTING
552,B003,Maharashtra,Mumbai,628.959,668.959,40,IMT candidate,synthetic_not_verified,synthetic_observation,1,SYNTHETIC_FOR_PIPELINE_TESTING
553,B003,Maharashtra,Mumbai,785.349,805.349,20,IMT candidate,synthetic_not_verified,synthetic_observation,0,SYNTHETIC_FOR_PIPELINE_TESTING
554,B022,Karnataka,Bengaluru,5168.566,5248.566,80,WAS/RLAN,synthetic_not_verified,synthetic_observation,0,SYNTHETIC_FOR_PIPELINE_TESTING
555,B015,Delhi,New Delhi,6663.779,6743.779,80,IMT candidate,synthetic_not_verified,synthetic_observation,0,SYNTHETIC_FOR_PIPELINE_TESTING
556,B023,Tamil Nadu,Chennai,5305.08,5325.08,20,WAS/RLAN,synthetic_not_verified,synthetic_observation,1,SYNTHETIC_FOR_PIPELINE_TESTING
557,B004,West Bengal,Kolkata,890.0,942.0,80,IMT candidate,synthetic_not_verified,synthetic_observation,1,SYNTHETIC_FOR_PIPELINE_TESTING
558,B006,West Bengal,Kolkata,1508.025,1513.025,5,IMT candidate,synthetic_not_verified,synthetic_observation,0,SYNTHETIC_FOR_PIPELINE_TESTING
559,B015,Telangana,Hyderabad,6743.657,6763.657,20,IMT candidate,synthetic_not_verified,synthetic_observation,0,SYNTHETIC_FOR_PIPELINE_TESTING
560,B021,Delhi,New Delhi,2470.782,2471.782,1,Low Power / RLAN,synthetic_not_verified,synthetic_observation,1,SYNTHETIC_FOR_PIPELINE_TESTING
561,B012,Maharashtra,Mumbai,3430.654,3431.654,1,IMT candidate,synthetic_not_verified,synthetic_observation,0,SYNTHETIC_FOR_PIPELINE_TESTING
562,B010,Delhi,New Delhi,2589.523,2609.523,20,IMT candidate,synthetic_not_verified,synthetic_observation,0,SYNTHETIC_FOR_PIPELINE_TESTING
563,B019,West Bengal,Kolkata,43365.97,43375.97,10,IMT candidate,synthetic_not_verified,synthetic_observation,1,SYNTHETIC_FOR_PIPELINE_TESTING
564,B005,Karnataka,Bengaluru,942.0,960.0,80,IMT candidate,synthetic_not_verified,synthetic_observation,0,SYNTHETIC_FOR_PIPELINE_TESTING
565,B022,Maharashtra,Mumbai,5210.911,5215.911,5,WAS/RLAN,synthetic_not_verified,synthetic_observation,0,SYNTHETIC_FOR_PIPELINE_TESTING
566,B008,Tamil Nadu,Chennai,2182.98,2183.98,1,IMT candidate,synthetic_not_verified,synthetic_observation,0,SYNTHETIC_FOR_PIPELINE_TESTING
567,B018,Tamil Nadu,Chennai,37560.193,37561.193,1,IMT candidate,synthetic_not_verified,synthetic_observation,0,SYNTHETIC_FOR_PIPELINE_TESTING
568,B017,Delhi,New Delhi,27247.906,27248.906,1,IMT candidate,synthetic_not_verified,synthetic_observation,1,SYNTHETIC_FOR_PIPELINE_TESTING
569,B001,Maharashtra,Mumbai,505.112,525.112,20,IMT candidate,synthetic_not_verified,synthetic_observation,1,SYNTHETIC_FOR_PIPELINE_TESTING
570,B006,Telangana,Hyderabad,1452.61,1462.61,10,IMT candidate,synthetic_not_verified,synthetic_observation,0,SYNTHETIC_FOR_PIPELINE_TESTING
571,B022,Gujarat,Ahmedabad,5238.307,5248.307,10,WAS/RLAN,synthetic_not_verified,synthetic_observation,0,SYNTHETIC_FOR_PIPELINE_TESTING
572,B018,Karnataka,Bengaluru,39372.614,39382.614,10,IMT candidate,synthetic_not_verified,synthetic_observation,1,SYNTHETIC_FOR_PIPELINE_TESTING
573,B008,Gujarat,Ahmedabad,2176.753,2177.753,1,IMT candidate,synthetic_not_verified,synthetic_observation,0,SYNTHETIC_FOR_PIPELINE_TESTING
574,B005,Delhi,New Delhi,949.608,950.608,1,IMT candidate,synthetic_not_verified,synthetic_observation,1,SYNTHETIC_FOR_PIPELINE_TESTING
575,B025,Telangana,Hyderabad,5872.414,5873.414,1,WAS/RLAN,synthetic_not_verified,synthetic_observation,0,SYNTHETIC_FOR_PIPELINE_TESTING
576,B008,Maharashtra,Mumbai,2120.154,2125.154,5,IMT candidate,synthetic_not_verified,synthetic_observation,1,SYNTHETIC_FOR_PIPELINE_TESTING
577,B021,Gujarat,Ahmedabad,2472.71,2477.71,5,Low Power / RLAN,synthetic_not_verified,synthetic_observation,0,SYNTHETIC_FOR_PIPELINE_TESTING
578,B019,Maharashtra,Mumbai,42816.066,42896.066,80,IMT candidate,synthetic_not_verified,synthetic_observation,0,SYNTHETIC_FOR_PIPELINE_TESTING
579,B011,Karnataka,Bengaluru,3364.625,3369.625,5,IMT candidate,synthetic_not_verified,synthetic_observation,1,SYNTHETIC_FOR_PIPELINE_TESTING
580,B009,Telangana,Hyderabad,2324.88,2364.88,40,IMT candidate,synthetic_not_verified,synthetic_observation,1,SYNTHETIC_FOR_PIPELINE_TESTING
581,B016,Rajasthan,Jaipur,7080.85,7120.85,40,IMT candidate,synthetic_not_verified,synthetic_observation,1,SYNTHETIC_FOR_PIPELINE_TESTING
582,B016,Rajasthan,Jaipur,7033.505,7113.505,80,IMT candidate,synthetic_not_verified,synthetic_observation,0,SYNTHETIC_FOR_PIPELINE_TESTING
583,B023,Tamil Nadu,Chennai,5277.322,5278.322,1,WAS/RLAN,synthetic_not_verified,synthetic_observation,1,SYNTHETIC_FOR_PIPELINE_TESTING
584,B014,Maharashtra,Mumbai,3649.926,3659.926,10,IMT candidate,synthetic_not_verified,synthetic_observation,0,SYNTHETIC_FOR_PIPELINE_TESTING
585,B012,Karnataka,Bengaluru,3417.09,3497.09,80,IMT candidate,synthetic_not_verified,synthetic_observation,0,SYNTHETIC_FOR_PIPELINE_TESTING
586,B019,Karnataka,Bengaluru,43459.435,43460.435,1,IMT candidate,synthetic_not_verified,synthetic_observation,0,SYNTHETIC_FOR_PIPELINE_TESTING
587,B008,Delhi,New Delhi,2161.459,2162.459,1,IMT candidate,synthetic_not_verified,synthetic_observation,1,SYNTHETIC_FOR_PIPELINE_TESTING
588,B013,Karnataka,Bengaluru,3535.849,3540.849,5,IMT candidate,synthetic_not_verified,synthetic_observation,1,SYNTHETIC_FOR_PIPELINE_TESTING
589,B014,Tamil Nadu,Chennai,3635.686,3645.686,10,IMT candidate,synthetic_not_verified,synthetic_observation,0,SYNTHETIC_FOR_PIPELINE_TESTING
590,B015,Maharashtra,Mumbai,6840.812,6845.812,5,IMT candidate,synthetic_not_verified,synthetic_observation,0,SYNTHETIC_FOR_PIPELINE_TESTING
591,B017,Tamil Nadu,Chennai,26382.634,26462.634,80,IMT candidate,synthetic_not_verified,synthetic_observation,1,SYNTHETIC_FOR_PIPELINE_TESTING
592,B022,Gujarat,Ahmedabad,5185.697,5190.697,5,WAS/RLAN,synthetic_not_verified,synthetic_observation,1,SYNTHETIC_FOR_PIPELINE_TESTING
593,B013,Delhi,New Delhi,3555.298,3556.298,1,IMT candidate,synthetic_not_verified,synthetic_observation,0,SYNTHETIC_FOR_PIPELINE_TESTING
594,B024,Karnataka,Bengaluru,5698.888,5703.888,5,WAS/RLAN,synthetic_not_verified,synthetic_observation,1,SYNTHETIC_FOR_PIPELINE_TESTING
595,B002,Gujarat,Ahmedabad,598.007,599.007,1,IMT candidate,synthetic_not_verified,synthetic_observation,1,SYNTHETIC_FOR_PIPELINE_TESTING
596,B023,Gujarat,Ahmedabad,5306.99,5346.99,40,WAS/RLAN,synthetic_not_verified,synthetic_observation,0,SYNTHETIC_FOR_PIPELINE_TESTING
597,B024,Telangana,Hyderabad,5504.177,5524.177,20,WAS/RLAN,synthetic_not_verified,synthetic_observation,0,SYNTHETIC_FOR_PIPELINE_TESTING
598,B012,Delhi,New Delhi,3446.302,3447.302,1,IMT candidate,synthetic_not_verified,synthetic_observation,0,SYNTHETIC_FOR_PIPELINE_TESTING
599,B023,Rajasthan,Jaipur,5335.873,5340.873,5,WAS/RLAN,synthetic_not_verified,synthetic_observation,0,SYNTHETIC_FOR_PIPELINE_TESTING
600,B018,West Bengal,Kolkata,37391.873,37431.873,40,IMT candidate,synthetic_not_verified,synthetic_observation,1,SYNTHETIC_FOR_PIPELINE_TESTING
601,B008,Telangana,Hyderabad,2130.745,2131.745,1,IMT candidate,synthetic_not_verified,synthetic_observation,0,SYNTHETIC_FOR_PIPELINE_TESTING
602,B019,Telangana,Hyderabad,42669.28,42679.28,10,IMT candidate,synthetic_not_verified,synthetic_observation,0,SYNTHETIC_FOR_PIPELINE_TESTING
603,B024,West Bengal,Kolkata,5500.387,5520.387,20,WAS/RLAN,synthetic_not_verified,synthetic_observation,0,SYNTHETIC_FOR_PIPELINE_TESTING
604,B019,Karnataka,Bengaluru,43044.646,43064.646,20,IMT candidate,synthetic_not_verified,synthetic_observation,0,SYNTHETIC_FOR_PIPELINE_TESTING
605,B016,Maharashtra,Mumbai,7075.432,7085.432,10,IMT candidate,synthetic_not_verified,synthetic_observation,1,SYNTHETIC_FOR_PIPELINE_TESTING
606,B007,Rajasthan,Jaipur,1772.675,1852.675,80,IMT candidate,synthetic_not_verified,synthetic_observation,0,SYNTHETIC_FOR_PIPELINE_TESTING
607,B006,Karnataka,Bengaluru,1465.171,1505.171,40,IMT candidate,synthetic_not_verified,synthetic_observation,0,SYNTHETIC_FOR_PIPELINE_TESTING
608,B019,West Bengal,Kolkata,42622.643,42623.643,1,IMT candidate,synthetic_not_verified,synthetic_observation,1,SYNTHETIC_FOR_PIPELINE_TESTING
609,B021,Telangana,Hyderabad,2433.567,2473.567,40,Low Power / RLAN,synthetic_not_verified,synthetic_observation,1,SYNTHETIC_FOR_PIPELINE_TESTING
610,B017,Delhi,New Delhi,25485.641,25490.641,5,IMT candidate,synthetic_not_verified,synthetic_observation,1,SYNTHETIC_FOR_PIPELINE_TESTING
611,B022,Tamil Nadu,Chennai,5209.484,5214.484,5,WAS/RLAN,synthetic_not_verified,synthetic_observation,0,SYNTHETIC_FOR_PIPELINE_TESTING
612,B023,Telangana,Hyderabad,5301.483,5306.483,5,WAS/RLAN,synthetic_not_verified,synthetic_observation,0,SYNTHETIC_FOR_PIPELINE_TESTING
613,B011,Gujarat,Ahmedabad,3382.668,3392.668,10,IMT candidate,synthetic_not_verified,synthetic_observation,1,SYNTHETIC_FOR_PIPELINE_TESTING
614,B008,Delhi,New Delhi,2179.578,2189.578,10,IMT candidate,synthetic_not_verified,synthetic_observation,0,SYNTHETIC_FOR_PIPELINE_TESTING
615,B015,Maharashtra,Mumbai,6895.511,6935.511,40,IMT candidate,synthetic_not_verified,synthetic_observation,0,SYNTHETIC_FOR_PIPELINE_TESTING
616,B007,Telangana,Hyderabad,1786.354,1826.354,40,IMT candidate,synthetic_not_verified,synthetic_observation,0,SYNTHETIC_FOR_PIPELINE_TESTING
617,B014,Karnataka,Bengaluru,3600.0,3670.0,80,IMT candidate,synthetic_not_verified,synthetic_observation,0,SYNTHETIC_FOR_PIPELINE_TESTING
618,B024,Maharashtra,Mumbai,5504.202,5514.202,10,WAS/RLAN,synthetic_not_verified,synthetic_observation,0,SYNTHETIC_FOR_PIPELINE_TESTING
619,B012,Telangana,Hyderabad,3407.22,3447.22,40,IMT candidate,synthetic_not_verified,synthetic_observation,0,SYNTHETIC_FOR_PIPELINE_TESTING
620,B016,West Bengal,Kolkata,7084.659,7085.659,1,IMT candidate,synthetic_not_verified,synthetic_observation,1,SYNTHETIC_FOR_PIPELINE_TESTING
621,B009,Tamil Nadu,Chennai,2314.038,2394.038,80,IMT candidate,synthetic_not_verified,synthetic_observation,1,SYNTHETIC_FOR_PIPELINE_TESTING
622,B002,Delhi,New Delhi,586.102,606.102,20,IMT candidate,synthetic_not_verified,synthetic_observation,0,SYNTHETIC_FOR_PIPELINE_TESTING
623,B015,West Bengal,Kolkata,6647.545,6727.545,80,IMT candidate,synthetic_not_verified,synthetic_observation,1,SYNTHETIC_FOR_PIPELINE_TESTING
624,B015,Rajasthan,Jaipur,6835.062,6875.062,40,IMT candidate,synthetic_not_verified,synthetic_observation,0,SYNTHETIC_FOR_PIPELINE_TESTING
625,B011,Maharashtra,Mumbai,3302.605,3303.605,1,IMT candidate,synthetic_not_verified,synthetic_observation,0,SYNTHETIC_FOR_PIPELINE_TESTING
626,B011,Gujarat,Ahmedabad,3307.552,3312.552,5,IMT candidate,synthetic_not_verified,synthetic_observation,0,SYNTHETIC_FOR_PIPELINE_TESTING
627,B019,Telangana,Hyderabad,43470.994,43475.994,5,IMT candidate,synthetic_not_verified,synthetic_observation,0,SYNTHETIC_FOR_PIPELINE_TESTING
628,B012,Karnataka,Bengaluru,3415.459,3455.459,40,IMT candidate,synthetic_not_verified,synthetic_observation,1,SYNTHETIC_FOR_PIPELINE_TESTING
629,B019,Telangana,Hyderabad,43074.924,43079.924,5,IMT candidate,synthetic_not_verified,synthetic_observation,0,SYNTHETIC_FOR_PIPELINE_TESTING
630,B005,West Bengal,Kolkata,943.272,948.272,5,IMT candidate,synthetic_not_verified,synthetic_observation,0,SYNTHETIC_FOR_PIPELINE_TESTING
631,B011,Tamil Nadu,Chennai,3317.967,3397.967,80,IMT candidate,synthetic_not_verified,synthetic_observation,1,SYNTHETIC_FOR_PIPELINE_TESTING
632,B002,Maharashtra,Mumbai,599.553,609.553,10,IMT candidate,synthetic_not_verified,synthetic_observation,0,SYNTHETIC_FOR_PIPELINE_TESTING
633,B008,West Bengal,Kolkata,2116.263,2196.263,80,IMT candidate,synthetic_not_verified,synthetic_observation,0,SYNTHETIC_FOR_PIPELINE_TESTING
634,B009,Telangana,Hyderabad,2376.041,2396.041,20,IMT candidate,synthetic_not_verified,synthetic_observation,1,SYNTHETIC_FOR_PIPELINE_TESTING
635,B012,Maharashtra,Mumbai,3413.326,3493.326,80,IMT candidate,synthetic_not_verified,synthetic_observation,0,SYNTHETIC_FOR_PIPELINE_TESTING
636,B007,Gujarat,Ahmedabad,1925.254,1935.254,10,IMT candidate,synthetic_not_verified,synthetic_observation,1,SYNTHETIC_FOR_PIPELINE_TESTING
637,B016,Telangana,Hyderabad,7045.283,7085.283,40,IMT candidate,synthetic_not_verified,synthetic_observation,0,SYNTHETIC_FOR_PIPELINE_TESTING
638,B016,West Bengal,Kolkata,7092.607,7102.607,10,IMT candidate,synthetic_not_verified,synthetic_observation,0,SYNTHETIC_FOR_PIPELINE_TESTING
639,B018,West Bengal,Kolkata,38244.271,38324.271,80,IMT candidate,synthetic_not_verified,synthetic_observation,1,SYNTHETIC_FOR_PIPELINE_TESTING
640,B014,Delhi,New Delhi,3612.789,3652.789,40,IMT candidate,synthetic_not_verified,synthetic_observation,0,SYNTHETIC_FOR_PIPELINE_TESTING
641,B001,Maharashtra,Mumbai,472.654,482.654,10,IMT candidate,synthetic_not_verified,synthetic_observation,0,SYNTHETIC_FOR_PIPELINE_TESTING
642,B013,Gujarat,Ahmedabad,3563.179,3568.179,5,IMT candidate,synthetic_not_verified,synthetic_observation,0,SYNTHETIC_FOR_PIPELINE_TESTING
643,B001,Gujarat,Ahmedabad,478.114,483.114,5,IMT candidate,synthetic_not_verified,synthetic_observation,0,SYNTHETIC_FOR_PIPELINE_TESTING
644,B002,Delhi,New Delhi,593.759,594.759,1,IMT candidate,synthetic_not_verified,synthetic_observation,0,SYNTHETIC_FOR_PIPELINE_TESTING
645,B003,Telangana,Hyderabad,733.252,738.252,5,IMT candidate,synthetic_not_verified,synthetic_observation,0,SYNTHETIC_FOR_PIPELINE_TESTING
646,B005,Telangana,Hyderabad,942.0,960.0,40,IMT candidate,synthetic_not_verified,synthetic_observation,0,SYNTHETIC_FOR_PIPELINE_TESTING
647,B006,West Bengal,Kolkata,1483.845,1493.845,10,IMT candidate,synthetic_not_verified,synthetic_observation,1,SYNTHETIC_FOR_PIPELINE_TESTING
648,B015,Telangana,Hyderabad,6461.75,6471.75,10,IMT candidate,synthetic_not_verified,synthetic_observation,1,SYNTHETIC_FOR_PIPELINE_TESTING
649,B019,West Bengal,Kolkata,42889.974,42969.974,80,IMT candidate,synthetic_not_verified,synthetic_observation,0,SYNTHETIC_FOR_PIPELINE_TESTING
650,B016,Delhi,New Delhi,7031.858,7036.858,5,IMT candidate,synthetic_not_verified,synthetic_observation,1,SYNTHETIC_FOR_PIPELINE_TESTING
651,B009,Rajasthan,Jaipur,2352.542,2392.542,40,IMT candidate,synthetic_not_verified,synthetic_observation,0,SYNTHETIC_FOR_PIPELINE_TESTING
652,B007,Gujarat,Ahmedabad,1895.748,1915.748,20,IMT candidate,synthetic_not_verified,synthetic_observation,0,SYNTHETIC_FOR_PIPELINE_TESTING
653,B022,Delhi,New Delhi,5206.399,5226.399,20,WAS/RLAN,synthetic_not_verified,synthetic_observation,1,SYNTHETIC_FOR_PIPELINE_TESTING
654,B024,Telangana,Hyderabad,5647.824,5687.824,40,WAS/RLAN,synthetic_not_verified,synthetic_observation,1,SYNTHETIC_FOR_PIPELINE_TESTING
655,B012,Karnataka,Bengaluru,3426.568,3427.568,1,IMT candidate,synthetic_not_verified,synthetic_observation,0,SYNTHETIC_FOR_PIPELINE_TESTING
656,B021,Maharashtra,Mumbai,2470.33,2475.33,5,Low Power / RLAN,synthetic_not_verified,synthetic_observation,1,SYNTHETIC_FOR_PIPELINE_TESTING
657,B008,Delhi,New Delhi,2119.056,2199.056,80,IMT candidate,synthetic_not_verified,synthetic_observation,1,SYNTHETIC_FOR_PIPELINE_TESTING
658,B020,Tamil Nadu,Chennai,69435.058,69455.058,20,IMT candidate,synthetic_not_verified,synthetic_observation,0,SYNTHETIC_FOR_PIPELINE_TESTING
659,B016,Maharashtra,Mumbai,7040.368,7060.368,20,IMT candidate,synthetic_not_verified,synthetic_observation,1,SYNTHETIC_FOR_PIPELINE_TESTING
660,B020,Gujarat,Ahmedabad,70532.436,70572.436,40,IMT candidate,synthetic_not_verified,synthetic_observation,0,SYNTHETIC_FOR_PIPELINE_TESTING
661,B020,West Bengal,Kolkata,68460.257,68465.257,5,IMT candidate,synthetic_not_verified,synthetic_observation,1,SYNTHETIC_FOR_PIPELINE_TESTING
662,B011,Delhi,New Delhi,3304.241,3384.241,80,IMT candidate,synthetic_not_verified,synthetic_observation,1,SYNTHETIC_FOR_PIPELINE_TESTING
663,B022,Gujarat,Ahmedabad,5236.954,5246.954,10,WAS/RLAN,synthetic_not_verified,synthetic_observation,1,SYNTHETIC_FOR_PIPELINE_TESTING
664,B011,Telangana,Hyderabad,3321.582,3341.582,20,IMT candidate,synthetic_not_verified,synthetic_observation,0,SYNTHETIC_FOR_PIPELINE_TESTING
665,B014,Tamil Nadu,Chennai,3658.957,3668.957,10,IMT candidate,synthetic_not_verified,synthetic_observation,1,SYNTHETIC_FOR_PIPELINE_TESTING
666,B023,Gujarat,Ahmedabad,5261.252,5271.252,10,WAS/RLAN,synthetic_not_verified,synthetic_observation,0,SYNTHETIC_FOR_PIPELINE_TESTING
667,B022,Karnataka,Bengaluru,5160.831,5165.831,5,WAS/RLAN,synthetic_not_verified,synthetic_observation,0,SYNTHETIC_FOR_PIPELINE_TESTING
668,B024,Karnataka,Bengaluru,5602.789,5603.789,1,WAS/RLAN,synthetic_not_verified,synthetic_observation,1,SYNTHETIC_FOR_PIPELINE_TESTING
669,B021,Karnataka,Bengaluru,2430.314,2440.314,10,Low Power / RLAN,synthetic_not_verified,synthetic_observation,0,SYNTHETIC_FOR_PIPELINE_TESTING
670,B006,Rajasthan,Jaipur,1435.397,1515.397,80,IMT candidate,synthetic_not_verified,synthetic_observation,0,SYNTHETIC_FOR_PIPELINE_TESTING
671,B013,Delhi,New Delhi,3511.466,3591.466,80,IMT candidate,synthetic_not_verified,synthetic_observation,0,SYNTHETIC_FOR_PIPELINE_TESTING
672,B015,Rajasthan,Jaipur,6540.304,6550.304,10,IMT candidate,synthetic_not_verified,synthetic_observation,0,SYNTHETIC_FOR_PIPELINE_TESTING
673,B020,Gujarat,Ahmedabad,67455.141,67460.141,5,IMT candidate,synthetic_not_verified,synthetic_observation,1,SYNTHETIC_FOR_PIPELINE_TESTING
674,B025,Delhi,New Delhi,5735.01,5815.01,80,WAS/RLAN,synthetic_not_verified,synthetic_observation,1,SYNTHETIC_FOR_PIPELINE_TESTING
675,B011,Telangana,Hyderabad,3329.531,3349.531,20,IMT candidate,synthetic_not_verified,synthetic_observation,1,SYNTHETIC_FOR_PIPELINE_TESTING
676,B021,Telangana,Hyderabad,2411.457,2431.457,20,Low Power / RLAN,synthetic_not_verified,synthetic_observation,0,SYNTHETIC_FOR_PIPELINE_TESTING
677,B004,Karnataka,Bengaluru,913.298,914.298,1,IMT candidate,synthetic_not_verified,synthetic_observation,1,SYNTHETIC_FOR_PIPELINE_TESTING
678,B024,Delhi,New Delhi,5626.562,5631.562,5,WAS/RLAN,synthetic_not_verified,synthetic_observation,1,SYNTHETIC_FOR_PIPELINE_TESTING
679,B023,Tamil Nadu,Chennai,5254.628,5274.628,20,WAS/RLAN,synthetic_not_verified,synthetic_observation,0,SYNTHETIC_FOR_PIPELINE_TESTING
680,B009,Telangana,Hyderabad,2317.226,2397.226,80,IMT candidate,synthetic_not_verified,synthetic_observation,0,SYNTHETIC_FOR_PIPELINE_TESTING
681,B013,Rajasthan,Jaipur,3516.673,3596.673,80,IMT candidate,synthetic_not_verified,synthetic_observation,0,SYNTHETIC_FOR_PIPELINE_TESTING
682,B014,Delhi,New Delhi,3659.458,3669.458,10,IMT candidate,synthetic_not_verified,synthetic_observation,1,SYNTHETIC_FOR_PIPELINE_TESTING
683,B018,Maharashtra,Mumbai,39369.127,39449.127,80,IMT candidate,synthetic_not_verified,synthetic_observation,0,SYNTHETIC_FOR_PIPELINE_TESTING
684,B005,Maharashtra,Mumbai,946.173,947.173,1,IMT candidate,synthetic_not_verified,synthetic_observation,0,SYNTHETIC_FOR_PIPELINE_TESTING
685,B025,Rajasthan,Jaipur,5773.66,5813.66,40,WAS/RLAN,synthetic_not_verified,synthetic_observation,1,SYNTHETIC_FOR_PIPELINE_TESTING
686,B010,Tamil Nadu,Chennai,2597.475,2637.475,40,IMT candidate,synthetic_not_verified,synthetic_observation,0,SYNTHETIC_FOR_PIPELINE_TESTING
687,B001,Telangana,Hyderabad,525.671,530.671,5,IMT candidate,synthetic_not_verified,synthetic_observation,0,SYNTHETIC_FOR_PIPELINE_TESTING
688,B012,Telangana,Hyderabad,3439.964,3440.964,1,IMT candidate,synthetic_not_verified,synthetic_observation,0,SYNTHETIC_FOR_PIPELINE_TESTING
689,B020,Delhi,New Delhi,69774.879,69814.879,40,IMT candidate,synthetic_not_verified,synthetic_observation,0,SYNTHETIC_FOR_PIPELINE_TESTING
690,B001,Gujarat,Ahmedabad,555.613,560.613,5,IMT candidate,synthetic_not_verified,synthetic_observation,0,SYNTHETIC_FOR_PIPELINE_TESTING
691,B020,West Bengal,Kolkata,67400.861,67440.861,40,IMT candidate,synthetic_not_verified,synthetic_observation,0,SYNTHETIC_FOR_PIPELINE_TESTING
692,B014,Gujarat,Ahmedabad,3616.125,3636.125,20,IMT candidate,synthetic_not_verified,synthetic_observation,1,SYNTHETIC_FOR_PIPELINE_TESTING
693,B010,Maharashtra,Mumbai,2590.028,2670.028,80,IMT candidate,synthetic_not_verified,synthetic_observation,1,SYNTHETIC_FOR_PIPELINE_TESTING
694,B002,West Bengal,Kolkata,589.443,609.443,20,IMT candidate,synthetic_not_verified,synthetic_observation,1,SYNTHETIC_FOR_PIPELINE_TESTING
695,B023,West Bengal,Kolkata,5275.717,5285.717,10,WAS/RLAN,synthetic_not_verified,synthetic_observation,0,SYNTHETIC_FOR_PIPELINE_TESTING
696,B016,Delhi,New Delhi,7071.347,7076.347,5,IMT candidate,synthetic_not_verified,synthetic_observation,0,SYNTHETIC_FOR_PIPELINE_TESTING
697,B003,Maharashtra,Mumbai,836.101,841.101,5,IMT candidate,synthetic_not_verified,synthetic_observation,0,SYNTHETIC_FOR_PIPELINE_TESTING
698,B014,Rajasthan,Jaipur,3627.151,3632.151,5,IMT candidate,synthetic_not_verified,synthetic_observation,1,SYNTHETIC_FOR_PIPELINE_TESTING
699,B007,Tamil Nadu,Chennai,1934.823,1944.823,10,IMT candidate,synthetic_not_verified,synthetic_observation,0,SYNTHETIC_FOR_PIPELINE_TESTING
700,B020,West Bengal,Kolkata,69266.284,69276.284,10,IMT candidate,synthetic_not_verified,synthetic_observation,0,SYNTHETIC_FOR_PIPELINE_TESTING
701,B013,Karnataka,Bengaluru,3570.041,3575.041,5,IMT candidate,synthetic_not_verified,synthetic_observation,1,SYNTHETIC_FOR_PIPELINE_TESTING
702,B010,Telangana,Hyderabad,2510.225,2515.225,5,IMT candidate,synthetic_not_verified,synthetic_observation,1,SYNTHETIC_FOR_PIPELINE_TESTING
703,B002,West Bengal,Kolkata,599.63,604.63,5,IMT candidate,synthetic_not_verified,synthetic_observation,0,SYNTHETIC_FOR_PIPELINE_TESTING
704,B023,Gujarat,Ahmedabad,5258.682,5298.682,40,WAS/RLAN,synthetic_not_verified,synthetic_observation,0,SYNTHETIC_FOR_PIPELINE_TESTING
705,B025,Karnataka,Bengaluru,5869.03,5874.03,5,WAS/RLAN,synthetic_not_verified,synthetic_observation,0,SYNTHETIC_FOR_PIPELINE_TESTING
706,B005,Delhi,New Delhi,955.238,956.238,1,IMT candidate,synthetic_not_verified,synthetic_observation,0,SYNTHETIC_FOR_PIPELINE_TESTING
707,B015,Karnataka,Bengaluru,6435.726,6436.726,1,IMT candidate,synthetic_not_verified,synthetic_observation,1,SYNTHETIC_FOR_PIPELINE_TESTING
708,B012,West Bengal,Kolkata,3446.725,3486.725,40,IMT candidate,synthetic_not_verified,synthetic_observation,0,SYNTHETIC_FOR_PIPELINE_TESTING
709,B010,Karnataka,Bengaluru,2558.987,2559.987,1,IMT candidate,synthetic_not_verified,synthetic_observation,1,SYNTHETIC_FOR_PIPELINE_TESTING
710,B010,Delhi,New Delhi,2590.087,2670.087,80,IMT candidate,synthetic_not_verified,synthetic_observation,1,SYNTHETIC_FOR_PIPELINE_TESTING
711,B007,Telangana,Hyderabad,2015.209,2016.209,1,IMT candidate,synthetic_not_verified,synthetic_observation,1,SYNTHETIC_FOR_PIPELINE_TESTING
712,B011,Karnataka,Bengaluru,3306.398,3386.398,80,IMT candidate,synthetic_not_verified,synthetic_observation,0,SYNTHETIC_FOR_PIPELINE_TESTING
713,B008,Maharashtra,Mumbai,2177.761,2182.761,5,IMT candidate,synthetic_not_verified,synthetic_observation,0,SYNTHETIC_FOR_PIPELINE_TESTING
714,B007,Gujarat,Ahmedabad,1839.0,1919.0,80,IMT candidate,synthetic_not_verified,synthetic_observation,1,SYNTHETIC_FOR_PIPELINE_TESTING
715,B008,Maharashtra,Mumbai,2123.102,2163.102,40,IMT candidate,synthetic_not_verified,synthetic_observation,0,SYNTHETIC_FOR_PIPELINE_TESTING
716,B022,Gujarat,Ahmedabad,5169.342,5249.342,80,WAS/RLAN,synthetic_not_verified,synthetic_observation,0,SYNTHETIC_FOR_PIPELINE_TESTING
717,B019,Maharashtra,Mumbai,42593.67,42673.67,80,IMT candidate,synthetic_not_verified,synthetic_observation,0,SYNTHETIC_FOR_PIPELINE_TESTING
718,B024,Telangana,Hyderabad,5565.645,5570.645,5,WAS/RLAN,synthetic_not_verified,synthetic_observation,0,SYNTHETIC_FOR_PIPELINE_TESTING
719,B005,West Bengal,Kolkata,957.063,958.063,1,IMT candidate,synthetic_not_verified,synthetic_observation,0,SYNTHETIC_FOR_PIPELINE_TESTING
720,B016,Gujarat,Ahmedabad,7073.243,7113.243,40,IMT candidate,synthetic_not_verified,synthetic_observation,0,SYNTHETIC_FOR_PIPELINE_TESTING
721,B019,Rajasthan,Jaipur,43054.665,43055.665,1,IMT candidate,synthetic_not_verified,synthetic_observation,0,SYNTHETIC_FOR_PIPELINE_TESTING
722,B014,Gujarat,Ahmedabad,3619.626,3620.626,1,IMT candidate,synthetic_not_verified,synthetic_observation,0,SYNTHETIC_FOR_PIPELINE_TESTING
723,B009,Telangana,Hyderabad,2351.326,2371.326,20,IMT candidate,synthetic_not_verified,synthetic_observation,0,SYNTHETIC_FOR_PIPELINE_TESTING
724,B018,Rajasthan,Jaipur,38403.533,38413.533,10,IMT candidate,synthetic_not_verified,synthetic_observation,0,SYNTHETIC_FOR_PIPELINE_TESTING
725,B015,Rajasthan,Jaipur,6883.324,6893.324,10,IMT candidate,synthetic_not_verified,synthetic_observation,0,SYNTHETIC_FOR_PIPELINE_TESTING
726,B005,West Bengal,Kolkata,949.863,959.863,10,IMT candidate,synthetic_not_verified,synthetic_observation,0,SYNTHETIC_FOR_PIPELINE_TESTING
727,B008,Telangana,Hyderabad,2110.926,2115.926,5,IMT candidate,synthetic_not_verified,synthetic_observation,0,SYNTHETIC_FOR_PIPELINE_TESTING
728,B005,Rajasthan,Jaipur,943.558,948.558,5,IMT candidate,synthetic_not_verified,synthetic_observation,0,SYNTHETIC_FOR_PIPELINE_TESTING
729,B016,Rajasthan,Jaipur,7067.86,7107.86,40,IMT candidate,synthetic_not_verified,synthetic_observation,1,SYNTHETIC_FOR_PIPELINE_TESTING
730,B004,Karnataka,Bengaluru,918.739,938.739,20,IMT candidate,synthetic_not_verified,synthetic_observation,1,SYNTHETIC_FOR_PIPELINE_TESTING
731,B017,Delhi,New Delhi,27140.797,27150.797,10,IMT candidate,synthetic_not_verified,synthetic_observation,0,SYNTHETIC_FOR_PIPELINE_TESTING
732,B025,Telangana,Hyderabad,5762.038,5763.038,1,WAS/RLAN,synthetic_not_verified,synthetic_observation,0,SYNTHETIC_FOR_PIPELINE_TESTING
733,B024,Telangana,Hyderabad,5564.603,5644.603,80,WAS/RLAN,synthetic_not_verified,synthetic_observation,0,SYNTHETIC_FOR_PIPELINE_TESTING
734,B016,West Bengal,Kolkata,7043.292,7123.292,80,IMT candidate,synthetic_not_verified,synthetic_observation,0,SYNTHETIC_FOR_PIPELINE_TESTING
735,B020,West Bengal,Kolkata,70195.007,70200.007,5,IMT candidate,synthetic_not_verified,synthetic_observation,0,SYNTHETIC_FOR_PIPELINE_TESTING
736,B001,Telangana,Hyderabad,550.549,555.549,5,IMT candidate,synthetic_not_verified,synthetic_observation,1,SYNTHETIC_FOR_PIPELINE_TESTING
737,B006,Maharashtra,Mumbai,1427.093,1507.093,80,IMT candidate,synthetic_not_verified,synthetic_observation,1,SYNTHETIC_FOR_PIPELINE_TESTING
738,B019,Karnataka,Bengaluru,43401.859,43421.859,20,IMT candidate,synthetic_not_verified,synthetic_observation,1,SYNTHETIC_FOR_PIPELINE_TESTING
739,B019,Telangana,Hyderabad,42535.102,42545.102,10,IMT candidate,synthetic_not_verified,synthetic_observation,1,SYNTHETIC_FOR_PIPELINE_TESTING
740,B024,Gujarat,Ahmedabad,5489.178,5494.178,5,WAS/RLAN,synthetic_not_verified,synthetic_observation,0,SYNTHETIC_FOR_PIPELINE_TESTING
741,B018,Delhi,New Delhi,39457.528,39497.528,40,IMT candidate,synthetic_not_verified,synthetic_observation,0,SYNTHETIC_FOR_PIPELINE_TESTING
742,B010,Gujarat,Ahmedabad,2646.875,2647.875,1,IMT candidate,synthetic_not_verified,synthetic_observation,1,SYNTHETIC_FOR_PIPELINE_TESTING
743,B020,Karnataka,Bengaluru,68852.588,68932.588,80,IMT candidate,synthetic_not_verified,synthetic_observation,0,SYNTHETIC_FOR_PIPELINE_TESTING
744,B025,Karnataka,Bengaluru,5762.479,5802.479,40,WAS/RLAN,synthetic_not_verified,synthetic_observation,1,SYNTHETIC_FOR_PIPELINE_TESTING
745,B002,Delhi,New Delhi,585.0,610.0,40,IMT candidate,synthetic_not_verified,synthetic_observation,0,SYNTHETIC_FOR_PIPELINE_TESTING
746,B007,Gujarat,Ahmedabad,1746.904,1786.904,40,IMT candidate,synthetic_not_verified,synthetic_observation,0,SYNTHETIC_FOR_PIPELINE_TESTING
747,B016,Telangana,Hyderabad,7082.42,7122.42,40,IMT candidate,synthetic_not_verified,synthetic_observation,1,SYNTHETIC_FOR_PIPELINE_TESTING
748,B016,Maharashtra,Mumbai,7120.144,7121.144,1,IMT candidate,synthetic_not_verified,synthetic_observation,0,SYNTHETIC_FOR_PIPELINE_TESTING
749,B003,West Bengal,Kolkata,817.052,818.052,1,IMT candidate,synthetic_not_verified,synthetic_observation,1,SYNTHETIC_FOR_PIPELINE_TESTING
750,B012,Karnataka,Bengaluru,3431.918,3441.918,10,IMT candidate,synthetic_not_verified,synthetic_observation,0,SYNTHETIC_FOR_PIPELINE_TESTING
751,B012,Tamil Nadu,Chennai,3479.289,3489.289,10,IMT candidate,synthetic_not_verified,synthetic_observation,1,SYNTHETIC_FOR_PIPELINE_TESTING
752,B020,Rajasthan,Jaipur,66349.185,66359.185,10,IMT candidate,synthetic_not_verified,synthetic_observation,0,SYNTHETIC_FOR_PIPELINE_TESTING
753,B004,Karnataka,Bengaluru,894.111,899.111,5,IMT candidate,synthetic_not_verified,synthetic_observation,1,SYNTHETIC_FOR_PIPELINE_TESTING
754,B006,West Bengal,Kolkata,1429.516,1509.516,80,IMT candidate,synthetic_not_verified,synthetic_observation,0,SYNTHETIC_FOR_PIPELINE_TESTING
755,B013,Delhi,New Delhi,3506.617,3586.617,80,IMT candidate,synthetic_not_verified,synthetic_observation,1,SYNTHETIC_FOR_PIPELINE_TESTING
756,B006,Telangana,Hyderabad,1481.653,1501.653,20,IMT candidate,synthetic_not_verified,synthetic_observation,0,SYNTHETIC_FOR_PIPELINE_TESTING
757,B012,Rajasthan,Jaipur,3407.308,3417.308,10,IMT candidate,synthetic_not_verified,synthetic_observation,0,SYNTHETIC_FOR_PIPELINE_TESTING
758,B017,Maharashtra,Mumbai,26390.585,26400.585,10,IMT candidate,synthetic_not_verified,synthetic_observation,0,SYNTHETIC_FOR_PIPELINE_TESTING
759,B012,Rajasthan,Jaipur,3480.126,3490.126,10,IMT candidate,synthetic_not_verified,synthetic_observation,0,SYNTHETIC_FOR_PIPELINE_TESTING
760,B006,Karnataka,Bengaluru,1458.779,1498.779,40,IMT candidate,synthetic_not_verified,synthetic_observation,0,SYNTHETIC_FOR_PIPELINE_TESTING
761,B020,Gujarat,Ahmedabad,68469.946,68479.946,10,IMT candidate,synthetic_not_verified,synthetic_observation,1,SYNTHETIC_FOR_PIPELINE_TESTING
762,B022,Delhi,New Delhi,5245.658,5246.658,1,WAS/RLAN,synthetic_not_verified,synthetic_observation,0,SYNTHETIC_FOR_PIPELINE_TESTING
763,B016,Tamil Nadu,Chennai,7094.341,7099.341,5,IMT candidate,synthetic_not_verified,synthetic_observation,0,SYNTHETIC_FOR_PIPELINE_TESTING
764,B007,Gujarat,Ahmedabad,1855.072,1856.072,1,IMT candidate,synthetic_not_verified,synthetic_observation,0,SYNTHETIC_FOR_PIPELINE_TESTING
765,B010,Tamil Nadu,Chennai,2568.327,2608.327,40,IMT candidate,synthetic_not_verified,synthetic_observation,0,SYNTHETIC_FOR_PIPELINE_TESTING
766,B001,Delhi,New Delhi,523.642,533.642,10,IMT candidate,synthetic_not_verified,synthetic_observation,0,SYNTHETIC_FOR_PIPELINE_TESTING
767,B015,Telangana,Hyderabad,6821.929,6831.929,10,IMT candidate,synthetic_not_verified,synthetic_observation,1,SYNTHETIC_FOR_PIPELINE_TESTING
768,B019,Karnataka,Bengaluru,43208.373,43213.373,5,IMT candidate,synthetic_not_verified,synthetic_observation,1,SYNTHETIC_FOR_PIPELINE_TESTING
769,B020,Rajasthan,Jaipur,66142.17,66152.17,10,IMT candidate,synthetic_not_verified,synthetic_observation,0,SYNTHETIC_FOR_PIPELINE_TESTING
770,B021,West Bengal,Kolkata,2441.399,2481.399,40,Low Power / RLAN,synthetic_not_verified,synthetic_observation,0,SYNTHETIC_FOR_PIPELINE_TESTING
771,B013,Delhi,New Delhi,3514.259,3515.259,1,IMT candidate,synthetic_not_verified,synthetic_observation,0,SYNTHETIC_FOR_PIPELINE_TESTING
772,B004,West Bengal,Kolkata,901.777,941.777,40,IMT candidate,synthetic_not_verified,synthetic_observation,0,SYNTHETIC_FOR_PIPELINE_TESTING
773,B018,Maharashtra,Mumbai,39595.472,39596.472,1,IMT candidate,synthetic_not_verified,synthetic_observation,0,SYNTHETIC_FOR_PIPELINE_TESTING
774,B013,West Bengal,Kolkata,3553.785,3593.785,40,IMT candidate,synthetic_not_verified,synthetic_observation,1,SYNTHETIC_FOR_PIPELINE_TESTING
775,B013,Delhi,New Delhi,3589.213,3594.213,5,IMT candidate,synthetic_not_verified,synthetic_observation,1,SYNTHETIC_FOR_PIPELINE_TESTING
776,B004,Maharashtra,Mumbai,917.149,927.149,10,IMT candidate,synthetic_not_verified,synthetic_observation,1,SYNTHETIC_FOR_PIPELINE_TESTING
777,B017,Gujarat,Ahmedabad,26455.037,26495.037,40,IMT candidate,synthetic_not_verified,synthetic_observation,1,SYNTHETIC_FOR_PIPELINE_TESTING
778,B008,Tamil Nadu,Chennai,2111.426,2191.426,80,IMT candidate,synthetic_not_verified,synthetic_observation,1,SYNTHETIC_FOR_PIPELINE_TESTING
779,B001,Rajasthan,Jaipur,549.378,559.378,10,IMT candidate,synthetic_not_verified,synthetic_observation,1,SYNTHETIC_FOR_PIPELINE_TESTING
780,B008,Karnataka,Bengaluru,2143.368,2163.368,20,IMT candidate,synthetic_not_verified,synthetic_observation,1,SYNTHETIC_FOR_PIPELINE_TESTING
781,B008,Delhi,New Delhi,2110.853,2190.853,80,IMT candidate,synthetic_not_verified,synthetic_observation,1,SYNTHETIC_FOR_PIPELINE_TESTING
782,B023,Maharashtra,Mumbai,5322.836,5332.836,10,WAS/RLAN,synthetic_not_verified,synthetic_observation,1,SYNTHETIC_FOR_PIPELINE_TESTING
783,B014,Tamil Nadu,Chennai,3607.131,3647.131,40,IMT candidate,synthetic_not_verified,synthetic_observation,1,SYNTHETIC_FOR_PIPELINE_TESTING
784,B006,West Bengal,Kolkata,1504.052,1509.052,5,IMT candidate,synthetic_not_verified,synthetic_observation,0,SYNTHETIC_FOR_PIPELINE_TESTING
785,B022,Gujarat,Ahmedabad,5159.461,5239.461,80,WAS/RLAN,synthetic_not_verified,synthetic_observation,0,SYNTHETIC_FOR_PIPELINE_TESTING
786,B017,Gujarat,Ahmedabad,25057.454,25077.454,20,IMT candidate,synthetic_not_verified,synthetic_observation,0,SYNTHETIC_FOR_PIPELINE_TESTING
787,B010,Telangana,Hyderabad,2522.735,2542.735,20,IMT candidate,synthetic_not_verified,synthetic_observation,0,SYNTHETIC_FOR_PIPELINE_TESTING
788,B015,Maharashtra,Mumbai,6803.742,6883.742,80,IMT candidate,synthetic_not_verified,synthetic_observation,0,SYNTHETIC_FOR_PIPELINE_TESTING
789,B023,Delhi,New Delhi,5319.37,5339.37,20,WAS/RLAN,synthetic_not_verified,synthetic_observation,0,SYNTHETIC_FOR_PIPELINE_TESTING
790,B010,Maharashtra,Mumbai,2505.899,2585.899,80,IMT candidate,synthetic_not_verified,synthetic_observation,1,SYNTHETIC_FOR_PIPELINE_TESTING
791,B019,Maharashtra,Mumbai,43139.654,43179.654,40,IMT candidate,synthetic_not_verified,synthetic_observation,0,SYNTHETIC_FOR_PIPELINE_TESTING
792,B003,West Bengal,Kolkata,730.068,731.068,1,IMT candidate,synthetic_not_verified,synthetic_observation,0,SYNTHETIC_FOR_PIPELINE_TESTING
793,B018,Rajasthan,Jaipur,38919.068,38959.068,40,IMT candidate,synthetic_not_verified,synthetic_observation,0,SYNTHETIC_FOR_PIPELINE_TESTING
794,B023,Delhi,New Delhi,5299.61,5319.61,20,WAS/RLAN,synthetic_not_verified,synthetic_observation,0,SYNTHETIC_FOR_PIPELINE_TESTING
795,B002,Telangana,Hyderabad,586.148,606.148,20,IMT candidate,synthetic_not_verified,synthetic_observation,0,SYNTHETIC_FOR_PIPELINE_TESTING
796,B012,Tamil Nadu,Chennai,3446.608,3486.608,40,IMT candidate,synthetic_not_verified,synthetic_observation,0,SYNTHETIC_FOR_PIPELINE_TESTING
797,B005,Karnataka,Bengaluru,942.0,960.0,40,IMT candidate,synthetic_not_verified,synthetic_observation,0,SYNTHETIC_FOR_PIPELINE_TESTING
798,B010,Karnataka,Bengaluru,2533.808,2538.808,5,IMT candidate,synthetic_not_verified,synthetic_observation,1,SYNTHETIC_FOR_PIPELINE_TESTING
799,B008,Rajasthan,Jaipur,2165.542,2170.542,5,IMT candidate,synthetic_not_verified,synthetic_observation,1,SYNTHETIC_FOR_PIPELINE_TESTING
800,B002,Rajasthan,Jaipur,595.884,596.884,1,IMT candidate,synthetic_not_verified,synthetic_observation,0,SYNTHETIC_FOR_PIPELINE_TESTING
801,B002,Gujarat,Ahmedabad,585.0,610.0,80,IMT candidate,synthetic_not_verified,synthetic_observation,0,SYNTHETIC_FOR_PIPELINE_TESTING
802,B002,Maharashtra,Mumbai,585.0,610.0,80,IMT candidate,synthetic_not_verified,synthetic_observation,0,SYNTHETIC_FOR_PIPELINE_TESTING
803,B008,Rajasthan,Jaipur,2191.846,2192.846,1,IMT candidate,synthetic_not_verified,synthetic_observation,0,SYNTHETIC_FOR_PIPELINE_TESTING
804,B008,Karnataka,Bengaluru,2118.28,2198.28,80,IMT candidate,synthetic_not_verified,synthetic_observation,0,SYNTHETIC_FOR_PIPELINE_TESTING
805,B021,Tamil Nadu,Chennai,2414.962,2424.962,10,Low Power / RLAN,synthetic_not_verified,synthetic_observation,0,SYNTHETIC_FOR_PIPELINE_TESTING
806,B016,Delhi,New Delhi,7074.348,7094.348,20,IMT candidate,synthetic_not_verified,synthetic_observation,0,SYNTHETIC_FOR_PIPELINE_TESTING
807,B024,Tamil Nadu,Chennai,5634.328,5639.328,5,WAS/RLAN,synthetic_not_verified,synthetic_observation,0,SYNTHETIC_FOR_PIPELINE_TESTING
808,B013,Tamil Nadu,Chennai,3505.517,3510.517,5,IMT candidate,synthetic_not_verified,synthetic_observation,0,SYNTHETIC_FOR_PIPELINE_TESTING
809,B003,Tamil Nadu,Chennai,771.112,811.112,40,IMT candidate,synthetic_not_verified,synthetic_observation,1,SYNTHETIC_FOR_PIPELINE_TESTING
810,B010,Delhi,New Delhi,2509.726,2529.726,20,IMT candidate,synthetic_not_verified,synthetic_observation,0,SYNTHETIC_FOR_PIPELINE_TESTING
811,B001,Rajasthan,Jaipur,542.504,562.504,20,IMT candidate,synthetic_not_verified,synthetic_observation,0,SYNTHETIC_FOR_PIPELINE_TESTING
812,B009,Maharashtra,Mumbai,2308.128,2348.128,40,IMT candidate,synthetic_not_verified,synthetic_observation,1,SYNTHETIC_FOR_PIPELINE_TESTING
813,B003,Maharashtra,Mumbai,639.385,649.385,10,IMT candidate,synthetic_not_verified,synthetic_observation,1,SYNTHETIC_FOR_PIPELINE_TESTING
814,B016,Gujarat,Ahmedabad,7058.554,7098.554,40,IMT candidate,synthetic_not_verified,synthetic_observation,0,SYNTHETIC_FOR_PIPELINE_TESTING
815,B003,Telangana,Hyderabad,882.239,883.239,1,IMT candidate,synthetic_not_verified,synthetic_observation,0,SYNTHETIC_FOR_PIPELINE_TESTING
816,B004,West Bengal,Kolkata,939.609,940.609,1,IMT candidate,synthetic_not_verified,synthetic_observation,1,SYNTHETIC_FOR_PIPELINE_TESTING
817,B004,Telangana,Hyderabad,923.875,928.875,5,IMT candidate,synthetic_not_verified,synthetic_observation,0,SYNTHETIC_FOR_PIPELINE_TESTING
818,B017,West Bengal,Kolkata,25743.834,25753.834,10,IMT candidate,synthetic_not_verified,synthetic_observation,0,SYNTHETIC_FOR_PIPELINE_TESTING
819,B017,Gujarat,Ahmedabad,26875.711,26885.711,10,IMT candidate,synthetic_not_verified,synthetic_observation,1,SYNTHETIC_FOR_PIPELINE_TESTING
820,B022,West Bengal,Kolkata,5158.454,5159.454,1,WAS/RLAN,synthetic_not_verified,synthetic_observation,0,SYNTHETIC_FOR_PIPELINE_TESTING
821,B020,Rajasthan,Jaipur,67792.175,67797.175,5,IMT candidate,synthetic_not_verified,synthetic_observation,1,SYNTHETIC_FOR_PIPELINE_TESTING
822,B020,Rajasthan,Jaipur,69300.139,69310.139,10,IMT candidate,synthetic_not_verified,synthetic_observation,0,SYNTHETIC_FOR_PIPELINE_TESTING
823,B011,West Bengal,Kolkata,3306.389,3326.389,20,IMT candidate,synthetic_not_verified,synthetic_observation,1,SYNTHETIC_FOR_PIPELINE_TESTING
824,B001,Tamil Nadu,Chennai,482.42,522.42,40,IMT candidate,synthetic_not_verified,synthetic_observation,0,SYNTHETIC_FOR_PIPELINE_TESTING
825,B015,Gujarat,Ahmedabad,6827.776,6847.776,20,IMT candidate,synthetic_not_verified,synthetic_observation,0,SYNTHETIC_FOR_PIPELINE_TESTING
826,B005,Tamil Nadu,Chennai,942.0,960.0,40,IMT candidate,synthetic_not_verified,synthetic_observation,0,SYNTHETIC_FOR_PIPELINE_TESTING
827,B009,Telangana,Hyderabad,2321.988,2361.988,40,IMT candidate,synthetic_not_verified,synthetic_observation,1,SYNTHETIC_FOR_PIPELINE_TESTING
828,B009,Gujarat,Ahmedabad,2303.078,2304.078,1,IMT candidate,synthetic_not_verified,synthetic_observation,0,SYNTHETIC_FOR_PIPELINE_TESTING
829,B010,Delhi,New Delhi,2601.283,2611.283,10,IMT candidate,synthetic_not_verified,synthetic_observation,1,SYNTHETIC_FOR_PIPELINE_TESTING
830,B007,Delhi,New Delhi,1846.402,1866.402,20,IMT candidate,synthetic_not_verified,synthetic_observation,0,SYNTHETIC_FOR_PIPELINE_TESTING
831,B020,Rajasthan,Jaipur,66293.753,66373.753,80,IMT candidate,synthetic_not_verified,synthetic_observation,0,SYNTHETIC_FOR_PIPELINE_TESTING
832,B005,West Bengal,Kolkata,948.083,958.083,10,IMT candidate,synthetic_not_verified,synthetic_observation,0,SYNTHETIC_FOR_PIPELINE_TESTING
833,B018,Telangana,Hyderabad,39572.496,39577.496,5,IMT candidate,synthetic_not_verified,synthetic_observation,1,SYNTHETIC_FOR_PIPELINE_TESTING
834,B022,Delhi,New Delhi,5215.606,5225.606,10,WAS/RLAN,synthetic_not_verified,synthetic_observation,0,SYNTHETIC_FOR_PIPELINE_TESTING
835,B008,Tamil Nadu,Chennai,2128.528,2168.528,40,IMT candidate,synthetic_not_verified,synthetic_observation,0,SYNTHETIC_FOR_PIPELINE_TESTING
836,B002,Maharashtra,Mumbai,593.938,603.938,10,IMT candidate,synthetic_not_verified,synthetic_observation,0,SYNTHETIC_FOR_PIPELINE_TESTING
837,B015,West Bengal,Kolkata,6797.32,6877.32,80,IMT candidate,synthetic_not_verified,synthetic_observation,0,SYNTHETIC_FOR_PIPELINE_TESTING
838,B016,Maharashtra,Mumbai,7053.146,7093.146,40,IMT candidate,synthetic_not_verified,synthetic_observation,0,SYNTHETIC_FOR_PIPELINE_TESTING
839,B008,Gujarat,Ahmedabad,2164.377,2174.377,10,IMT candidate,synthetic_not_verified,synthetic_observation,1,SYNTHETIC_FOR_PIPELINE_TESTING
840,B009,Delhi,New Delhi,2302.847,2342.847,40,IMT candidate,synthetic_not_verified,synthetic_observation,0,SYNTHETIC_FOR_PIPELINE_TESTING
841,B003,West Bengal,Kolkata,745.076,750.076,5,IMT candidate,synthetic_not_verified,synthetic_observation,0,SYNTHETIC_FOR_PIPELINE_TESTING
842,B005,Telangana,Hyderabad,942.0,960.0,20,IMT candidate,synthetic_not_verified,synthetic_observation,0,SYNTHETIC_FOR_PIPELINE_TESTING
843,B023,Tamil Nadu,Chennai,5256.294,5276.294,20,WAS/RLAN,synthetic_not_verified,synthetic_observation,1,SYNTHETIC_FOR_PIPELINE_TESTING
844,B005,Telangana,Hyderabad,948.222,958.222,10,IMT candidate,synthetic_not_verified,synthetic_observation,1,SYNTHETIC_FOR_PIPELINE_TESTING
845,B012,Karnataka,Bengaluru,3404.709,3444.709,40,IMT candidate,synthetic_not_verified,synthetic_observation,1,SYNTHETIC_FOR_PIPELINE_TESTING
846,B012,Gujarat,Ahmedabad,3464.866,3484.866,20,IMT candidate,synthetic_not_verified,synthetic_observation,1,SYNTHETIC_FOR_PIPELINE_TESTING
847,B024,Maharashtra,Mumbai,5503.215,5583.215,80,WAS/RLAN,synthetic_not_verified,synthetic_observation,0,SYNTHETIC_FOR_PIPELINE_TESTING
848,B025,West Bengal,Kolkata,5739.141,5819.141,80,WAS/RLAN,synthetic_not_verified,synthetic_observation,0,SYNTHETIC_FOR_PIPELINE_TESTING
849,B022,Karnataka,Bengaluru,5224.551,5225.551,1,WAS/RLAN,synthetic_not_verified,synthetic_observation,1,SYNTHETIC_FOR_PIPELINE_TESTING
850,B017,Delhi,New Delhi,26774.609,26794.609,20,IMT candidate,synthetic_not_verified,synthetic_observation,0,SYNTHETIC_FOR_PIPELINE_TESTING
851,B018,Gujarat,Ahmedabad,39677.097,39687.097,10,IMT candidate,synthetic_not_verified,synthetic_observation,1,SYNTHETIC_FOR_PIPELINE_TESTING
852,B014,Karnataka,Bengaluru,3634.311,3654.311,20,IMT candidate,synthetic_not_verified,synthetic_observation,0,SYNTHETIC_FOR_PIPELINE_TESTING
853,B014,Karnataka,Bengaluru,3610.199,3650.199,40,IMT candidate,synthetic_not_verified,synthetic_observation,0,SYNTHETIC_FOR_PIPELINE_TESTING
854,B004,Tamil Nadu,Chennai,909.716,929.716,20,IMT candidate,synthetic_not_verified,synthetic_observation,0,SYNTHETIC_FOR_PIPELINE_TESTING
855,B004,Telangana,Hyderabad,907.026,927.026,20,IMT candidate,synthetic_not_verified,synthetic_observation,0,SYNTHETIC_FOR_PIPELINE_TESTING
856,B017,Karnataka,Bengaluru,27237.68,27238.68,1,IMT candidate,synthetic_not_verified,synthetic_observation,0,SYNTHETIC_FOR_PIPELINE_TESTING
857,B023,Telangana,Hyderabad,5262.024,5272.024,10,WAS/RLAN,synthetic_not_verified,synthetic_observation,1,SYNTHETIC_FOR_PIPELINE_TESTING
858,B004,Maharashtra,Mumbai,890.715,930.715,40,IMT candidate,synthetic_not_verified,synthetic_observation,1,SYNTHETIC_FOR_PIPELINE_TESTING
859,B003,West Bengal,Kolkata,795.043,800.043,5,IMT candidate,synthetic_not_verified,synthetic_observation,0,SYNTHETIC_FOR_PIPELINE_TESTING
860,B019,Maharashtra,Mumbai,42511.59,42551.59,40,IMT candidate,synthetic_not_verified,synthetic_observation,0,SYNTHETIC_FOR_PIPELINE_TESTING
861,B021,Maharashtra,Mumbai,2401.51,2481.51,80,Low Power / RLAN,synthetic_not_verified,synthetic_observation,1,SYNTHETIC_FOR_PIPELINE_TESTING
862,B020,Maharashtra,Mumbai,69062.778,69102.778,40,IMT candidate,synthetic_not_verified,synthetic_observation,0,SYNTHETIC_FOR_PIPELINE_TESTING
863,B019,Maharashtra,Mumbai,43322.622,43327.622,5,IMT candidate,synthetic_not_verified,synthetic_observation,1,SYNTHETIC_FOR_PIPELINE_TESTING
864,B001,Tamil Nadu,Chennai,510.654,550.654,40,IMT candidate,synthetic_not_verified,synthetic_observation,0,SYNTHETIC_FOR_PIPELINE_TESTING
865,B007,Delhi,New Delhi,1841.412,1921.412,80,IMT candidate,synthetic_not_verified,synthetic_observation,0,SYNTHETIC_FOR_PIPELINE_TESTING
866,B022,Tamil Nadu,Chennai,5166.43,5246.43,80,WAS/RLAN,synthetic_not_verified,synthetic_observation,0,SYNTHETIC_FOR_PIPELINE_TESTING
867,B025,Maharashtra,Mumbai,5769.902,5774.902,5,WAS/RLAN,synthetic_not_verified,synthetic_observation,1,SYNTHETIC_FOR_PIPELINE_TESTING
868,B009,Tamil Nadu,Chennai,2310.738,2315.738,5,IMT candidate,synthetic_not_verified,synthetic_observation,0,SYNTHETIC_FOR_PIPELINE_TESTING
869,B014,Telangana,Hyderabad,3663.458,3668.458,5,IMT candidate,synthetic_not_verified,synthetic_observation,0,SYNTHETIC_FOR_PIPELINE_TESTING
870,B001,Tamil Nadu,Chennai,477.439,557.439,80,IMT candidate,synthetic_not_verified,synthetic_observation,1,SYNTHETIC_FOR_PIPELINE_TESTING
871,B009,West Bengal,Kolkata,2339.781,2349.781,10,IMT candidate,synthetic_not_verified,synthetic_observation,1,SYNTHETIC_FOR_PIPELINE_TESTING
872,B003,Rajasthan,Jaipur,672.982,673.982,1,IMT candidate,synthetic_not_verified,synthetic_observation,1,SYNTHETIC_FOR_PIPELINE_TESTING
873,B018,Gujarat,Ahmedabad,38796.771,38836.771,40,IMT candidate,synthetic_not_verified,synthetic_observation,1,SYNTHETIC_FOR_PIPELINE_TESTING
874,B023,Rajasthan,Jaipur,5250.847,5260.847,10,WAS/RLAN,synthetic_not_verified,synthetic_observation,0,SYNTHETIC_FOR_PIPELINE_TESTING
875,B007,Tamil Nadu,Chennai,1806.079,1886.079,80,IMT candidate,synthetic_not_verified,synthetic_observation,0,SYNTHETIC_FOR_PIPELINE_TESTING
876,B007,Delhi,New Delhi,1887.862,1967.862,80,IMT candidate,synthetic_not_verified,synthetic_observation,0,SYNTHETIC_FOR_PIPELINE_TESTING
877,B020,Gujarat,Ahmedabad,70360.246,70380.246,20,IMT candidate,synthetic_not_verified,synthetic_observation,0,SYNTHETIC_FOR_PIPELINE_TESTING
878,B014,West Bengal,Kolkata,3620.356,3660.356,40,IMT candidate,synthetic_not_verified,synthetic_observation,0,SYNTHETIC_FOR_PIPELINE_TESTING
879,B001,West Bengal,Kolkata,539.855,549.855,10,IMT candidate,synthetic_not_verified,synthetic_observation,1,SYNTHETIC_FOR_PIPELINE_TESTING
880,B014,Gujarat,Ahmedabad,3647.089,3652.089,5,IMT candidate,synthetic_not_verified,synthetic_observation,0,SYNTHETIC_FOR_PIPELINE_TESTING
881,B025,Telangana,Hyderabad,5814.961,5824.961,10,WAS/RLAN,synthetic_not_verified,synthetic_observation,0,SYNTHETIC_FOR_PIPELINE_TESTING
882,B017,Karnataka,Bengaluru,24846.363,24851.363,5,IMT candidate,synthetic_not_verified,synthetic_observation,1,SYNTHETIC_FOR_PIPELINE_TESTING
883,B013,Maharashtra,Mumbai,3532.786,3552.786,20,IMT candidate,synthetic_not_verified,synthetic_observation,0,SYNTHETIC_FOR_PIPELINE_TESTING
884,B009,Maharashtra,Mumbai,2349.494,2350.494,1,IMT candidate,synthetic_not_verified,synthetic_observation,1,SYNTHETIC_FOR_PIPELINE_TESTING
885,B017,Telangana,Hyderabad,26879.076,26884.076,5,IMT candidate,synthetic_not_verified,synthetic_observation,0,SYNTHETIC_FOR_PIPELINE_TESTING
886,B007,Rajasthan,Jaipur,1879.142,1884.142,5,IMT candidate,synthetic_not_verified,synthetic_observation,1,SYNTHETIC_FOR_PIPELINE_TESTING
887,B023,Delhi,New Delhi,5250.675,5330.675,80,WAS/RLAN,synthetic_not_verified,synthetic_observation,0,SYNTHETIC_FOR_PIPELINE_TESTING
888,B001,Tamil Nadu,Chennai,518.325,538.325,20,IMT candidate,synthetic_not_verified,synthetic_observation,0,SYNTHETIC_FOR_PIPELINE_TESTING
889,B021,Maharashtra,Mumbai,2400.681,2480.681,80,Low Power / RLAN,synthetic_not_verified,synthetic_observation,0,SYNTHETIC_FOR_PIPELINE_TESTING
890,B010,Delhi,New Delhi,2507.283,2547.283,40,IMT candidate,synthetic_not_verified,synthetic_observation,0,SYNTHETIC_FOR_PIPELINE_TESTING
891,B008,Gujarat,Ahmedabad,2169.277,2179.277,10,IMT candidate,synthetic_not_verified,synthetic_observation,0,SYNTHETIC_FOR_PIPELINE_TESTING
892,B004,Telangana,Hyderabad,932.775,937.775,5,IMT candidate,synthetic_not_verified,synthetic_observation,0,SYNTHETIC_FOR_PIPELINE_TESTING
893,B014,Rajasthan,Jaipur,3618.857,3638.857,20,IMT candidate,synthetic_not_verified,synthetic_observation,0,SYNTHETIC_FOR_PIPELINE_TESTING
894,B004,Telangana,Hyderabad,912.792,922.792,10,IMT candidate,synthetic_not_verified,synthetic_observation,0,SYNTHETIC_FOR_PIPELINE_TESTING
895,B012,Delhi,New Delhi,3405.59,3410.59,5,IMT candidate,synthetic_not_verified,synthetic_observation,0,SYNTHETIC_FOR_PIPELINE_TESTING
896,B005,Karnataka,Bengaluru,947.844,957.844,10,IMT candidate,synthetic_not_verified,synthetic_observation,0,SYNTHETIC_FOR_PIPELINE_TESTING
897,B005,Gujarat,Ahmedabad,942.0,960.0,20,IMT candidate,synthetic_not_verified,synthetic_observation,0,SYNTHETIC_FOR_PIPELINE_TESTING
898,B010,Karnataka,Bengaluru,2596.559,2636.559,40,IMT candidate,synthetic_not_verified,synthetic_observation,0,SYNTHETIC_FOR_PIPELINE_TESTING
899,B012,Rajasthan,Jaipur,3463.782,3483.782,20,IMT candidate,synthetic_not_verified,synthetic_observation,0,SYNTHETIC_FOR_PIPELINE_TESTING
900,B011,Rajasthan,Jaipur,3338.949,3378.949,40,IMT candidate,synthetic_not_verified,synthetic_observation,0,SYNTHETIC_FOR_PIPELINE_TESTING
901,B009,Maharashtra,Mumbai,2362.343,2363.343,1,IMT candidate,synthetic_not_verified,synthetic_observation,0,SYNTHETIC_FOR_PIPELINE_TESTING
902,B010,Karnataka,Bengaluru,2590.965,2670.965,80,IMT candidate,synthetic_not_verified,synthetic_observation,1,SYNTHETIC_FOR_PIPELINE_TESTING
903,B021,Tamil Nadu,Chennai,2448.198,2468.198,20,Low Power / RLAN,synthetic_not_verified,synthetic_observation,1,SYNTHETIC_FOR_PIPELINE_TESTING
904,B005,Delhi,New Delhi,946.873,951.873,5,IMT candidate,synthetic_not_verified,synthetic_observation,1,SYNTHETIC_FOR_PIPELINE_TESTING
905,B025,West Bengal,Kolkata,5769.302,5849.302,80,WAS/RLAN,synthetic_not_verified,synthetic_observation,1,SYNTHETIC_FOR_PIPELINE_TESTING
906,B007,Rajasthan,Jaipur,1996.163,2001.163,5,IMT candidate,synthetic_not_verified,synthetic_observation,0,SYNTHETIC_FOR_PIPELINE_TESTING
907,B010,West Bengal,Kolkata,2542.035,2562.035,20,IMT candidate,synthetic_not_verified,synthetic_observation,0,SYNTHETIC_FOR_PIPELINE_TESTING
908,B009,West Bengal,Kolkata,2304.732,2384.732,80,IMT candidate,synthetic_not_verified,synthetic_observation,0,SYNTHETIC_FOR_PIPELINE_TESTING
909,B025,Maharashtra,Mumbai,5732.898,5772.898,40,WAS/RLAN,synthetic_not_verified,synthetic_observation,0,SYNTHETIC_FOR_PIPELINE_TESTING
910,B008,Maharashtra,Mumbai,2141.982,2161.982,20,IMT candidate,synthetic_not_verified,synthetic_observation,1,SYNTHETIC_FOR_PIPELINE_TESTING
911,B015,Rajasthan,Jaipur,6798.586,6878.586,80,IMT candidate,synthetic_not_verified,synthetic_observation,0,SYNTHETIC_FOR_PIPELINE_TESTING
912,B018,Tamil Nadu,Chennai,39177.683,39197.683,20,IMT candidate,synthetic_not_verified,synthetic_observation,0,SYNTHETIC_FOR_PIPELINE_TESTING
913,B017,Telangana,Hyderabad,25377.471,25397.471,20,IMT candidate,synthetic_not_verified,synthetic_observation,0,SYNTHETIC_FOR_PIPELINE_TESTING
914,B019,Delhi,New Delhi,42682.954,42687.954,5,IMT candidate,synthetic_not_verified,synthetic_observation,1,SYNTHETIC_FOR_PIPELINE_TESTING
915,B012,Rajasthan,Jaipur,3448.026,3458.026,10,IMT candidate,synthetic_not_verified,synthetic_observation,0,SYNTHETIC_FOR_PIPELINE_TESTING
916,B005,Tamil Nadu,Chennai,946.353,956.353,10,IMT candidate,synthetic_not_verified,synthetic_observation,0,SYNTHETIC_FOR_PIPELINE_TESTING
917,B004,Maharashtra,Mumbai,895.485,935.485,40,IMT candidate,synthetic_not_verified,synthetic_observation,0,SYNTHETIC_FOR_PIPELINE_TESTING
918,B007,Telangana,Hyderabad,1916.927,1956.927,40,IMT candidate,synthetic_not_verified,synthetic_observation,1,SYNTHETIC_FOR_PIPELINE_TESTING
919,B024,Rajasthan,Jaipur,5492.154,5493.154,1,WAS/RLAN,synthetic_not_verified,synthetic_observation,0,SYNTHETIC_FOR_PIPELINE_TESTING
920,B009,Tamil Nadu,Chennai,2358.794,2378.794,20,IMT candidate,synthetic_not_verified,synthetic_observation,0,SYNTHETIC_FOR_PIPELINE_TESTING
921,B025,Telangana,Hyderabad,5733.028,5738.028,5,WAS/RLAN,synthetic_not_verified,synthetic_observation,0,SYNTHETIC_FOR_PIPELINE_TESTING
922,B012,Maharashtra,Mumbai,3408.099,3488.099,80,IMT candidate,synthetic_not_verified,synthetic_observation,0,SYNTHETIC_FOR_PIPELINE_TESTING
923,B011,Rajasthan,Jaipur,3313.058,3393.058,80,IMT candidate,synthetic_not_verified,synthetic_observation,0,SYNTHETIC_FOR_PIPELINE_TESTING
924,B002,Maharashtra,Mumbai,592.606,593.606,1,IMT candidate,synthetic_not_verified,synthetic_observation,0,SYNTHETIC_FOR_PIPELINE_TESTING
925,B020,Gujarat,Ahmedabad,67848.265,67853.265,5,IMT candidate,synthetic_not_verified,synthetic_observation,0,SYNTHETIC_FOR_PIPELINE_TESTING
926,B002,Gujarat,Ahmedabad,585.0,610.0,80,IMT candidate,synthetic_not_verified,synthetic_observation,1,SYNTHETIC_FOR_PIPELINE_TESTING
927,B011,Karnataka,Bengaluru,3327.651,3337.651,10,IMT candidate,synthetic_not_verified,synthetic_observation,0,SYNTHETIC_FOR_PIPELINE_TESTING
928,B003,Karnataka,Bengaluru,698.629,778.629,80,IMT candidate,synthetic_not_verified,synthetic_observation,1,SYNTHETIC_FOR_PIPELINE_TESTING
929,B012,Telangana,Hyderabad,3403.63,3483.63,80,IMT candidate,synthetic_not_verified,synthetic_observation,0,SYNTHETIC_FOR_PIPELINE_TESTING
930,B004,Gujarat,Ahmedabad,930.91,940.91,10,IMT candidate,synthetic_not_verified,synthetic_observation,0,SYNTHETIC_FOR_PIPELINE_TESTING
931,B015,Gujarat,Ahmedabad,6584.835,6585.835,1,IMT candidate,synthetic_not_verified,synthetic_observation,0,SYNTHETIC_FOR_PIPELINE_TESTING
932,B014,Delhi,New Delhi,3615.123,3635.123,20,IMT candidate,synthetic_not_verified,synthetic_observation,0,SYNTHETIC_FOR_PIPELINE_TESTING
933,B004,Telangana,Hyderabad,897.652,902.652,5,IMT candidate,synthetic_not_verified,synthetic_observation,0,SYNTHETIC_FOR_PIPELINE_TESTING
934,B023,Telangana,Hyderabad,5314.421,5315.421,1,WAS/RLAN,synthetic_not_verified,synthetic_observation,0,SYNTHETIC_FOR_PIPELINE_TESTING
935,B007,Karnataka,Bengaluru,1959.438,1969.438,10,IMT candidate,synthetic_not_verified,synthetic_observation,0,SYNTHETIC_FOR_PIPELINE_TESTING
936,B009,Gujarat,Ahmedabad,2319.817,2320.817,1,IMT candidate,synthetic_not_verified,synthetic_observation,0,SYNTHETIC_FOR_PIPELINE_TESTING
937,B011,Telangana,Hyderabad,3319.909,3399.909,80,IMT candidate,synthetic_not_verified,synthetic_observation,0,SYNTHETIC_FOR_PIPELINE_TESTING
938,B024,Tamil Nadu,Chennai,5663.185,5673.185,10,WAS/RLAN,synthetic_not_verified,synthetic_observation,0,SYNTHETIC_FOR_PIPELINE_TESTING
939,B022,Karnataka,Bengaluru,5150.444,5230.444,80,WAS/RLAN,synthetic_not_verified,synthetic_observation,0,SYNTHETIC_FOR_PIPELINE_TESTING
940,B015,Maharashtra,Mumbai,6658.066,6668.066,10,IMT candidate,synthetic_not_verified,synthetic_observation,0,SYNTHETIC_FOR_PIPELINE_TESTING
941,B011,Rajasthan,Jaipur,3348.002,3358.002,10,IMT candidate,synthetic_not_verified,synthetic_observation,0,SYNTHETIC_FOR_PIPELINE_TESTING
942,B004,Maharashtra,Mumbai,934.249,935.249,1,IMT candidate,synthetic_not_verified,synthetic_observation,0,SYNTHETIC_FOR_PIPELINE_TESTING
943,B024,Delhi,New Delhi,5535.096,5545.096,10,WAS/RLAN,synthetic_not_verified,synthetic_observation,1,SYNTHETIC_FOR_PIPELINE_TESTING
944,B013,Tamil Nadu,Chennai,3519.403,3599.403,80,IMT candidate,synthetic_not_verified,synthetic_observation,1,SYNTHETIC_FOR_PIPELINE_TESTING
945,B015,Karnataka,Bengaluru,6806.34,6826.34,20,IMT candidate,synthetic_not_verified,synthetic_observation,0,SYNTHETIC_FOR_PIPELINE_TESTING
946,B014,Rajasthan,Jaipur,3607.026,3608.026,1,IMT candidate,synthetic_not_verified,synthetic_observation,0,SYNTHETIC_FOR_PIPELINE_TESTING
947,B017,Rajasthan,Jaipur,27482.888,27483.888,1,IMT candidate,synthetic_not_verified,synthetic_observation,0,SYNTHETIC_FOR_PIPELINE_TESTING
948,B025,Gujarat,Ahmedabad,5788.876,5789.876,1,WAS/RLAN,synthetic_not_verified,synthetic_observation,0,SYNTHETIC_FOR_PIPELINE_TESTING
949,B020,Maharashtra,Mumbai,67942.883,67962.883,20,IMT candidate,synthetic_not_verified,synthetic_observation,0,SYNTHETIC_FOR_PIPELINE_TESTING
950,B017,Karnataka,Bengaluru,25332.068,25333.068,1,IMT candidate,synthetic_not_verified,synthetic_observation,0,SYNTHETIC_FOR_PIPELINE_TESTING
951,B022,Maharashtra,Mumbai,5168.07,5248.07,80,WAS/RLAN,synthetic_not_verified,synthetic_observation,1,SYNTHETIC_FOR_PIPELINE_TESTING
952,B010,Telangana,Hyderabad,2521.759,2531.759,10,IMT candidate,synthetic_not_verified,synthetic_observation,0,SYNTHETIC_FOR_PIPELINE_TESTING
953,B006,Delhi,New Delhi,1470.902,1510.902,40,IMT candidate,synthetic_not_verified,synthetic_observation,0,SYNTHETIC_FOR_PIPELINE_TESTING
954,B014,West Bengal,Kolkata,3612.924,3652.924,40,IMT candidate,synthetic_not_verified,synthetic_observation,0,SYNTHETIC_FOR_PIPELINE_TESTING
955,B010,Tamil Nadu,Chennai,2594.719,2674.719,80,IMT candidate,synthetic_not_verified,synthetic_observation,0,SYNTHETIC_FOR_PIPELINE_TESTING
956,B022,Telangana,Hyderabad,5181.837,5191.837,10,WAS/RLAN,synthetic_not_verified,synthetic_observation,0,SYNTHETIC_FOR_PIPELINE_TESTING
957,B010,Delhi,New Delhi,2657.337,2662.337,5,IMT candidate,synthetic_not_verified,synthetic_observation,0,SYNTHETIC_FOR_PIPELINE_TESTING
958,B021,West Bengal,Kolkata,2423.599,2428.599,5,Low Power / RLAN,synthetic_not_verified,synthetic_observation,0,SYNTHETIC_FOR_PIPELINE_TESTING
959,B017,Rajasthan,Jaipur,25948.185,25958.185,10,IMT candidate,synthetic_not_verified,synthetic_observation,0,SYNTHETIC_FOR_PIPELINE_TESTING
960,B009,Maharashtra,Mumbai,2315.614,2325.614,10,IMT candidate,synthetic_not_verified,synthetic_observation,0,SYNTHETIC_FOR_PIPELINE_TESTING
961,B003,Gujarat,Ahmedabad,693.075,694.075,1,IMT candidate,synthetic_not_verified,synthetic_observation,0,SYNTHETIC_FOR_PIPELINE_TESTING
962,B009,Tamil Nadu,Chennai,2349.026,2389.026,40,IMT candidate,synthetic_not_verified,synthetic_observation,1,SYNTHETIC_FOR_PIPELINE_TESTING
963,B013,Maharashtra,Mumbai,3560.799,3580.799,20,IMT candidate,synthetic_not_verified,synthetic_observation,1,SYNTHETIC_FOR_PIPELINE_TESTING
964,B011,Tamil Nadu,Chennai,3303.847,3383.847,80,IMT candidate,synthetic_not_verified,synthetic_observation,1,SYNTHETIC_FOR_PIPELINE_TESTING
965,B021,Delhi,New Delhi,2455.55,2460.55,5,Low Power / RLAN,synthetic_not_verified,synthetic_observation,0,SYNTHETIC_FOR_PIPELINE_TESTING
966,B005,Telangana,Hyderabad,949.054,959.054,10,IMT candidate,synthetic_not_verified,synthetic_observation,1,SYNTHETIC_FOR_PIPELINE_TESTING
967,B020,Gujarat,Ahmedabad,67340.879,67350.879,10,IMT candidate,synthetic_not_verified,synthetic_observation,0,SYNTHETIC_FOR_PIPELINE_TESTING
968,B005,Karnataka,Bengaluru,945.217,955.217,10,IMT candidate,synthetic_not_verified,synthetic_observation,0,SYNTHETIC_FOR_PIPELINE_TESTING
969,B014,Delhi,New Delhi,3640.992,3650.992,10,IMT candidate,synthetic_not_verified,synthetic_observation,0,SYNTHETIC_FOR_PIPELINE_TESTING
970,B004,Telangana,Hyderabad,905.572,925.572,20,IMT candidate,synthetic_not_verified,synthetic_observation,1,SYNTHETIC_FOR_PIPELINE_TESTING
971,B018,West Bengal,Kolkata,39761.886,39841.886,80,IMT candidate,synthetic_not_verified,synthetic_observation,0,SYNTHETIC_FOR_PIPELINE_TESTING
972,B013,Rajasthan,Jaipur,3543.128,3583.128,40,IMT candidate,synthetic_not_verified,synthetic_observation,0,SYNTHETIC_FOR_PIPELINE_TESTING
973,B009,Gujarat,Ahmedabad,2387.675,2392.675,5,IMT candidate,synthetic_not_verified,synthetic_observation,0,SYNTHETIC_FOR_PIPELINE_TESTING
974,B006,Tamil Nadu,Chennai,1498.403,1499.403,1,IMT candidate,synthetic_not_verified,synthetic_observation,1,SYNTHETIC_FOR_PIPELINE_TESTING
975,B006,Tamil Nadu,Chennai,1436.208,1446.208,10,IMT candidate,synthetic_not_verified,synthetic_observation,1,SYNTHETIC_FOR_PIPELINE_TESTING
976,B002,Gujarat,Ahmedabad,585.0,610.0,80,IMT candidate,synthetic_not_verified,synthetic_observation,1,SYNTHETIC_FOR_PIPELINE_TESTING
977,B012,Rajasthan,Jaipur,3409.751,3449.751,40,IMT candidate,synthetic_not_verified,synthetic_observation,1,SYNTHETIC_FOR_PIPELINE_TESTING
978,B025,Maharashtra,Mumbai,5762.055,5763.055,1,WAS/RLAN,synthetic_not_verified,synthetic_observation,1,SYNTHETIC_FOR_PIPELINE_TESTING
979,B008,Maharashtra,Mumbai,2190.121,2195.121,5,IMT candidate,synthetic_not_verified,synthetic_observation,0,SYNTHETIC_FOR_PIPELINE_TESTING
980,B002,Delhi,New Delhi,585.0,610.0,40,IMT candidate,synthetic_not_verified,synthetic_observation,0,SYNTHETIC_FOR_PIPELINE_TESTING
981,B011,Telangana,Hyderabad,3313.725,3393.725,80,IMT candidate,synthetic_not_verified,synthetic_observation,0,SYNTHETIC_FOR_PIPELINE_TESTING
982,B005,Delhi,New Delhi,952.477,957.477,5,IMT candidate,synthetic_not_verified,synthetic_observation,0,SYNTHETIC_FOR_PIPELINE_TESTING
983,B016,Delhi,New Delhi,7032.525,7112.525,80,IMT candidate,synthetic_not_verified,synthetic_observation,1,SYNTHETIC_FOR_PIPELINE_TESTING
984,B006,Rajasthan,Jaipur,1484.378,1504.378,20,IMT candidate,synthetic_not_verified,synthetic_observation,0,SYNTHETIC_FOR_PIPELINE_TESTING
985,B013,Telangana,Hyderabad,3516.003,3596.003,80,IMT candidate,synthetic_not_verified,synthetic_observation,1,SYNTHETIC_FOR_PIPELINE_TESTING
986,B021,Gujarat,Ahmedabad,2401.993,2481.993,80,Low Power / RLAN,synthetic_not_verified,synthetic_observation,0,SYNTHETIC_FOR_PIPELINE_TESTING
987,B012,West Bengal,Kolkata,3408.197,3428.197,20,IMT candidate,synthetic_not_verified,synthetic_observation,0,SYNTHETIC_FOR_PIPELINE_TESTING
988,B007,Telangana,Hyderabad,1866.793,1946.793,80,IMT candidate,synthetic_not_verified,synthetic_observation,0,SYNTHETIC_FOR_PIPELINE_TESTING
989,B001,Rajasthan,Jaipur,568.229,578.229,10,IMT candidate,synthetic_not_verified,synthetic_observation,0,SYNTHETIC_FOR_PIPELINE_TESTING
990,B017,Karnataka,Bengaluru,24912.101,24932.101,20,IMT candidate,synthetic_not_verified,synthetic_observation,1,SYNTHETIC_FOR_PIPELINE_TESTING
991,B018,Rajasthan,Jaipur,37651.273,37691.273,40,IMT candidate,synthetic_not_verified,synthetic_observation,0,SYNTHETIC_FOR_PIPELINE_TESTING
992,B014,Tamil Nadu,Chennai,3604.925,3644.925,40,IMT candidate,synthetic_not_verified,synthetic_observation,1,SYNTHETIC_FOR_PIPELINE_TESTING
993,B021,Maharashtra,Mumbai,2400.774,2480.774,80,Low Power / RLAN,synthetic_not_verified,synthetic_observation,0,SYNTHETIC_FOR_PIPELINE_TESTING
994,B022,Telangana,Hyderabad,5160.033,5161.033,1,WAS/RLAN,synthetic_not_verified,synthetic_observation,0,SYNTHETIC_FOR_PIPELINE_TESTING
995,B013,Karnataka,Bengaluru,3536.833,3576.833,40,IMT candidate,synthetic_not_verified,synthetic_observation,0,SYNTHETIC_FOR_PIPELINE_TESTING
996,B011,Maharashtra,Mumbai,3329.66,3330.66,1,IMT candidate,synthetic_not_verified,synthetic_observation,0,SYNTHETIC_FOR_PIPELINE_TESTING
997,B008,Maharashtra,Mumbai,2179.707,2184.707,5,IMT candidate,synthetic_not_verified,synthetic_observation,0,SYNTHETIC_FOR_PIPELINE_TESTING
998,B025,Maharashtra,Mumbai,5809.691,5814.691,5,WAS/RLAN,synthetic_not_verified,synthetic_observation,0,SYNTHETIC_FOR_PIPELINE_TESTING
999,B009,Tamil Nadu,Chennai,2310.576,2330.576,20,IMT candidate,synthetic_not_verified,synthetic_observation,0,SYNTHETIC_FOR_PIPELINE_TESTING
1000,B008,Gujarat,Ahmedabad,2118.083,2198.083,80,IMT candidate,synthetic_not_verified,synthetic_observation,0,SYNTHETIC_FOR_PIPELINE_TESTING
1001,B014,West Bengal,Kolkata,3642.647,3652.647,10,IMT candidate,synthetic_not_verified,synthetic_observation,1,SYNTHETIC_FOR_PIPELINE_TESTING
1002,B024,Telangana,Hyderabad,5660.052,5700.052,40,WAS/RLAN,synthetic_not_verified,synthetic_observation,1,SYNTHETIC_FOR_PIPELINE_TESTING
1003,B019,Gujarat,Ahmedabad,43162.45,43242.45,80,IMT candidate,synthetic_not_verified,synthetic_observation,0,SYNTHETIC_FOR_PIPELINE_TESTING
1004,B002,Delhi,New Delhi,588.148,608.148,20,IMT candidate,synthetic_not_verified,synthetic_observation,1,SYNTHETIC_FOR_PIPELINE_TESTING
1005,B004,Delhi,New Delhi,891.857,896.857,5,IMT candidate,synthetic_not_verified,synthetic_observation,0,SYNTHETIC_FOR_PIPELINE_TESTING
1006,B024,Maharashtra,Mumbai,5559.452,5599.452,40,WAS/RLAN,synthetic_not_verified,synthetic_observation,0,SYNTHETIC_FOR_PIPELINE_TESTING
1007,B017,Maharashtra,Mumbai,27085.211,27090.211,5,IMT candidate,synthetic_not_verified,synthetic_observation,0,SYNTHETIC_FOR_PIPELINE_TESTING
1008,B021,Gujarat,Ahmedabad,2458.287,2478.287,20,Low Power / RLAN,synthetic_not_verified,synthetic_observation,0,SYNTHETIC_FOR_PIPELINE_TESTING
1009,B025,Delhi,New Delhi,5750.248,5790.248,40,WAS/RLAN,synthetic_not_verified,synthetic_observation,0,SYNTHETIC_FOR_PIPELINE_TESTING
1010,B024,Rajasthan,Jaipur,5556.894,5596.894,40,WAS/RLAN,synthetic_not_verified,synthetic_observation,0,SYNTHETIC_FOR_PIPELINE_TESTING
1011,B022,Rajasthan,Jaipur,5163.792,5164.792,1,WAS/RLAN,synthetic_not_verified,synthetic_observation,0,SYNTHETIC_FOR_PIPELINE_TESTING
1012,B004,Maharashtra,Mumbai,918.035,938.035,20,IMT candidate,synthetic_not_verified,synthetic_observation,0,SYNTHETIC_FOR_PIPELINE_TESTING
1013,B023,Rajasthan,Jaipur,5307.481,5312.481,5,WAS/RLAN,synthetic_not_verified,synthetic_observation,0,SYNTHETIC_FOR_PIPELINE_TESTING
1014,B002,Tamil Nadu,Chennai,587.928,592.928,5,IMT candidate,synthetic_not_verified,synthetic_observation,0,SYNTHETIC_FOR_PIPELINE_TESTING
1015,B010,Gujarat,Ahmedabad,2658.428,2663.428,5,IMT candidate,synthetic_not_verified,synthetic_observation,0,SYNTHETIC_FOR_PIPELINE_TESTING
1016,B016,Delhi,New Delhi,7090.99,7110.99,20,IMT candidate,synthetic_not_verified,synthetic_observation,0,SYNTHETIC_FOR_PIPELINE_TESTING
1017,B001,Maharashtra,Mumbai,519.353,539.353,20,IMT candidate,synthetic_not_verified,synthetic_observation,1,SYNTHETIC_FOR_PIPELINE_TESTING
1018,B007,Karnataka,Bengaluru,1869.488,1949.488,80,IMT candidate,synthetic_not_verified,synthetic_observation,0,SYNTHETIC_FOR_PIPELINE_TESTING
1019,B016,Karnataka,Bengaluru,7066.838,7067.838,1,IMT candidate,synthetic_not_verified,synthetic_observation,1,SYNTHETIC_FOR_PIPELINE_TESTING
1020,B002,Rajasthan,Jaipur,600.832,601.832,1,IMT candidate,synthetic_not_verified,synthetic_observation,0,SYNTHETIC_FOR_PIPELINE_TESTING
1021,B012,Telangana,Hyderabad,3448.996,3453.996,5,IMT candidate,synthetic_not_verified,synthetic_observation,0,SYNTHETIC_FOR_PIPELINE_TESTING
1022,B018,West Bengal,Kolkata,39504.612,39544.612,40,IMT candidate,synthetic_not_verified,synthetic_observation,0,SYNTHETIC_FOR_PIPELINE_TESTING
1023,B004,Delhi,New Delhi,890.0,942.0,80,IMT candidate,synthetic_not_verified,synthetic_observation,0,SYNTHETIC_FOR_PIPELINE_TESTING
1024,B019,West Bengal,Kolkata,43417.562,43497.562,80,IMT candidate,synthetic_not_verified,synthetic_observation,0,SYNTHETIC_FOR_PIPELINE_TESTING
1025,B018,Rajasthan,Jaipur,37765.71,37770.71,5,IMT candidate,synthetic_not_verified,synthetic_observation,0,SYNTHETIC_FOR_PIPELINE_TESTING
1026,B012,West Bengal,Kolkata,3469.838,3479.838,10,IMT candidate,synthetic_not_verified,synthetic_observation,0,SYNTHETIC_FOR_PIPELINE_TESTING
1027,B003,West Bengal,Kolkata,711.924,712.924,1,IMT candidate,synthetic_not_verified,synthetic_observation,0,SYNTHETIC_FOR_PIPELINE_TESTING
1028,B019,Telangana,Hyderabad,43002.173,43007.173,5,IMT candidate,synthetic_not_verified,synthetic_observation,1,SYNTHETIC_FOR_PIPELINE_TESTING
1029,B023,Gujarat,Ahmedabad,5285.146,5295.146,10,WAS/RLAN,synthetic_not_verified,synthetic_observation,0,SYNTHETIC_FOR_PIPELINE_TESTING
1030,B010,Rajasthan,Jaipur,2535.993,2536.993,1,IMT candidate,synthetic_not_verified,synthetic_observation,0,SYNTHETIC_FOR_PIPELINE_TESTING
1031,B025,Telangana,Hyderabad,5738.037,5818.037,80,WAS/RLAN,synthetic_not_verified,synthetic_observation,0,SYNTHETIC_FOR_PIPELINE_TESTING
1032,B018,Delhi,New Delhi,37273.748,37278.748,5,IMT candidate,synthetic_not_verified,synthetic_observation,1,SYNTHETIC_FOR_PIPELINE_TESTING
1033,B025,Tamil Nadu,Chennai,5766.676,5806.676,40,WAS/RLAN,synthetic_not_verified,synthetic_observation,1,SYNTHETIC_FOR_PIPELINE_TESTING
1034,B018,Rajasthan,Jaipur,38482.826,38562.826,80,IMT candidate,synthetic_not_verified,synthetic_observation,0,SYNTHETIC_FOR_PIPELINE_TESTING
1035,B007,Tamil Nadu,Chennai,1871.775,1881.775,10,IMT candidate,synthetic_not_verified,synthetic_observation,1,SYNTHETIC_FOR_PIPELINE_TESTING
1036,B002,Karnataka,Bengaluru,592.67,602.67,10,IMT candidate,synthetic_not_verified,synthetic_observation,1,SYNTHETIC_FOR_PIPELINE_TESTING
1037,B011,Karnataka,Bengaluru,3333.234,3343.234,10,IMT candidate,synthetic_not_verified,synthetic_observation,0,SYNTHETIC_FOR_PIPELINE_TESTING
1038,B008,Gujarat,Ahmedabad,2167.195,2177.195,10,IMT candidate,synthetic_not_verified,synthetic_observation,0,SYNTHETIC_FOR_PIPELINE_TESTING
1039,B015,Karnataka,Bengaluru,7013.467,7018.467,5,IMT candidate,synthetic_not_verified,synthetic_observation,0,SYNTHETIC_FOR_PIPELINE_TESTING
1040,B025,Karnataka,Bengaluru,5760.539,5800.539,40,WAS/RLAN,synthetic_not_verified,synthetic_observation,0,SYNTHETIC_FOR_PIPELINE_TESTING
1041,B002,Tamil Nadu,Chennai,594.778,595.778,1,IMT candidate,synthetic_not_verified,synthetic_observation,1,SYNTHETIC_FOR_PIPELINE_TESTING
1042,B001,Karnataka,Bengaluru,475.241,555.241,80,IMT candidate,synthetic_not_verified,synthetic_observation,0,SYNTHETIC_FOR_PIPELINE_TESTING
1043,B008,Delhi,New Delhi,2115.898,2155.898,40,IMT candidate,synthetic_not_verified,synthetic_observation,1,SYNTHETIC_FOR_PIPELINE_TESTING
1044,B014,Delhi,New Delhi,3615.525,3655.525,40,IMT candidate,synthetic_not_verified,synthetic_observation,0,SYNTHETIC_FOR_PIPELINE_TESTING
1045,B011,Gujarat,Ahmedabad,3324.606,3325.606,1,IMT candidate,synthetic_not_verified,synthetic_observation,0,SYNTHETIC_FOR_PIPELINE_TESTING
1046,B003,Rajasthan,Jaipur,778.862,779.862,1,IMT candidate,synthetic_not_verified,synthetic_observation,1,SYNTHETIC_FOR_PIPELINE_TESTING
1047,B022,Maharashtra,Mumbai,5206.606,5226.606,20,WAS/RLAN,synthetic_not_verified,synthetic_observation,1,SYNTHETIC_FOR_PIPELINE_TESTING
1048,B009,West Bengal,Kolkata,2340.729,2341.729,1,IMT candidate,synthetic_not_verified,synthetic_observation,0,SYNTHETIC_FOR_PIPELINE_TESTING
1049,B002,Tamil Nadu,Chennai,592.161,602.161,10,IMT candidate,synthetic_not_verified,synthetic_observation,1,SYNTHETIC_FOR_PIPELINE_TESTING
1050,B018,Telangana,Hyderabad,37053.309,37063.309,10,IMT candidate,synthetic_not_verified,synthetic_observation,0,SYNTHETIC_FOR_PIPELINE_TESTING
1051,B014,Maharashtra,Mumbai,3602.015,3642.015,40,IMT candidate,synthetic_not_verified,synthetic_observation,0,SYNTHETIC_FOR_PIPELINE_TESTING
1052,B017,Tamil Nadu,Chennai,25152.503,25172.503,20,IMT candidate,synthetic_not_verified,synthetic_observation,0,SYNTHETIC_FOR_PIPELINE_TESTING
1053,B022,West Bengal,Kolkata,5227.971,5237.971,10,WAS/RLAN,synthetic_not_verified,synthetic_observation,0,SYNTHETIC_FOR_PIPELINE_TESTING
1054,B021,Gujarat,Ahmedabad,2463.558,2473.558,10,Low Power / RLAN,synthetic_not_verified,synthetic_observation,0,SYNTHETIC_FOR_PIPELINE_TESTING
1055,B013,West Bengal,Kolkata,3541.844,3561.844,20,IMT candidate,synthetic_not_verified,synthetic_observation,1,SYNTHETIC_FOR_PIPELINE_TESTING
1056,B012,West Bengal,Kolkata,3448.96,3453.96,5,IMT candidate,synthetic_not_verified,synthetic_observation,1,SYNTHETIC_FOR_PIPELINE_TESTING
1057,B002,Telangana,Hyderabad,590.294,595.294,5,IMT candidate,synthetic_not_verified,synthetic_observation,0,SYNTHETIC_FOR_PIPELINE_TESTING
1058,B024,Karnataka,Bengaluru,5473.821,5553.821,80,WAS/RLAN,synthetic_not_verified,synthetic_observation,1,SYNTHETIC_FOR_PIPELINE_TESTING
1059,B011,Gujarat,Ahmedabad,3332.169,3333.169,1,IMT candidate,synthetic_not_verified,synthetic_observation,0,SYNTHETIC_FOR_PIPELINE_TESTING
1060,B015,Gujarat,Ahmedabad,6522.012,6523.012,1,IMT candidate,synthetic_not_verified,synthetic_observation,0,SYNTHETIC_FOR_PIPELINE_TESTING
1061,B014,Delhi,New Delhi,3647.12,3657.12,10,IMT candidate,synthetic_not_verified,synthetic_observation,1,SYNTHETIC_FOR_PIPELINE_TESTING
1062,B004,Rajasthan,Jaipur,918.922,923.922,5,IMT candidate,synthetic_not_verified,synthetic_observation,0,SYNTHETIC_FOR_PIPELINE_TESTING
1063,B006,Delhi,New Delhi,1460.345,1461.345,1,IMT candidate,synthetic_not_verified,synthetic_observation,0,SYNTHETIC_FOR_PIPELINE_TESTING
1064,B013,Karnataka,Bengaluru,3574.547,3594.547,20,IMT candidate,synthetic_not_verified,synthetic_observation,0,SYNTHETIC_FOR_PIPELINE_TESTING
1065,B011,West Bengal,Kolkata,3306.917,3386.917,80,IMT candidate,synthetic_not_verified,synthetic_observation,1,SYNTHETIC_FOR_PIPELINE_TESTING
1066,B002,Gujarat,Ahmedabad,585.0,610.0,80,IMT candidate,synthetic_not_verified,synthetic_observation,1,SYNTHETIC_FOR_PIPELINE_TESTING
1067,B019,Gujarat,Ahmedabad,42815.604,42835.604,20,IMT candidate,synthetic_not_verified,synthetic_observation,0,SYNTHETIC_FOR_PIPELINE_TESTING
1068,B017,Gujarat,Ahmedabad,25896.535,25916.535,20,IMT candidate,synthetic_not_verified,synthetic_observation,0,SYNTHETIC_FOR_PIPELINE_TESTING
1069,B006,Tamil Nadu,Chennai,1439.886,1479.886,40,IMT candidate,synthetic_not_verified,synthetic_observation,0,SYNTHETIC_FOR_PIPELINE_TESTING
1070,B020,Tamil Nadu,Chennai,66952.83,66962.83,10,IMT candidate,synthetic_not_verified,synthetic_observation,0,SYNTHETIC_FOR_PIPELINE_TESTING
1071,B011,Delhi,New Delhi,3335.968,3355.968,20,IMT candidate,synthetic_not_verified,synthetic_observation,0,SYNTHETIC_FOR_PIPELINE_TESTING
1072,B013,West Bengal,Kolkata,3535.745,3575.745,40,IMT candidate,synthetic_not_verified,synthetic_observation,1,SYNTHETIC_FOR_PIPELINE_TESTING
1073,B010,Gujarat,Ahmedabad,2599.767,2609.767,10,IMT candidate,synthetic_not_verified,synthetic_observation,0,SYNTHETIC_FOR_PIPELINE_TESTING
1074,B025,Tamil Nadu,Chennai,5868.935,5869.935,1,WAS/RLAN,synthetic_not_verified,synthetic_observation,0,SYNTHETIC_FOR_PIPELINE_TESTING
1075,B017,West Bengal,Kolkata,24993.108,24994.108,1,IMT candidate,synthetic_not_verified,synthetic_observation,0,SYNTHETIC_FOR_PIPELINE_TESTING
1076,B005,Rajasthan,Jaipur,949.734,959.734,10,IMT candidate,synthetic_not_verified,synthetic_observation,0,SYNTHETIC_FOR_PIPELINE_TESTING
1077,B017,Gujarat,Ahmedabad,26339.41,26359.41,20,IMT candidate,synthetic_not_verified,synthetic_observation,1,SYNTHETIC_FOR_PIPELINE_TESTING
1078,B005,Tamil Nadu,Chennai,942.0,960.0,80,IMT candidate,synthetic_not_verified,synthetic_observation,0,SYNTHETIC_FOR_PIPELINE_TESTING
1079,B009,Rajasthan,Jaipur,2301.5,2311.5,10,IMT candidate,synthetic_not_verified,synthetic_observation,0,SYNTHETIC_FOR_PIPELINE_TESTING
1080,B006,Karnataka,Bengaluru,1449.911,1454.911,5,IMT candidate,synthetic_not_verified,synthetic_observation,0,SYNTHETIC_FOR_PIPELINE_TESTING
1081,B015,Delhi,New Delhi,6643.478,6723.478,80,IMT candidate,synthetic_not_verified,synthetic_observation,1,SYNTHETIC_FOR_PIPELINE_TESTING
1082,B001,Gujarat,Ahmedabad,510.21,511.21,1,IMT candidate,synthetic_not_verified,synthetic_observation,1,SYNTHETIC_FOR_PIPELINE_TESTING
1083,B024,West Bengal,Kolkata,5656.932,5676.932,20,WAS/RLAN,synthetic_not_verified,synthetic_observation,1,SYNTHETIC_FOR_PIPELINE_TESTING
1084,B007,Maharashtra,Mumbai,1849.079,1929.079,80,IMT candidate,synthetic_not_verified,synthetic_observation,0,SYNTHETIC_FOR_PIPELINE_TESTING
1085,B015,Telangana,Hyderabad,6933.12,7013.12,80,IMT candidate,synthetic_not_verified,synthetic_observation,0,SYNTHETIC_FOR_PIPELINE_TESTING
1086,B005,Tamil Nadu,Chennai,952.914,957.914,5,IMT candidate,synthetic_not_verified,synthetic_observation,0,SYNTHETIC_FOR_PIPELINE_TESTING
1087,B008,West Bengal,Kolkata,2159.016,2199.016,40,IMT candidate,synthetic_not_verified,synthetic_observation,0,SYNTHETIC_FOR_PIPELINE_TESTING
1088,B010,Telangana,Hyderabad,2537.336,2577.336,40,IMT candidate,synthetic_not_verified,synthetic_observation,0,SYNTHETIC_FOR_PIPELINE_TESTING
1089,B004,Tamil Nadu,Chennai,890.0,942.0,80,IMT candidate,synthetic_not_verified,synthetic_observation,0,SYNTHETIC_FOR_PIPELINE_TESTING
1090,B025,Rajasthan,Jaipur,5784.539,5864.539,80,WAS/RLAN,synthetic_not_verified,synthetic_observation,1,SYNTHETIC_FOR_PIPELINE_TESTING
1091,B003,Telangana,Hyderabad,652.023,662.023,10,IMT candidate,synthetic_not_verified,synthetic_observation,1,SYNTHETIC_FOR_PIPELINE_TESTING
1092,B005,Tamil Nadu,Chennai,942.0,960.0,80,IMT candidate,synthetic_not_verified,synthetic_observation,0,SYNTHETIC_FOR_PIPELINE_TESTING
1093,B021,Maharashtra,Mumbai,2409.136,2449.136,40,Low Power / RLAN,synthetic_not_verified,synthetic_observation,1,SYNTHETIC_FOR_PIPELINE_TESTING
1094,B017,Karnataka,Bengaluru,26703.164,26743.164,40,IMT candidate,synthetic_not_verified,synthetic_observation,0,SYNTHETIC_FOR_PIPELINE_TESTING
1095,B010,Karnataka,Bengaluru,2631.538,2641.538,10,IMT candidate,synthetic_not_verified,synthetic_observation,0,SYNTHETIC_FOR_PIPELINE_TESTING
1096,B024,Maharashtra,Mumbai,5584.273,5624.273,40,WAS/RLAN,synthetic_not_verified,synthetic_observation,0,SYNTHETIC_FOR_PIPELINE_TESTING
1097,B007,Delhi,New Delhi,1920.261,2000.261,80,IMT candidate,synthetic_not_verified,synthetic_observation,1,SYNTHETIC_FOR_PIPELINE_TESTING
1098,B009,Rajasthan,Jaipur,2306.767,2386.767,80,IMT candidate,synthetic_not_verified,synthetic_observation,1,SYNTHETIC_FOR_PIPELINE_TESTING
1099,B025,Telangana,Hyderabad,5824.959,5864.959,40,WAS/RLAN,synthetic_not_verified,synthetic_observation,0,SYNTHETIC_FOR_PIPELINE_TESTING
1100,B008,Gujarat,Ahmedabad,2163.877,2183.877,20,IMT candidate,synthetic_not_verified,synthetic_observation,1,SYNTHETIC_FOR_PIPELINE_TESTING
1101,B004,Karnataka,Bengaluru,890.0,942.0,80,IMT candidate,synthetic_not_verified,synthetic_observation,0,SYNTHETIC_FOR_PIPELINE_TESTING
1102,B025,Rajasthan,Jaipur,5743.518,5783.518,40,WAS/RLAN,synthetic_not_verified,synthetic_observation,1,SYNTHETIC_FOR_PIPELINE_TESTING
1103,B004,Delhi,New Delhi,895.4,896.4,1,IMT candidate,synthetic_not_verified,synthetic_observation,1,SYNTHETIC_FOR_PIPELINE_TESTING
1104,B008,Gujarat,Ahmedabad,2177.835,2197.835,20,IMT candidate,synthetic_not_verified,synthetic_observation,1,SYNTHETIC_FOR_PIPELINE_TESTING
1105,B014,Karnataka,Bengaluru,3607.404,3608.404,1,IMT candidate,synthetic_not_verified,synthetic_observation,0,SYNTHETIC_FOR_PIPELINE_TESTING
1106,B022,Maharashtra,Mumbai,5175.471,5195.471,20,WAS/RLAN,synthetic_not_verified,synthetic_observation,0,SYNTHETIC_FOR_PIPELINE_TESTING
1107,B024,Telangana,Hyderabad,5623.094,5643.094,20,WAS/RLAN,synthetic_not_verified,synthetic_observation,0,SYNTHETIC_FOR_PIPELINE_TESTING
1108,B001,Rajasthan,Jaipur,479.032,559.032,80,IMT candidate,synthetic_not_verified,synthetic_observation,0,SYNTHETIC_FOR_PIPELINE_TESTING
1109,B017,Delhi,New Delhi,25564.91,25604.91,40,IMT candidate,synthetic_not_verified,synthetic_observation,0,SYNTHETIC_FOR_PIPELINE_TESTING
1110,B024,Delhi,New Delhi,5472.218,5473.218,1,WAS/RLAN,synthetic_not_verified,synthetic_observation,0,SYNTHETIC_FOR_PIPELINE_TESTING
1111,B017,Delhi,New Delhi,25634.677,25644.677,10,IMT candidate,synthetic_not_verified,synthetic_observation,0,SYNTHETIC_FOR_PIPELINE_TESTING
1112,B020,West Bengal,Kolkata,69009.736,69089.736,80,IMT candidate,synthetic_not_verified,synthetic_observation,0,SYNTHETIC_FOR_PIPELINE_TESTING
1113,B021,Karnataka,Bengaluru,2401.281,2481.281,80,Low Power / RLAN,synthetic_not_verified,synthetic_observation,0,SYNTHETIC_FOR_PIPELINE_TESTING
1114,B009,Gujarat,Ahmedabad,2338.313,2348.313,10,IMT candidate,synthetic_not_verified,synthetic_observation,0,SYNTHETIC_FOR_PIPELINE_TESTING
1115,B019,Karnataka,Bengaluru,43348.735,43428.735,80,IMT candidate,synthetic_not_verified,synthetic_observation,0,SYNTHETIC_FOR_PIPELINE_TESTING
1116,B025,Telangana,Hyderabad,5779.937,5859.937,80,WAS/RLAN,synthetic_not_verified,synthetic_observation,1,SYNTHETIC_FOR_PIPELINE_TESTING
1117,B020,Delhi,New Delhi,66927.118,66937.118,10,IMT candidate,synthetic_not_verified,synthetic_observation,1,SYNTHETIC_FOR_PIPELINE_TESTING
1118,B021,Rajasthan,Jaipur,2457.484,2477.484,20,Low Power / RLAN,synthetic_not_verified,synthetic_observation,1,SYNTHETIC_FOR_PIPELINE_TESTING
1119,B011,Telangana,Hyderabad,3317.162,3397.162,80,IMT candidate,synthetic_not_verified,synthetic_observation,0,SYNTHETIC_FOR_PIPELINE_TESTING
1120,B015,Gujarat,Ahmedabad,6563.77,6603.77,40,IMT candidate,synthetic_not_verified,synthetic_observation,0,SYNTHETIC_FOR_PIPELINE_TESTING
1121,B014,Telangana,Hyderabad,3621.994,3626.994,5,IMT candidate,synthetic_not_verified,synthetic_observation,1,SYNTHETIC_FOR_PIPELINE_TESTING
1122,B018,Maharashtra,Mumbai,39709.093,39789.093,80,IMT candidate,synthetic_not_verified,synthetic_observation,1,SYNTHETIC_FOR_PIPELINE_TESTING
1123,B005,Tamil Nadu,Chennai,942.0,960.0,20,IMT candidate,synthetic_not_verified,synthetic_observation,1,SYNTHETIC_FOR_PIPELINE_TESTING
1124,B020,Telangana,Hyderabad,66264.933,66274.933,10,IMT candidate,synthetic_not_verified,synthetic_observation,0,SYNTHETIC_FOR_PIPELINE_TESTING
1125,B015,Tamil Nadu,Chennai,6999.919,7019.919,20,IMT candidate,synthetic_not_verified,synthetic_observation,0,SYNTHETIC_FOR_PIPELINE_TESTING
1126,B023,Tamil Nadu,Chennai,5262.102,5342.102,80,WAS/RLAN,synthetic_not_verified,synthetic_observation,1,SYNTHETIC_FOR_PIPELINE_TESTING
1127,B002,Telangana,Hyderabad,589.915,590.915,1,IMT candidate,synthetic_not_verified,synthetic_observation,1,SYNTHETIC_FOR_PIPELINE_TESTING
1128,B014,Delhi,New Delhi,3632.65,3652.65,20,IMT candidate,synthetic_not_verified,synthetic_observation,0,SYNTHETIC_FOR_PIPELINE_TESTING
1129,B002,Karnataka,Bengaluru,595.634,596.634,1,IMT candidate,synthetic_not_verified,synthetic_observation,0,SYNTHETIC_FOR_PIPELINE_TESTING
1130,B019,Rajasthan,Jaipur,42850.832,42930.832,80,IMT candidate,synthetic_not_verified,synthetic_observation,0,SYNTHETIC_FOR_PIPELINE_TESTING
1131,B006,Telangana,Hyderabad,1427.179,1507.179,80,IMT candidate,synthetic_not_verified,synthetic_observation,0,SYNTHETIC_FOR_PIPELINE_TESTING
1132,B023,Tamil Nadu,Chennai,5338.726,5348.726,10,WAS/RLAN,synthetic_not_verified,synthetic_observation,0,SYNTHETIC_FOR_PIPELINE_TESTING
1133,B024,Delhi,New Delhi,5486.889,5491.889,5,WAS/RLAN,synthetic_not_verified,synthetic_observation,1,SYNTHETIC_FOR_PIPELINE_TESTING
1134,B003,Telangana,Hyderabad,685.588,725.588,40,IMT candidate,synthetic_not_verified,synthetic_observation,0,SYNTHETIC_FOR_PIPELINE_TESTING
1135,B003,Rajasthan,Jaipur,819.344,824.344,5,IMT candidate,synthetic_not_verified,synthetic_observation,1,SYNTHETIC_FOR_PIPELINE_TESTING
1136,B012,Karnataka,Bengaluru,3413.593,3453.593,40,IMT candidate,synthetic_not_verified,synthetic_observation,1,SYNTHETIC_FOR_PIPELINE_TESTING
1137,B011,Telangana,Hyderabad,3326.146,3366.146,40,IMT candidate,synthetic_not_verified,synthetic_observation,0,SYNTHETIC_FOR_PIPELINE_TESTING
1138,B011,Rajasthan,Jaipur,3387.484,3392.484,5,IMT candidate,synthetic_not_verified,synthetic_observation,0,SYNTHETIC_FOR_PIPELINE_TESTING
1139,B015,Telangana,Hyderabad,6560.687,6640.687,80,IMT candidate,synthetic_not_verified,synthetic_observation,1,SYNTHETIC_FOR_PIPELINE_TESTING
1140,B004,Gujarat,Ahmedabad,898.41,918.41,20,IMT candidate,synthetic_not_verified,synthetic_observation,0,SYNTHETIC_FOR_PIPELINE_TESTING
1141,B017,Karnataka,Bengaluru,26453.136,26463.136,10,IMT candidate,synthetic_not_verified,synthetic_observation,0,SYNTHETIC_FOR_PIPELINE_TESTING
1142,B019,Rajasthan,Jaipur,42931.362,42941.362,10,IMT candidate,synthetic_not_verified,synthetic_observation,0,SYNTHETIC_FOR_PIPELINE_TESTING
1143,B017,Maharashtra,Mumbai,27345.278,27346.278,1,IMT candidate,synthetic_not_verified,synthetic_observation,0,SYNTHETIC_FOR_PIPELINE_TESTING
1144,B024,Delhi,New Delhi,5593.827,5598.827,5,WAS/RLAN,synthetic_not_verified,synthetic_observation,1,SYNTHETIC_FOR_PIPELINE_TESTING
1145,B014,Tamil Nadu,Chennai,3626.97,3636.97,10,IMT candidate,synthetic_not_verified,synthetic_observation,0,SYNTHETIC_FOR_PIPELINE_TESTING
1146,B003,Telangana,Hyderabad,632.808,642.808,10,IMT candidate,synthetic_not_verified,synthetic_observation,0,SYNTHETIC_FOR_PIPELINE_TESTING
1147,B006,Telangana,Hyderabad,1433.781,1513.781,80,IMT candidate,synthetic_not_verified,synthetic_observation,0,SYNTHETIC_FOR_PIPELINE_TESTING
1148,B003,Tamil Nadu,Chennai,819.365,839.365,20,IMT candidate,synthetic_not_verified,synthetic_observation,1,SYNTHETIC_FOR_PIPELINE_TESTING
1149,B019,Karnataka,Bengaluru,42761.258,42781.258,20,IMT candidate,synthetic_not_verified,synthetic_observation,0,SYNTHETIC_FOR_PIPELINE_TESTING
1150,B002,Delhi,New Delhi,586.915,606.915,20,IMT candidate,synthetic_not_verified,synthetic_observation,0,SYNTHETIC_FOR_PIPELINE_TESTING
1151,B014,Tamil Nadu,Chennai,3644.886,3649.886,5,IMT candidate,synthetic_not_verified,synthetic_observation,0,SYNTHETIC_FOR_PIPELINE_TESTING
1152,B013,Tamil Nadu,Chennai,3509.599,3519.599,10,IMT candidate,synthetic_not_verified,synthetic_observation,1,SYNTHETIC_FOR_PIPELINE_TESTING
1153,B023,West Bengal,Kolkata,5297.555,5298.555,1,WAS/RLAN,synthetic_not_verified,synthetic_observation,0,SYNTHETIC_FOR_PIPELINE_TESTING
1154,B019,Delhi,New Delhi,42709.098,42789.098,80,IMT candidate,synthetic_not_verified,synthetic_observation,1,SYNTHETIC_FOR_PIPELINE_TESTING
1155,B016,Delhi,New Delhi,7030.457,7050.457,20,IMT candidate,synthetic_not_verified,synthetic_observation,1,SYNTHETIC_FOR_PIPELINE_TESTING
1156,B016,Rajasthan,Jaipur,7054.071,7059.071,5,IMT candidate,synthetic_not_verified,synthetic_observation,0,SYNTHETIC_FOR_PIPELINE_TESTING
1157,B009,Karnataka,Bengaluru,2343.541,2383.541,40,IMT candidate,synthetic_not_verified,synthetic_observation,0,SYNTHETIC_FOR_PIPELINE_TESTING
1158,B019,Telangana,Hyderabad,43316.264,43326.264,10,IMT candidate,synthetic_not_verified,synthetic_observation,1,SYNTHETIC_FOR_PIPELINE_TESTING
1159,B022,Rajasthan,Jaipur,5169.414,5179.414,10,WAS/RLAN,synthetic_not_verified,synthetic_observation,1,SYNTHETIC_FOR_PIPELINE_TESTING
1160,B022,Telangana,Hyderabad,5171.511,5181.511,10,WAS/RLAN,synthetic_not_verified,synthetic_observation,0,SYNTHETIC_FOR_PIPELINE_TESTING
1161,B018,West Bengal,Kolkata,37515.909,37525.909,10,IMT candidate,synthetic_not_verified,synthetic_observation,0,SYNTHETIC_FOR_PIPELINE_TESTING
1162,B023,Gujarat,Ahmedabad,5334.177,5344.177,10,WAS/RLAN,synthetic_not_verified,synthetic_observation,0,SYNTHETIC_FOR_PIPELINE_TESTING
1163,B007,Maharashtra,Mumbai,1840.047,1920.047,80,IMT candidate,synthetic_not_verified,synthetic_observation,0,SYNTHETIC_FOR_PIPELINE_TESTING
1164,B012,Telangana,Hyderabad,3419.599,3499.599,80,IMT candidate,synthetic_not_verified,synthetic_observation,1,SYNTHETIC_FOR_PIPELINE_TESTING
1165,B003,Rajasthan,Jaipur,868.749,888.749,20,IMT candidate,synthetic_not_verified,synthetic_observation,0,SYNTHETIC_FOR_PIPELINE_TESTING
1166,B020,Karnataka,Bengaluru,70839.958,70919.958,80,IMT candidate,synthetic_not_verified,synthetic_observation,0,SYNTHETIC_FOR_PIPELINE_TESTING
1167,B016,Maharashtra,Mumbai,7090.177,7091.177,1,IMT candidate,synthetic_not_verified,synthetic_observation,1,SYNTHETIC_FOR_PIPELINE_TESTING
1168,B022,Tamil Nadu,Chennai,5165.899,5185.899,20,WAS/RLAN,synthetic_not_verified,synthetic_observation,0,SYNTHETIC_FOR_PIPELINE_TESTING
1169,B023,Delhi,New Delhi,5260.155,5340.155,80,WAS/RLAN,synthetic_not_verified,synthetic_observation,1,SYNTHETIC_FOR_PIPELINE_TESTING
1170,B009,West Bengal,Kolkata,2313.787,2353.787,40,IMT candidate,synthetic_not_verified,synthetic_observation,0,SYNTHETIC_FOR_PIPELINE_TESTING
1171,B019,West Bengal,Kolkata,42896.848,42916.848,20,IMT candidate,synthetic_not_verified,synthetic_observation,0,SYNTHETIC_FOR_PIPELINE_TESTING
1172,B024,Tamil Nadu,Chennai,5533.75,5553.75,20,WAS/RLAN,synthetic_not_verified,synthetic_observation,0,SYNTHETIC_FOR_PIPELINE_TESTING
1173,B020,Gujarat,Ahmedabad,69132.416,69133.416,1,IMT candidate,synthetic_not_verified,synthetic_observation,0,SYNTHETIC_FOR_PIPELINE_TESTING
1174,B019,Rajasthan,Jaipur,43138.624,43148.624,10,IMT candidate,synthetic_not_verified,synthetic_observation,0,SYNTHETIC_FOR_PIPELINE_TESTING
1175,B019,Delhi,New Delhi,42539.374,42619.374,80,IMT candidate,synthetic_not_verified,synthetic_observation,0,SYNTHETIC_FOR_PIPELINE_TESTING
1176,B007,Telangana,Hyderabad,1785.142,1805.142,20,IMT candidate,synthetic_not_verified,synthetic_observation,1,SYNTHETIC_FOR_PIPELINE_TESTING
1177,B016,Delhi,New Delhi,7105.215,7106.215,1,IMT candidate,synthetic_not_verified,synthetic_observation,0,SYNTHETIC_FOR_PIPELINE_TESTING
1178,B012,Tamil Nadu,Chennai,3406.57,3426.57,20,IMT candidate,synthetic_not_verified,synthetic_observation,0,SYNTHETIC_FOR_PIPELINE_TESTING
1179,B003,Karnataka,Bengaluru,770.428,775.428,5,IMT candidate,synthetic_not_verified,synthetic_observation,0,SYNTHETIC_FOR_PIPELINE_TESTING
1180,B014,Delhi,New Delhi,3612.372,3652.372,40,IMT candidate,synthetic_not_verified,synthetic_observation,0,SYNTHETIC_FOR_PIPELINE_TESTING
1181,B003,West Bengal,Kolkata,770.858,780.858,10,IMT candidate,synthetic_not_verified,synthetic_observation,1,SYNTHETIC_FOR_PIPELINE_TESTING
1182,B013,West Bengal,Kolkata,3554.672,3574.672,20,IMT candidate,synthetic_not_verified,synthetic_observation,0,SYNTHETIC_FOR_PIPELINE_TESTING
1183,B007,West Bengal,Kolkata,1773.465,1778.465,5,IMT candidate,synthetic_not_verified,synthetic_observation,1,SYNTHETIC_FOR_PIPELINE_TESTING
1184,B015,Rajasthan,Jaipur,6521.231,6526.231,5,IMT candidate,synthetic_not_verified,synthetic_observation,1,SYNTHETIC_FOR_PIPELINE_TESTING
1185,B007,Tamil Nadu,Chennai,1961.804,1971.804,10,IMT candidate,synthetic_not_verified,synthetic_observation,1,SYNTHETIC_FOR_PIPELINE_TESTING
1186,B007,Rajasthan,Jaipur,1918.775,1923.775,5,IMT candidate,synthetic_not_verified,synthetic_observation,0,SYNTHETIC_FOR_PIPELINE_TESTING
1187,B008,West Bengal,Kolkata,2170.943,2175.943,5,IMT candidate,synthetic_not_verified,synthetic_observation,1,SYNTHETIC_FOR_PIPELINE_TESTING
1188,B014,Delhi,New Delhi,3619.106,3629.106,10,IMT candidate,synthetic_not_verified,synthetic_observation,1,SYNTHETIC_FOR_PIPELINE_TESTING
1189,B018,Karnataka,Bengaluru,38628.32,38648.32,20,IMT candidate,synthetic_not_verified,synthetic_observation,0,SYNTHETIC_FOR_PIPELINE_TESTING
1190,B012,West Bengal,Kolkata,3402.797,3482.797,80,IMT candidate,synthetic_not_verified,synthetic_observation,0,SYNTHETIC_FOR_PIPELINE_TESTING
1191,B014,Delhi,New Delhi,3600.0,3670.0,80,IMT candidate,synthetic_not_verified,synthetic_observation,0,SYNTHETIC_FOR_PIPELINE_TESTING
1192,B020,Tamil Nadu,Chennai,66245.041,66285.041,40,IMT candidate,synthetic_not_verified,synthetic_observation,0,SYNTHETIC_FOR_PIPELINE_TESTING
1193,B022,Tamil Nadu,Chennai,5194.292,5204.292,10,WAS/RLAN,synthetic_not_verified,synthetic_observation,0,SYNTHETIC_FOR_PIPELINE_TESTING
1194,B001,Karnataka,Bengaluru,498.494,538.494,40,IMT candidate,synthetic_not_verified,synthetic_observation,0,SYNTHETIC_FOR_PIPELINE_TESTING
1195,B010,Tamil Nadu,Chennai,2529.638,2609.638,80,IMT candidate,synthetic_not_verified,synthetic_observation,0,SYNTHETIC_FOR_PIPELINE_TESTING
1196,B007,Rajasthan,Jaipur,1967.885,1987.885,20,IMT candidate,synthetic_not_verified,synthetic_observation,1,SYNTHETIC_FOR_PIPELINE_TESTING
1197,B012,Maharashtra,Mumbai,3480.613,3485.613,5,IMT candidate,synthetic_not_verified,synthetic_observation,1,SYNTHETIC_FOR_PIPELINE_TESTING
1198,B014,Telangana,Hyderabad,3600.0,3670.0,80,IMT candidate,synthetic_not_verified,synthetic_observation,0,SYNTHETIC_FOR_PIPELINE_TESTING
1199,B014,Rajasthan,Jaipur,3600.0,3670.0,80,IMT candidate,synthetic_not_verified,synthetic_observation,1,SYNTHETIC_FOR_PIPELINE_TESTING
1200,B017,Rajasthan,Jaipur,24822.726,24842.726,20,IMT candidate,synthetic_not_verified,synthetic_observation,0,SYNTHETIC_FOR_PIPELINE_TESTING
1201,B002,Rajasthan,Jaipur,595.467,596.467,1,IMT candidate,synthetic_not_verified,synthetic_observation,0,SYNTHETIC_FOR_PIPELINE_TESTING
1202,B022,Rajasthan,Jaipur,5209.108,5249.108,40,WAS/RLAN,synthetic_not_verified,synthetic_observation,0,SYNTHETIC_FOR_PIPELINE_TESTING
1203,B006,Rajasthan,Jaipur,1440.153,1460.153,20,IMT candidate,synthetic_not_verified,synthetic_observation,1,SYNTHETIC_FOR_PIPELINE_TESTING
1204,B021,Delhi,New Delhi,2436.374,2441.374,5,Low Power / RLAN,synthetic_not_verified,synthetic_observation,1,SYNTHETIC_FOR_PIPELINE_TESTING
1205,B020,Gujarat,Ahmedabad,69702.807,69722.807,20,IMT candidate,synthetic_not_verified,synthetic_observation,1,SYNTHETIC_FOR_PIPELINE_TESTING
1206,B010,Tamil Nadu,Chennai,2532.068,2552.068,20,IMT candidate,synthetic_not_verified,synthetic_observation,1,SYNTHETIC_FOR_PIPELINE_TESTING
1207,B006,Maharashtra,Mumbai,1461.503,1462.503,1,IMT candidate,synthetic_not_verified,synthetic_observation,0,SYNTHETIC_FOR_PIPELINE_TESTING
1208,B025,Karnataka,Bengaluru,5725.987,5805.987,80,WAS/RLAN,synthetic_not_verified,synthetic_observation,1,SYNTHETIC_FOR_PIPELINE_TESTING
1209,B001,Karnataka,Bengaluru,481.781,561.781,80,IMT candidate,synthetic_not_verified,synthetic_observation,1,SYNTHETIC_FOR_PIPELINE_TESTING
1210,B010,Karnataka,Bengaluru,2659.857,2679.857,20,IMT candidate,synthetic_not_verified,synthetic_observation,1,SYNTHETIC_FOR_PIPELINE_TESTING
1211,B001,Telangana,Hyderabad,486.758,506.758,20,IMT candidate,synthetic_not_verified,synthetic_observation,1,SYNTHETIC_FOR_PIPELINE_TESTING
1212,B003,Gujarat,Ahmedabad,695.351,775.351,80,IMT candidate,synthetic_not_verified,synthetic_observation,0,SYNTHETIC_FOR_PIPELINE_TESTING
1213,B021,Maharashtra,Mumbai,2401.32,2421.32,20,Low Power / RLAN,synthetic_not_verified,synthetic_observation,0,SYNTHETIC_FOR_PIPELINE_TESTING
1214,B019,Maharashtra,Mumbai,42636.24,42676.24,40,IMT candidate,synthetic_not_verified,synthetic_observation,0,SYNTHETIC_FOR_PIPELINE_TESTING
1215,B020,Telangana,Hyderabad,70866.7,70886.7,20,IMT candidate,synthetic_not_verified,synthetic_observation,0,SYNTHETIC_FOR_PIPELINE_TESTING
1216,B014,Tamil Nadu,Chennai,3600.0,3670.0,80,IMT candidate,synthetic_not_verified,synthetic_observation,0,SYNTHETIC_FOR_PIPELINE_TESTING
1217,B015,Telangana,Hyderabad,6625.979,6626.979,1,IMT candidate,synthetic_not_verified,synthetic_observation,0,SYNTHETIC_FOR_PIPELINE_TESTING
1218,B012,Karnataka,Bengaluru,3450.022,3455.022,5,IMT candidate,synthetic_not_verified,synthetic_observation,0,SYNTHETIC_FOR_PIPELINE_TESTING
1219,B016,Telangana,Hyderabad,7071.64,7111.64,40,IMT candidate,synthetic_not_verified,synthetic_observation,1,SYNTHETIC_FOR_PIPELINE_TESTING
1220,B003,West Bengal,Kolkata,757.811,797.811,40,IMT candidate,synthetic_not_verified,synthetic_observation,0,SYNTHETIC_FOR_PIPELINE_TESTING
1221,B007,Telangana,Hyderabad,1763.446,1764.446,1,IMT candidate,synthetic_not_verified,synthetic_observation,0,SYNTHETIC_FOR_PIPELINE_TESTING
1222,B023,Delhi,New Delhi,5254.082,5259.082,5,WAS/RLAN,synthetic_not_verified,synthetic_observation,0,SYNTHETIC_FOR_PIPELINE_TESTING
1223,B023,Delhi,New Delhi,5265.067,5345.067,80,WAS/RLAN,synthetic_not_verified,synthetic_observation,1,SYNTHETIC_FOR_PIPELINE_TESTING
1224,B016,Tamil Nadu,Chennai,7033.751,7038.751,5,IMT candidate,synthetic_not_verified,synthetic_observation,0,SYNTHETIC_FOR_PIPELINE_TESTING
1225,B023,Rajasthan,Jaipur,5301.507,5311.507,10,WAS/RLAN,synthetic_not_verified,synthetic_observation,1,SYNTHETIC_FOR_PIPELINE_TESTING
1226,B013,West Bengal,Kolkata,3552.905,3562.905,10,IMT candidate,synthetic_not_verified,synthetic_observation,1,SYNTHETIC_FOR_PIPELINE_TESTING
1227,B004,Delhi,New Delhi,894.842,904.842,10,IMT candidate,synthetic_not_verified,synthetic_observation,0,SYNTHETIC_FOR_PIPELINE_TESTING
1228,B024,Telangana,Hyderabad,5682.899,5722.899,40,WAS/RLAN,synthetic_not_verified,synthetic_observation,0,SYNTHETIC_FOR_PIPELINE_TESTING
1229,B003,Rajasthan,Jaipur,673.33,713.33,40,IMT candidate,synthetic_not_verified,synthetic_observation,0,SYNTHETIC_FOR_PIPELINE_TESTING
1230,B008,Rajasthan,Jaipur,2151.147,2152.147,1,IMT candidate,synthetic_not_verified,synthetic_observation,1,SYNTHETIC_FOR_PIPELINE_TESTING
1231,B016,Maharashtra,Mumbai,7028.726,7038.726,10,IMT candidate,synthetic_not_verified,synthetic_observation,0,SYNTHETIC_FOR_PIPELINE_TESTING
1232,B015,Maharashtra,Mumbai,6677.956,6717.956,40,IMT candidate,synthetic_not_verified,synthetic_observation,1,SYNTHETIC_FOR_PIPELINE_TESTING
1233,B009,Maharashtra,Mumbai,2305.353,2306.353,1,IMT candidate,synthetic_not_verified,synthetic_observation,0,SYNTHETIC_FOR_PIPELINE_TESTING
1234,B005,Telangana,Hyderabad,954.224,959.224,5,IMT candidate,synthetic_not_verified,synthetic_observation,0,SYNTHETIC_FOR_PIPELINE_TESTING
1235,B015,West Bengal,Kolkata,6560.423,6640.423,80,IMT candidate,synthetic_not_verified,synthetic_observation,0,SYNTHETIC_FOR_PIPELINE_TESTING
1236,B011,Maharashtra,Mumbai,3317.187,3397.187,80,IMT candidate,synthetic_not_verified,synthetic_observation,1,SYNTHETIC_FOR_PIPELINE_TESTING
1237,B012,Tamil Nadu,Chennai,3407.465,3408.465,1,IMT candidate,synthetic_not_verified,synthetic_observation,0,SYNTHETIC_FOR_PIPELINE_TESTING
1238,B024,Telangana,Hyderabad,5623.236,5643.236,20,WAS/RLAN,synthetic_not_verified,synthetic_observation,1,SYNTHETIC_FOR_PIPELINE_TESTING
1239,B014,West Bengal,Kolkata,3600.0,3670.0,80,IMT candidate,synthetic_not_verified,synthetic_observation,1,SYNTHETIC_FOR_PIPELINE_TESTING
1240,B019,Karnataka,Bengaluru,42755.612,42756.612,1,IMT candidate,synthetic_not_verified,synthetic_observation,0,SYNTHETIC_FOR_PIPELINE_TESTING
1241,B007,Rajasthan,Jaipur,1981.204,2001.204,20,IMT candidate,synthetic_not_verified,synthetic_observation,0,SYNTHETIC_FOR_PIPELINE_TESTING
1242,B017,Maharashtra,Mumbai,26463.031,26473.031,10,IMT candidate,synthetic_not_verified,synthetic_observation,0,SYNTHETIC_FOR_PIPELINE_TESTING
1243,B003,Gujarat,Ahmedabad,625.405,626.405,1,IMT candidate,synthetic_not_verified,synthetic_observation,0,SYNTHETIC_FOR_PIPELINE_TESTING
1244,B009,Rajasthan,Jaipur,2319.885,2359.885,40,IMT candidate,synthetic_not_verified,synthetic_observation,1,SYNTHETIC_FOR_PIPELINE_TESTING
1245,B002,Rajasthan,Jaipur,585.0,610.0,40,IMT candidate,synthetic_not_verified,synthetic_observation,0,SYNTHETIC_FOR_PIPELINE_TESTING
1246,B001,West Bengal,Kolkata,504.126,524.126,20,IMT candidate,synthetic_not_verified,synthetic_observation,0,SYNTHETIC_FOR_PIPELINE_TESTING
1247,B018,Karnataka,Bengaluru,38244.542,38324.542,80,IMT candidate,synthetic_not_verified,synthetic_observation,0,SYNTHETIC_FOR_PIPELINE_TESTING
1248,B025,Tamil Nadu,Chennai,5799.57,5839.57,40,WAS/RLAN,synthetic_not_verified,synthetic_observation,1,SYNTHETIC_FOR_PIPELINE_TESTING
1249,B011,Karnataka,Bengaluru,3356.31,3396.31,40,IMT candidate,synthetic_not_verified,synthetic_observation,0,SYNTHETIC_FOR_PIPELINE_TESTING
1250,B007,Maharashtra,Mumbai,1820.624,1900.624,80,IMT candidate,synthetic_not_verified,synthetic_observation,0,SYNTHETIC_FOR_PIPELINE_TESTING
1251,B023,West Bengal,Kolkata,5339.946,5349.946,10,WAS/RLAN,synthetic_not_verified,synthetic_observation,0,SYNTHETIC_FOR_PIPELINE_TESTING
1252,B006,Rajasthan,Jaipur,1481.499,1486.499,5,IMT candidate,synthetic_not_verified,synthetic_observation,1,SYNTHETIC_FOR_PIPELINE_TESTING
1253,B014,Delhi,New Delhi,3637.654,3642.654,5,IMT candidate,synthetic_not_verified,synthetic_observation,0,SYNTHETIC_FOR_PIPELINE_TESTING
1254,B005,Tamil Nadu,Chennai,949.103,954.103,5,IMT candidate,synthetic_not_verified,synthetic_observation,1,SYNTHETIC_FOR_PIPELINE_TESTING
1255,B023,Karnataka,Bengaluru,5322.535,5327.535,5,WAS/RLAN,synthetic_not_verified,synthetic_observation,0,SYNTHETIC_FOR_PIPELINE_TESTING
1256,B014,Maharashtra,Mumbai,3600.0,3670.0,80,IMT candidate,synthetic_not_verified,synthetic_observation,1,SYNTHETIC_FOR_PIPELINE_TESTING
1257,B006,Karnataka,Bengaluru,1452.729,1472.729,20,IMT candidate,synthetic_not_verified,synthetic_observation,1,SYNTHETIC_FOR_PIPELINE_TESTING
1258,B013,Gujarat,Ahmedabad,3524.725,3534.725,10,IMT candidate,synthetic_not_verified,synthetic_observation,1,SYNTHETIC_FOR_PIPELINE_TESTING
1259,B004,Tamil Nadu,Chennai,940.315,941.315,1,IMT candidate,synthetic_not_verified,synthetic_observation,0,SYNTHETIC_FOR_PIPELINE_TESTING
1260,B022,Karnataka,Bengaluru,5160.093,5240.093,80,WAS/RLAN,synthetic_not_verified,synthetic_observation,0,SYNTHETIC_FOR_PIPELINE_TESTING
1261,B001,Telangana,Hyderabad,523.084,524.084,1,IMT candidate,synthetic_not_verified,synthetic_observation,1,SYNTHETIC_FOR_PIPELINE_TESTING
1262,B015,Gujarat,Ahmedabad,6564.91,6644.91,80,IMT candidate,synthetic_not_verified,synthetic_observation,0,SYNTHETIC_FOR_PIPELINE_TESTING
1263,B024,Telangana,Hyderabad,5561.528,5641.528,80,WAS/RLAN,synthetic_not_verified,synthetic_observation,1,SYNTHETIC_FOR_PIPELINE_TESTING
1264,B012,Maharashtra,Mumbai,3427.728,3437.728,10,IMT candidate,synthetic_not_verified,synthetic_observation,1,SYNTHETIC_FOR_PIPELINE_TESTING
1265,B001,Tamil Nadu,Chennai,489.746,569.746,80,IMT candidate,synthetic_not_verified,synthetic_observation,0,SYNTHETIC_FOR_PIPELINE_TESTING
1266,B018,West Bengal,Kolkata,39636.981,39641.981,5,IMT candidate,synthetic_not_verified,synthetic_observation,0,SYNTHETIC_FOR_PIPELINE_TESTING
1267,B016,West Bengal,Kolkata,7123.999,7124.999,1,IMT candidate,synthetic_not_verified,synthetic_observation,1,SYNTHETIC_FOR_PIPELINE_TESTING
1268,B017,West Bengal,Kolkata,27056.157,27066.157,10,IMT candidate,synthetic_not_verified,synthetic_observation,0,SYNTHETIC_FOR_PIPELINE_TESTING
1269,B024,Delhi,New Delhi,5625.294,5705.294,80,WAS/RLAN,synthetic_not_verified,synthetic_observation,0,SYNTHETIC_FOR_PIPELINE_TESTING
1270,B019,Tamil Nadu,Chennai,43464.797,43484.797,20,IMT candidate,synthetic_not_verified,synthetic_observation,0,SYNTHETIC_FOR_PIPELINE_TESTING
1271,B015,West Bengal,Kolkata,6541.203,6561.203,20,IMT candidate,synthetic_not_verified,synthetic_observation,1,SYNTHETIC_FOR_PIPELINE_TESTING
1272,B008,Telangana,Hyderabad,2158.995,2163.995,5,IMT candidate,synthetic_not_verified,synthetic_observation,0,SYNTHETIC_FOR_PIPELINE_TESTING
1273,B018,Maharashtra,Mumbai,39475.908,39495.908,20,IMT candidate,synthetic_not_verified,synthetic_observation,0,SYNTHETIC_FOR_PIPELINE_TESTING
1274,B001,Telangana,Hyderabad,563.6,583.6,20,IMT candidate,synthetic_not_verified,synthetic_observation,0,SYNTHETIC_FOR_PIPELINE_TESTING
1275,B006,Tamil Nadu,Chennai,1427.4,1428.4,1,IMT candidate,synthetic_not_verified,synthetic_observation,0,SYNTHETIC_FOR_PIPELINE_TESTING
1276,B003,Karnataka,Bengaluru,619.893,699.893,80,IMT candidate,synthetic_not_verified,synthetic_observation,0,SYNTHETIC_FOR_PIPELINE_TESTING
1277,B010,Tamil Nadu,Chennai,2569.998,2649.998,80,IMT candidate,synthetic_not_verified,synthetic_observation,1,SYNTHETIC_FOR_PIPELINE_TESTING
1278,B017,West Bengal,Kolkata,26355.674,26365.674,10,IMT candidate,synthetic_not_verified,synthetic_observation,0,SYNTHETIC_FOR_PIPELINE_TESTING
1279,B004,Karnataka,Bengaluru,890.0,942.0,80,IMT candidate,synthetic_not_verified,synthetic_observation,0,SYNTHETIC_FOR_PIPELINE_TESTING
1280,B011,Maharashtra,Mumbai,3317.647,3357.647,40,IMT candidate,synthetic_not_verified,synthetic_observation,1,SYNTHETIC_FOR_PIPELINE_TESTING
1281,B020,Tamil Nadu,Chennai,67129.422,67134.422,5,IMT candidate,synthetic_not_verified,synthetic_observation,1,SYNTHETIC_FOR_PIPELINE_TESTING
1282,B019,West Bengal,Kolkata,42871.09,42876.09,5,IMT candidate,synthetic_not_verified,synthetic_observation,1,SYNTHETIC_FOR_PIPELINE_TESTING
1283,B007,Gujarat,Ahmedabad,1988.984,2008.984,20,IMT candidate,synthetic_not_verified,synthetic_observation,1,SYNTHETIC_FOR_PIPELINE_TESTING
1284,B023,Rajasthan,Jaipur,5267.86,5272.86,5,WAS/RLAN,synthetic_not_verified,synthetic_observation,1,SYNTHETIC_FOR_PIPELINE_TESTING
1285,B023,Delhi,New Delhi,5266.34,5346.34,80,WAS/RLAN,synthetic_not_verified,synthetic_observation,1,SYNTHETIC_FOR_PIPELINE_TESTING
1286,B016,Gujarat,Ahmedabad,7086.906,7096.906,10,IMT candidate,synthetic_not_verified,synthetic_observation,0,SYNTHETIC_FOR_PIPELINE_TESTING
1287,B007,Telangana,Hyderabad,1999.976,2009.976,10,IMT candidate,synthetic_not_verified,synthetic_observation,0,SYNTHETIC_FOR_PIPELINE_TESTING
1288,B023,Tamil Nadu,Chennai,5262.684,5302.684,40,WAS/RLAN,synthetic_not_verified,synthetic_observation,1,SYNTHETIC_FOR_PIPELINE_TESTING
1289,B007,Karnataka,Bengaluru,1931.26,1932.26,1,IMT candidate,synthetic_not_verified,synthetic_observation,1,SYNTHETIC_FOR_PIPELINE_TESTING
1290,B005,Tamil Nadu,Chennai,942.0,960.0,40,IMT candidate,synthetic_not_verified,synthetic_observation,0,SYNTHETIC_FOR_PIPELINE_TESTING
1291,B018,Maharashtra,Mumbai,37619.549,37699.549,80,IMT candidate,synthetic_not_verified,synthetic_observation,0,SYNTHETIC_FOR_PIPELINE_TESTING
1292,B010,Gujarat,Ahmedabad,2642.752,2682.752,40,IMT candidate,synthetic_not_verified,synthetic_observation,0,SYNTHETIC_FOR_PIPELINE_TESTING
1293,B011,West Bengal,Kolkata,3348.657,3368.657,20,IMT candidate,synthetic_not_verified,synthetic_observation,0,SYNTHETIC_FOR_PIPELINE_TESTING
1294,B001,Telangana,Hyderabad,485.991,565.991,80,IMT candidate,synthetic_not_verified,synthetic_observation,0,SYNTHETIC_FOR_PIPELINE_TESTING
1295,B023,Delhi,New Delhi,5256.229,5296.229,40,WAS/RLAN,synthetic_not_verified,synthetic_observation,1,SYNTHETIC_FOR_PIPELINE_TESTING
1296,B006,Karnataka,Bengaluru,1492.026,1493.026,1,IMT candidate,synthetic_not_verified,synthetic_observation,0,SYNTHETIC_FOR_PIPELINE_TESTING
1297,B002,Telangana,Hyderabad,597.331,607.331,10,IMT candidate,synthetic_not_verified,synthetic_observation,1,SYNTHETIC_FOR_PIPELINE_TESTING
1298,B009,Maharashtra,Mumbai,2351.974,2356.974,5,IMT candidate,synthetic_not_verified,synthetic_observation,0,SYNTHETIC_FOR_PIPELINE_TESTING
1299,B025,Karnataka,Bengaluru,5784.879,5864.879,80,WAS/RLAN,synthetic_not_verified,synthetic_observation,0,SYNTHETIC_FOR_PIPELINE_TESTING
1300,B014,Telangana,Hyderabad,3657.996,3658.996,1,IMT candidate,synthetic_not_verified,synthetic_observation,0,SYNTHETIC_FOR_PIPELINE_TESTING
1301,B014,Karnataka,Bengaluru,3601.238,3611.238,10,IMT candidate,synthetic_not_verified,synthetic_observation,0,SYNTHETIC_FOR_PIPELINE_TESTING
1302,B003,Maharashtra,Mumbai,639.669,649.669,10,IMT candidate,synthetic_not_verified,synthetic_observation,0,SYNTHETIC_FOR_PIPELINE_TESTING
1303,B024,Rajasthan,Jaipur,5556.342,5596.342,40,WAS/RLAN,synthetic_not_verified,synthetic_observation,1,SYNTHETIC_FOR_PIPELINE_TESTING
1304,B018,Gujarat,Ahmedabad,37231.296,37311.296,80,IMT candidate,synthetic_not_verified,synthetic_observation,1,SYNTHETIC_FOR_PIPELINE_TESTING
1305,B007,Karnataka,Bengaluru,1864.598,1865.598,1,IMT candidate,synthetic_not_verified,synthetic_observation,0,SYNTHETIC_FOR_PIPELINE_TESTING
1306,B005,Gujarat,Ahmedabad,942.0,960.0,40,IMT candidate,synthetic_not_verified,synthetic_observation,0,SYNTHETIC_FOR_PIPELINE_TESTING
1307,B005,Delhi,New Delhi,942.0,960.0,40,IMT candidate,synthetic_not_verified,synthetic_observation,1,SYNTHETIC_FOR_PIPELINE_TESTING
1308,B002,Maharashtra,Mumbai,602.002,607.002,5,IMT candidate,synthetic_not_verified,synthetic_observation,0,SYNTHETIC_FOR_PIPELINE_TESTING
1309,B019,Rajasthan,Jaipur,42770.756,42771.756,1,IMT candidate,synthetic_not_verified,synthetic_observation,0,SYNTHETIC_FOR_PIPELINE_TESTING
1310,B020,Rajasthan,Jaipur,67252.012,67332.012,80,IMT candidate,synthetic_not_verified,synthetic_observation,0,SYNTHETIC_FOR_PIPELINE_TESTING
1311,B025,Tamil Nadu,Chennai,5771.649,5851.649,80,WAS/RLAN,synthetic_not_verified,synthetic_observation,0,SYNTHETIC_FOR_PIPELINE_TESTING
1312,B025,Maharashtra,Mumbai,5738.851,5758.851,20,WAS/RLAN,synthetic_not_verified,synthetic_observation,0,SYNTHETIC_FOR_PIPELINE_TESTING
1313,B008,Gujarat,Ahmedabad,2118.725,2128.725,10,IMT candidate,synthetic_not_verified,synthetic_observation,0,SYNTHETIC_FOR_PIPELINE_TESTING
1314,B002,Karnataka,Bengaluru,585.0,610.0,40,IMT candidate,synthetic_not_verified,synthetic_observation,1,SYNTHETIC_FOR_PIPELINE_TESTING
1315,B020,Rajasthan,Jaipur,67421.974,67426.974,5,IMT candidate,synthetic_not_verified,synthetic_observation,0,SYNTHETIC_FOR_PIPELINE_TESTING
1316,B023,Karnataka,Bengaluru,5264.741,5344.741,80,WAS/RLAN,synthetic_not_verified,synthetic_observation,0,SYNTHETIC_FOR_PIPELINE_TESTING
1317,B019,Maharashtra,Mumbai,43320.567,43321.567,1,IMT candidate,synthetic_not_verified,synthetic_observation,0,SYNTHETIC_FOR_PIPELINE_TESTING
1318,B006,Delhi,New Delhi,1494.917,1499.917,5,IMT candidate,synthetic_not_verified,synthetic_observation,0,SYNTHETIC_FOR_PIPELINE_TESTING
1319,B004,West Bengal,Kolkata,894.923,895.923,1,IMT candidate,synthetic_not_verified,synthetic_observation,1,SYNTHETIC_FOR_PIPELINE_TESTING
1320,B022,Karnataka,Bengaluru,5203.054,5208.054,5,WAS/RLAN,synthetic_not_verified,synthetic_observation,1,SYNTHETIC_FOR_PIPELINE_TESTING
1321,B025,Karnataka,Bengaluru,5754.91,5794.91,40,WAS/RLAN,synthetic_not_verified,synthetic_observation,1,SYNTHETIC_FOR_PIPELINE_TESTING
1322,B004,Gujarat,Ahmedabad,920.855,940.855,20,IMT candidate,synthetic_not_verified,synthetic_observation,0,SYNTHETIC_FOR_PIPELINE_TESTING
1323,B021,Tamil Nadu,Chennai,2433.529,2434.529,1,Low Power / RLAN,synthetic_not_verified,synthetic_observation,0,SYNTHETIC_FOR_PIPELINE_TESTING
1324,B023,Telangana,Hyderabad,5261.166,5301.166,40,WAS/RLAN,synthetic_not_verified,synthetic_observation,1,SYNTHETIC_FOR_PIPELINE_TESTING
1325,B017,West Bengal,Kolkata,24574.465,24584.465,10,IMT candidate,synthetic_not_verified,synthetic_observation,0,SYNTHETIC_FOR_PIPELINE_TESTING
1326,B008,Rajasthan,Jaipur,2113.31,2193.31,80,IMT candidate,synthetic_not_verified,synthetic_observation,1,SYNTHETIC_FOR_PIPELINE_TESTING
1327,B022,Tamil Nadu,Chennai,5159.072,5239.072,80,WAS/RLAN,synthetic_not_verified,synthetic_observation,1,SYNTHETIC_FOR_PIPELINE_TESTING
1328,B007,Rajasthan,Jaipur,1918.694,1923.694,5,IMT candidate,synthetic_not_verified,synthetic_observation,1,SYNTHETIC_FOR_PIPELINE_TESTING
1329,B015,West Bengal,Kolkata,6558.211,6568.211,10,IMT candidate,synthetic_not_verified,synthetic_observation,0,SYNTHETIC_FOR_PIPELINE_TESTING
1330,B010,Karnataka,Bengaluru,2618.029,2623.029,5,IMT candidate,synthetic_not_verified,synthetic_observation,0,SYNTHETIC_FOR_PIPELINE_TESTING
1331,B025,Karnataka,Bengaluru,5786.88,5866.88,80,WAS/RLAN,synthetic_not_verified,synthetic_observation,1,SYNTHETIC_FOR_PIPELINE_TESTING
1332,B018,Delhi,New Delhi,39095.37,39100.37,5,IMT candidate,synthetic_not_verified,synthetic_observation,1,SYNTHETIC_FOR_PIPELINE_TESTING
1333,B001,Gujarat,Ahmedabad,497.727,498.727,1,IMT candidate,synthetic_not_verified,synthetic_observation,0,SYNTHETIC_FOR_PIPELINE_TESTING
1334,B019,Gujarat,Ahmedabad,43372.342,43377.342,5,IMT candidate,synthetic_not_verified,synthetic_observation,1,SYNTHETIC_FOR_PIPELINE_TESTING
1335,B006,Maharashtra,Mumbai,1460.66,1500.66,40,IMT candidate,synthetic_not_verified,synthetic_observation,0,SYNTHETIC_FOR_PIPELINE_TESTING
1336,B001,Karnataka,Bengaluru,567.607,568.607,1,IMT candidate,synthetic_not_verified,synthetic_observation,1,SYNTHETIC_FOR_PIPELINE_TESTING
1337,B010,Maharashtra,Mumbai,2501.193,2541.193,40,IMT candidate,synthetic_not_verified,synthetic_observation,0,SYNTHETIC_FOR_PIPELINE_TESTING
1338,B015,Delhi,New Delhi,6441.899,6521.899,80,IMT candidate,synthetic_not_verified,synthetic_observation,0,SYNTHETIC_FOR_PIPELINE_TESTING
1339,B015,Maharashtra,Mumbai,6496.003,6536.003,40,IMT candidate,synthetic_not_verified,synthetic_observation,0,SYNTHETIC_FOR_PIPELINE_TESTING
1340,B021,West Bengal,Kolkata,2400.839,2480.839,80,Low Power / RLAN,synthetic_not_verified,synthetic_observation,1,SYNTHETIC_FOR_PIPELINE_TESTING
1341,B003,West Bengal,Kolkata,758.58,763.58,5,IMT candidate,synthetic_not_verified,synthetic_observation,0,SYNTHETIC_FOR_PIPELINE_TESTING
1342,B019,Karnataka,Bengaluru,42870.75,42910.75,40,IMT candidate,synthetic_not_verified,synthetic_observation,0,SYNTHETIC_FOR_PIPELINE_TESTING
1343,B010,Tamil Nadu,Chennai,2538.974,2558.974,20,IMT candidate,synthetic_not_verified,synthetic_observation,1,SYNTHETIC_FOR_PIPELINE_TESTING
1344,B023,Karnataka,Bengaluru,5269.497,5274.497,5,WAS/RLAN,synthetic_not_verified,synthetic_observation,1,SYNTHETIC_FOR_PIPELINE_TESTING
1345,B008,Tamil Nadu,Chennai,2133.015,2173.015,40,IMT candidate,synthetic_not_verified,synthetic_observation,1,SYNTHETIC_FOR_PIPELINE_TESTING
1346,B010,Tamil Nadu,Chennai,2644.148,2664.148,20,IMT candidate,synthetic_not_verified,synthetic_observation,0,SYNTHETIC_FOR_PIPELINE_TESTING
1347,B015,Telangana,Hyderabad,6978.852,7018.852,40,IMT candidate,synthetic_not_verified,synthetic_observation,0,SYNTHETIC_FOR_PIPELINE_TESTING
1348,B018,Rajasthan,Jaipur,38670.445,38680.445,10,IMT candidate,synthetic_not_verified,synthetic_observation,0,SYNTHETIC_FOR_PIPELINE_TESTING
1349,B009,Gujarat,Ahmedabad,2367.573,2372.573,5,IMT candidate,synthetic_not_verified,synthetic_observation,0,SYNTHETIC_FOR_PIPELINE_TESTING
1350,B015,Rajasthan,Jaipur,6961.328,6981.328,20,IMT candidate,synthetic_not_verified,synthetic_observation,0,SYNTHETIC_FOR_PIPELINE_TESTING
1351,B025,Karnataka,Bengaluru,5730.471,5770.471,40,WAS/RLAN,synthetic_not_verified,synthetic_observation,0,SYNTHETIC_FOR_PIPELINE_TESTING
1352,B019,Rajasthan,Jaipur,43008.171,43048.171,40,IMT candidate,synthetic_not_verified,synthetic_observation,1,SYNTHETIC_FOR_PIPELINE_TESTING
1353,B022,Karnataka,Bengaluru,5178.289,5183.289,5,WAS/RLAN,synthetic_not_verified,synthetic_observation,0,SYNTHETIC_FOR_PIPELINE_TESTING
1354,B008,Karnataka,Bengaluru,2114.512,2154.512,40,IMT candidate,synthetic_not_verified,synthetic_observation,0,SYNTHETIC_FOR_PIPELINE_TESTING
1355,B004,Maharashtra,Mumbai,898.106,908.106,10,IMT candidate,synthetic_not_verified,synthetic_observation,0,SYNTHETIC_FOR_PIPELINE_TESTING
1356,B021,Rajasthan,Jaipur,2448.515,2453.515,5,Low Power / RLAN,synthetic_not_verified,synthetic_observation,0,SYNTHETIC_FOR_PIPELINE_TESTING
1357,B008,Delhi,New Delhi,2119.027,2199.027,80,IMT candidate,synthetic_not_verified,synthetic_observation,1,SYNTHETIC_FOR_PIPELINE_TESTING
1358,B002,Karnataka,Bengaluru,604.676,609.676,5,IMT candidate,synthetic_not_verified,synthetic_observation,0,SYNTHETIC_FOR_PIPELINE_TESTING
1359,B018,Karnataka,Bengaluru,39896.842,39916.842,20,IMT candidate,synthetic_not_verified,synthetic_observation,0,SYNTHETIC_FOR_PIPELINE_TESTING
1360,B022,Delhi,New Delhi,5210.859,5220.859,10,WAS/RLAN,synthetic_not_verified,synthetic_observation,1,SYNTHETIC_FOR_PIPELINE_TESTING
1361,B015,Gujarat,Ahmedabad,6993.456,6994.456,1,IMT candidate,synthetic_not_verified,synthetic_observation,1,SYNTHETIC_FOR_PIPELINE_TESTING
1362,B015,Delhi,New Delhi,6516.096,6596.096,80,IMT candidate,synthetic_not_verified,synthetic_observation,1,SYNTHETIC_FOR_PIPELINE_TESTING
1363,B008,Tamil Nadu,Chennai,2154.141,2159.141,5,IMT candidate,synthetic_not_verified,synthetic_observation,1,SYNTHETIC_FOR_PIPELINE_TESTING
1364,B012,Tamil Nadu,Chennai,3415.584,3435.584,20,IMT candidate,synthetic_not_verified,synthetic_observation,1,SYNTHETIC_FOR_PIPELINE_TESTING
1365,B014,Tamil Nadu,Chennai,3600.0,3670.0,80,IMT candidate,synthetic_not_verified,synthetic_observation,0,SYNTHETIC_FOR_PIPELINE_TESTING
1366,B011,Delhi,New Delhi,3347.302,3352.302,5,IMT candidate,synthetic_not_verified,synthetic_observation,0,SYNTHETIC_FOR_PIPELINE_TESTING
1367,B013,Maharashtra,Mumbai,3585.727,3595.727,10,IMT candidate,synthetic_not_verified,synthetic_observation,0,SYNTHETIC_FOR_PIPELINE_TESTING
1368,B001,Delhi,New Delhi,550.139,570.139,20,IMT candidate,synthetic_not_verified,synthetic_observation,1,SYNTHETIC_FOR_PIPELINE_TESTING
1369,B003,Telangana,Hyderabad,723.28,724.28,1,IMT candidate,synthetic_not_verified,synthetic_observation,0,SYNTHETIC_FOR_PIPELINE_TESTING
1370,B010,Maharashtra,Mumbai,2684.014,2689.014,5,IMT candidate,synthetic_not_verified,synthetic_observation,1,SYNTHETIC_FOR_PIPELINE_TESTING
1371,B013,West Bengal,Kolkata,3535.506,3540.506,5,IMT candidate,synthetic_not_verified,synthetic_observation,0,SYNTHETIC_FOR_PIPELINE_TESTING
1372,B017,Telangana,Hyderabad,24429.954,24509.954,80,IMT candidate,synthetic_not_verified,synthetic_observation,0,SYNTHETIC_FOR_PIPELINE_TESTING
1373,B004,Karnataka,Bengaluru,914.862,934.862,20,IMT candidate,synthetic_not_verified,synthetic_observation,0,SYNTHETIC_FOR_PIPELINE_TESTING
1374,B020,Gujarat,Ahmedabad,67847.493,67848.493,1,IMT candidate,synthetic_not_verified,synthetic_observation,0,SYNTHETIC_FOR_PIPELINE_TESTING
1375,B017,Rajasthan,Jaipur,27206.343,27286.343,80,IMT candidate,synthetic_not_verified,synthetic_observation,0,SYNTHETIC_FOR_PIPELINE_TESTING
1376,B025,West Bengal,Kolkata,5764.893,5769.893,5,WAS/RLAN,synthetic_not_verified,synthetic_observation,0,SYNTHETIC_FOR_PIPELINE_TESTING
1377,B005,Tamil Nadu,Chennai,942.0,960.0,20,IMT candidate,synthetic_not_verified,synthetic_observation,0,SYNTHETIC_FOR_PIPELINE_TESTING
1378,B019,Delhi,New Delhi,43041.92,43046.92,5,IMT candidate,synthetic_not_verified,synthetic_observation,0,SYNTHETIC_FOR_PIPELINE_TESTING
1379,B018,Delhi,New Delhi,37136.612,37216.612,80,IMT candidate,synthetic_not_verified,synthetic_observation,0,SYNTHETIC_FOR_PIPELINE_TESTING
1380,B017,West Bengal,Kolkata,26446.768,26451.768,5,IMT candidate,synthetic_not_verified,synthetic_observation,0,SYNTHETIC_FOR_PIPELINE_TESTING
1381,B003,Karnataka,Bengaluru,724.436,734.436,10,IMT candidate,synthetic_not_verified,synthetic_observation,0,SYNTHETIC_FOR_PIPELINE_TESTING
1382,B007,Telangana,Hyderabad,1916.526,1996.526,80,IMT candidate,synthetic_not_verified,synthetic_observation,0,SYNTHETIC_FOR_PIPELINE_TESTING
1383,B002,Tamil Nadu,Chennai,590.593,600.593,10,IMT candidate,synthetic_not_verified,synthetic_observation,0,SYNTHETIC_FOR_PIPELINE_TESTING
1384,B021,West Bengal,Kolkata,2418.17,2438.17,20,Low Power / RLAN,synthetic_not_verified,synthetic_observation,0,SYNTHETIC_FOR_PIPELINE_TESTING
1385,B011,West Bengal,Kolkata,3314.132,3354.132,40,IMT candidate,synthetic_not_verified,synthetic_observation,0,SYNTHETIC_FOR_PIPELINE_TESTING
1386,B006,Karnataka,Bengaluru,1489.793,1490.793,1,IMT candidate,synthetic_not_verified,synthetic_observation,1,SYNTHETIC_FOR_PIPELINE_TESTING
1387,B003,Gujarat,Ahmedabad,841.174,851.174,10,IMT candidate,synthetic_not_verified,synthetic_observation,1,SYNTHETIC_FOR_PIPELINE_TESTING
1388,B005,Tamil Nadu,Chennai,942.787,943.787,1,IMT candidate,synthetic_not_verified,synthetic_observation,0,SYNTHETIC_FOR_PIPELINE_TESTING
1389,B014,Tamil Nadu,Chennai,3643.484,3663.484,20,IMT candidate,synthetic_not_verified,synthetic_observation,1,SYNTHETIC_FOR_PIPELINE_TESTING
1390,B023,Tamil Nadu,Chennai,5265.856,5345.856,80,WAS/RLAN,synthetic_not_verified,synthetic_observation,0,SYNTHETIC_FOR_PIPELINE_TESTING
1391,B018,Telangana,Hyderabad,39824.69,39904.69,80,IMT candidate,synthetic_not_verified,synthetic_observation,0,SYNTHETIC_FOR_PIPELINE_TESTING
1392,B023,Gujarat,Ahmedabad,5285.699,5295.699,10,WAS/RLAN,synthetic_not_verified,synthetic_observation,0,SYNTHETIC_FOR_PIPELINE_TESTING
1393,B025,Karnataka,Bengaluru,5762.853,5772.853,10,WAS/RLAN,synthetic_not_verified,synthetic_observation,0,SYNTHETIC_FOR_PIPELINE_TESTING
1394,B018,Maharashtra,Mumbai,37601.698,37602.698,1,IMT candidate,synthetic_not_verified,synthetic_observation,1,SYNTHETIC_FOR_PIPELINE_TESTING
1395,B023,Delhi,New Delhi,5289.668,5290.668,1,WAS/RLAN,synthetic_not_verified,synthetic_observation,0,SYNTHETIC_FOR_PIPELINE_TESTING
1396,B003,Rajasthan,Jaipur,797.988,837.988,40,IMT candidate,synthetic_not_verified,synthetic_observation,0,SYNTHETIC_FOR_PIPELINE_TESTING
1397,B023,Rajasthan,Jaipur,5255.632,5265.632,10,WAS/RLAN,synthetic_not_verified,synthetic_observation,1,SYNTHETIC_FOR_PIPELINE_TESTING
1398,B012,Tamil Nadu,Chennai,3489.475,3490.475,1,IMT candidate,synthetic_not_verified,synthetic_observation,0,SYNTHETIC_FOR_PIPELINE_TESTING
1399,B010,Telangana,Hyderabad,2575.775,2595.775,20,IMT candidate,synthetic_not_verified,synthetic_observation,1,SYNTHETIC_FOR_PIPELINE_TESTING
1400,B001,Tamil Nadu,Chennai,547.77,552.77,5,IMT candidate,synthetic_not_verified,synthetic_observation,1,SYNTHETIC_FOR_PIPELINE_TESTING
1401,B020,Telangana,Hyderabad,69014.75,69015.75,1,IMT candidate,synthetic_not_verified,synthetic_observation,1,SYNTHETIC_FOR_PIPELINE_TESTING
1402,B010,Gujarat,Ahmedabad,2590.764,2670.764,80,IMT candidate,synthetic_not_verified,synthetic_observation,0,SYNTHETIC_FOR_PIPELINE_TESTING
1403,B006,Delhi,New Delhi,1456.572,1476.572,20,IMT candidate,synthetic_not_verified,synthetic_observation,0,SYNTHETIC_FOR_PIPELINE_TESTING
1404,B018,West Bengal,Kolkata,38691.38,38692.38,1,IMT candidate,synthetic_not_verified,synthetic_observation,0,SYNTHETIC_FOR_PIPELINE_TESTING
1405,B016,Maharashtra,Mumbai,7114.283,7124.283,10,IMT candidate,synthetic_not_verified,synthetic_observation,0,SYNTHETIC_FOR_PIPELINE_TESTING
1406,B008,Karnataka,Bengaluru,2135.466,2175.466,40,IMT candidate,synthetic_not_verified,synthetic_observation,0,SYNTHETIC_FOR_PIPELINE_TESTING
1407,B012,Karnataka,Bengaluru,3470.42,3471.42,1,IMT candidate,synthetic_not_verified,synthetic_observation,0,SYNTHETIC_FOR_PIPELINE_TESTING
1408,B017,Tamil Nadu,Chennai,25833.11,25843.11,10,IMT candidate,synthetic_not_verified,synthetic_observation,0,SYNTHETIC_FOR_PIPELINE_TESTING
1409,B013,Gujarat,Ahmedabad,3504.813,3544.813,40,IMT candidate,synthetic_not_verified,synthetic_observation,0,SYNTHETIC_FOR_PIPELINE_TESTING
1410,B016,Maharashtra,Mumbai,7071.132,7072.132,1,IMT candidate,synthetic_not_verified,synthetic_observation,1,SYNTHETIC_FOR_PIPELINE_TESTING
1411,B007,Gujarat,Ahmedabad,1932.979,1933.979,1,IMT candidate,synthetic_not_verified,synthetic_observation,0,SYNTHETIC_FOR_PIPELINE_TESTING
1412,B006,West Bengal,Kolkata,1435.242,1515.242,80,IMT candidate,synthetic_not_verified,synthetic_observation,0,SYNTHETIC_FOR_PIPELINE_TESTING
1413,B023,Karnataka,Bengaluru,5297.409,5307.409,10,WAS/RLAN,synthetic_not_verified,synthetic_observation,1,SYNTHETIC_FOR_PIPELINE_TESTING
1414,B006,Karnataka,Bengaluru,1497.363,1507.363,10,IMT candidate,synthetic_not_verified,synthetic_observation,1,SYNTHETIC_FOR_PIPELINE_TESTING
1415,B019,Gujarat,Ahmedabad,42553.375,42554.375,1,IMT candidate,synthetic_not_verified,synthetic_observation,1,SYNTHETIC_FOR_PIPELINE_TESTING
1416,B017,Tamil Nadu,Chennai,26947.121,26987.121,40,IMT candidate,synthetic_not_verified,synthetic_observation,0,SYNTHETIC_FOR_PIPELINE_TESTING
1417,B024,Maharashtra,Mumbai,5515.57,5555.57,40,WAS/RLAN,synthetic_not_verified,synthetic_observation,0,SYNTHETIC_FOR_PIPELINE_TESTING
1418,B006,Rajasthan,Jaipur,1486.524,1487.524,1,IMT candidate,synthetic_not_verified,synthetic_observation,0,SYNTHETIC_FOR_PIPELINE_TESTING
1419,B008,Telangana,Hyderabad,2111.257,2116.257,5,IMT candidate,synthetic_not_verified,synthetic_observation,0,SYNTHETIC_FOR_PIPELINE_TESTING
1420,B004,Delhi,New Delhi,933.663,934.663,1,IMT candidate,synthetic_not_verified,synthetic_observation,1,SYNTHETIC_FOR_PIPELINE_TESTING
1421,B001,West Bengal,Kolkata,492.594,572.594,80,IMT candidate,synthetic_not_verified,synthetic_observation,0,SYNTHETIC_FOR_PIPELINE_TESTING
1422,B022,Tamil Nadu,Chennai,5155.724,5235.724,80,WAS/RLAN,synthetic_not_verified,synthetic_observation,0,SYNTHETIC_FOR_PIPELINE_TESTING
1423,B024,Maharashtra,Mumbai,5569.529,5579.529,10,WAS/RLAN,synthetic_not_verified,synthetic_observation,0,SYNTHETIC_FOR_PIPELINE_TESTING
1424,B010,Maharashtra,Mumbai,2619.916,2624.916,5,IMT candidate,synthetic_not_verified,synthetic_observation,0,SYNTHETIC_FOR_PIPELINE_TESTING
1425,B002,Gujarat,Ahmedabad,587.285,592.285,5,IMT candidate,synthetic_not_verified,synthetic_observation,0,SYNTHETIC_FOR_PIPELINE_TESTING
1426,B025,Tamil Nadu,Chennai,5772.347,5792.347,20,WAS/RLAN,synthetic_not_verified,synthetic_observation,1,SYNTHETIC_FOR_PIPELINE_TESTING
1427,B020,Tamil Nadu,Chennai,68418.666,68419.666,1,IMT candidate,synthetic_not_verified,synthetic_observation,0,SYNTHETIC_FOR_PIPELINE_TESTING
1428,B012,Maharashtra,Mumbai,3430.248,3435.248,5,IMT candidate,synthetic_not_verified,synthetic_observation,0,SYNTHETIC_FOR_PIPELINE_TESTING
1429,B019,Maharashtra,Mumbai,42756.531,42766.531,10,IMT candidate,synthetic_not_verified,synthetic_observation,0,SYNTHETIC_FOR_PIPELINE_TESTING
1430,B014,Tamil Nadu,Chennai,3611.021,3651.021,40,IMT candidate,synthetic_not_verified,synthetic_observation,1,SYNTHETIC_FOR_PIPELINE_TESTING
1431,B013,Karnataka,Bengaluru,3567.309,3587.309,20,IMT candidate,synthetic_not_verified,synthetic_observation,0,SYNTHETIC_FOR_PIPELINE_TESTING
1432,B005,Gujarat,Ahmedabad,942.0,960.0,20,IMT candidate,synthetic_not_verified,synthetic_observation,0,SYNTHETIC_FOR_PIPELINE_TESTING
1433,B006,West Bengal,Kolkata,1468.531,1508.531,40,IMT candidate,synthetic_not_verified,synthetic_observation,1,SYNTHETIC_FOR_PIPELINE_TESTING
1434,B004,West Bengal,Kolkata,894.411,899.411,5,IMT candidate,synthetic_not_verified,synthetic_observation,1,SYNTHETIC_FOR_PIPELINE_TESTING
1435,B006,West Bengal,Kolkata,1486.955,1496.955,10,IMT candidate,synthetic_not_verified,synthetic_observation,0,SYNTHETIC_FOR_PIPELINE_TESTING
1436,B019,Gujarat,Ahmedabad,43082.462,43162.462,80,IMT candidate,synthetic_not_verified,synthetic_observation,1,SYNTHETIC_FOR_PIPELINE_TESTING
1437,B001,Telangana,Hyderabad,490.506,530.506,40,IMT candidate,synthetic_not_verified,synthetic_observation,0,SYNTHETIC_FOR_PIPELINE_TESTING
1438,B021,Tamil Nadu,Chennai,2400.017,2480.017,80,Low Power / RLAN,synthetic_not_verified,synthetic_observation,1,SYNTHETIC_FOR_PIPELINE_TESTING
1439,B016,Gujarat,Ahmedabad,7072.034,7112.034,40,IMT candidate,synthetic_not_verified,synthetic_observation,0,SYNTHETIC_FOR_PIPELINE_TESTING
1440,B009,Telangana,Hyderabad,2321.885,2361.885,40,IMT candidate,synthetic_not_verified,synthetic_observation,1,SYNTHETIC_FOR_PIPELINE_TESTING
1441,B019,West Bengal,Kolkata,43267.207,43307.207,40,IMT candidate,synthetic_not_verified,synthetic_observation,0,SYNTHETIC_FOR_PIPELINE_TESTING
1442,B019,Rajasthan,Jaipur,42686.561,42691.561,5,IMT candidate,synthetic_not_verified,synthetic_observation,1,SYNTHETIC_FOR_PIPELINE_TESTING
1443,B019,Tamil Nadu,Chennai,43285.05,43325.05,40,IMT candidate,synthetic_not_verified,synthetic_observation,0,SYNTHETIC_FOR_PIPELINE_TESTING
1444,B022,Karnataka,Bengaluru,5172.121,5177.121,5,WAS/RLAN,synthetic_not_verified,synthetic_observation,1,SYNTHETIC_FOR_PIPELINE_TESTING
1445,B007,West Bengal,Kolkata,1788.815,1789.815,1,IMT candidate,synthetic_not_verified,synthetic_observation,0,SYNTHETIC_FOR_PIPELINE_TESTING
1446,B018,Gujarat,Ahmedabad,38571.588,38651.588,80,IMT candidate,synthetic_not_verified,synthetic_observation,1,SYNTHETIC_FOR_PIPELINE_TESTING
1447,B009,Maharashtra,Mumbai,2351.678,2352.678,1,IMT candidate,synthetic_not_verified,synthetic_observation,0,SYNTHETIC_FOR_PIPELINE_TESTING
1448,B014,Rajasthan,Jaipur,3613.28,3618.28,5,IMT candidate,synthetic_not_verified,synthetic_observation,0,SYNTHETIC_FOR_PIPELINE_TESTING
1449,B010,Telangana,Hyderabad,2520.311,2600.311,80,IMT candidate,synthetic_not_verified,synthetic_observation,0,SYNTHETIC_FOR_PIPELINE_TESTING
1450,B016,Delhi,New Delhi,7074.784,7075.784,1,IMT candidate,synthetic_not_verified,synthetic_observation,0,SYNTHETIC_FOR_PIPELINE_TESTING
1451,B015,Tamil Nadu,Chennai,6939.677,7019.677,80,IMT candidate,synthetic_not_verified,synthetic_observation,1,SYNTHETIC_FOR_PIPELINE_TESTING
1452,B017,West Bengal,Kolkata,24724.928,24764.928,40,IMT candidate,synthetic_not_verified,synthetic_observation,0,SYNTHETIC_FOR_PIPELINE_TESTING
1453,B011,Rajasthan,Jaipur,3307.943,3327.943,20,IMT candidate,synthetic_not_verified,synthetic_observation,0,SYNTHETIC_FOR_PIPELINE_TESTING
1454,B011,Delhi,New Delhi,3319.947,3320.947,1,IMT candidate,synthetic_not_verified,synthetic_observation,0,SYNTHETIC_FOR_PIPELINE_TESTING
1455,B009,Telangana,Hyderabad,2317.913,2318.913,1,IMT candidate,synthetic_not_verified,synthetic_observation,0,SYNTHETIC_FOR_PIPELINE_TESTING
1456,B009,Telangana,Hyderabad,2330.603,2370.603,40,IMT candidate,synthetic_not_verified,synthetic_observation,0,SYNTHETIC_FOR_PIPELINE_TESTING
1457,B006,Gujarat,Ahmedabad,1437.855,1438.855,1,IMT candidate,synthetic_not_verified,synthetic_observation,0,SYNTHETIC_FOR_PIPELINE_TESTING
1458,B004,West Bengal,Kolkata,896.625,897.625,1,IMT candidate,synthetic_not_verified,synthetic_observation,0,SYNTHETIC_FOR_PIPELINE_TESTING
1459,B004,Telangana,Hyderabad,893.551,933.551,40,IMT candidate,synthetic_not_verified,synthetic_observation,1,SYNTHETIC_FOR_PIPELINE_TESTING
1460,B014,Maharashtra,Mumbai,3648.312,3658.312,10,IMT candidate,synthetic_not_verified,synthetic_observation,1,SYNTHETIC_FOR_PIPELINE_TESTING
1461,B001,Maharashtra,Mumbai,492.117,502.117,10,IMT candidate,synthetic_not_verified,synthetic_observation,1,SYNTHETIC_FOR_PIPELINE_TESTING
1462,B015,Maharashtra,Mumbai,6540.128,6545.128,5,IMT candidate,synthetic_not_verified,synthetic_observation,1,SYNTHETIC_FOR_PIPELINE_TESTING
1463,B006,Delhi,New Delhi,1435.899,1475.899,40,IMT candidate,synthetic_not_verified,synthetic_observation,0,SYNTHETIC_FOR_PIPELINE_TESTING
1464,B007,Karnataka,Bengaluru,2016.694,2017.694,1,IMT candidate,synthetic_not_verified,synthetic_observation,0,SYNTHETIC_FOR_PIPELINE_TESTING
1465,B007,Telangana,Hyderabad,1777.811,1817.811,40,IMT candidate,synthetic_not_verified,synthetic_observation,1,SYNTHETIC_FOR_PIPELINE_TESTING
1466,B015,Tamil Nadu,Chennai,6895.896,6935.896,40,IMT candidate,synthetic_not_verified,synthetic_observation,0,SYNTHETIC_FOR_PIPELINE_TESTING
1467,B013,West Bengal,Kolkata,3564.51,3574.51,10,IMT candidate,synthetic_not_verified,synthetic_observation,0,SYNTHETIC_FOR_PIPELINE_TESTING
1468,B005,Telangana,Hyderabad,949.975,954.975,5,IMT candidate,synthetic_not_verified,synthetic_observation,1,SYNTHETIC_FOR_PIPELINE_TESTING
1469,B025,West Bengal,Kolkata,5796.914,5836.914,40,WAS/RLAN,synthetic_not_verified,synthetic_observation,0,SYNTHETIC_FOR_PIPELINE_TESTING
1470,B008,Gujarat,Ahmedabad,2123.905,2133.905,10,IMT candidate,synthetic_not_verified,synthetic_observation,0,SYNTHETIC_FOR_PIPELINE_TESTING
1471,B016,West Bengal,Kolkata,7102.529,7107.529,5,IMT candidate,synthetic_not_verified,synthetic_observation,1,SYNTHETIC_FOR_PIPELINE_TESTING
1472,B019,Delhi,New Delhi,42873.998,42878.998,5,IMT candidate,synthetic_not_verified,synthetic_observation,0,SYNTHETIC_FOR_PIPELINE_TESTING
1473,B004,Telangana,Hyderabad,920.442,921.442,1,IMT candidate,synthetic_not_verified,synthetic_observation,0,SYNTHETIC_FOR_PIPELINE_TESTING
1474,B025,Rajasthan,Jaipur,5805.598,5806.598,1,WAS/RLAN,synthetic_not_verified,synthetic_observation,1,SYNTHETIC_FOR_PIPELINE_TESTING
1475,B024,Delhi,New Delhi,5559.349,5579.349,20,WAS/RLAN,synthetic_not_verified,synthetic_observation,0,SYNTHETIC_FOR_PIPELINE_TESTING
1476,B017,Tamil Nadu,Chennai,25999.582,26009.582,10,IMT candidate,synthetic_not_verified,synthetic_observation,1,SYNTHETIC_FOR_PIPELINE_TESTING
1477,B020,Karnataka,Bengaluru,68726.718,68806.718,80,IMT candidate,synthetic_not_verified,synthetic_observation,1,SYNTHETIC_FOR_PIPELINE_TESTING
1478,B021,Delhi,New Delhi,2466.166,2471.166,5,Low Power / RLAN,synthetic_not_verified,synthetic_observation,1,SYNTHETIC_FOR_PIPELINE_TESTING
1479,B006,Gujarat,Ahmedabad,1433.457,1513.457,80,IMT candidate,synthetic_not_verified,synthetic_observation,0,SYNTHETIC_FOR_PIPELINE_TESTING
1480,B011,West Bengal,Kolkata,3305.549,3310.549,5,IMT candidate,synthetic_not_verified,synthetic_observation,0,SYNTHETIC_FOR_PIPELINE_TESTING
1481,B013,Karnataka,Bengaluru,3550.007,3590.007,40,IMT candidate,synthetic_not_verified,synthetic_observation,1,SYNTHETIC_FOR_PIPELINE_TESTING
1482,B017,Karnataka,Bengaluru,27375.2,27376.2,1,IMT candidate,synthetic_not_verified,synthetic_observation,0,SYNTHETIC_FOR_PIPELINE_TESTING
1483,B018,Delhi,New Delhi,39477.807,39478.807,1,IMT candidate,synthetic_not_verified,synthetic_observation,1,SYNTHETIC_FOR_PIPELINE_TESTING
1484,B022,West Bengal,Kolkata,5158.842,5198.842,40,WAS/RLAN,synthetic_not_verified,synthetic_observation,0,SYNTHETIC_FOR_PIPELINE_TESTING
1485,B018,Telangana,Hyderabad,38828.83,38838.83,10,IMT candidate,synthetic_not_verified,synthetic_observation,1,SYNTHETIC_FOR_PIPELINE_TESTING
1486,B009,Gujarat,Ahmedabad,2343.676,2383.676,40,IMT candidate,synthetic_not_verified,synthetic_observation,0,SYNTHETIC_FOR_PIPELINE_TESTING
1487,B025,Delhi,New Delhi,5796.191,5816.191,20,WAS/RLAN,synthetic_not_verified,synthetic_observation,1,SYNTHETIC_FOR_PIPELINE_TESTING
1488,B003,Gujarat,Ahmedabad,697.481,717.481,20,IMT candidate,synthetic_not_verified,synthetic_observation,1,SYNTHETIC_FOR_PIPELINE_TESTING
1489,B007,Karnataka,Bengaluru,1795.993,1805.993,10,IMT candidate,synthetic_not_verified,synthetic_observation,0,SYNTHETIC_FOR_PIPELINE_TESTING
1490,B004,Rajasthan,Jaipur,898.34,918.34,20,IMT candidate,synthetic_not_verified,synthetic_observation,1,SYNTHETIC_FOR_PIPELINE_TESTING
1491,B009,Rajasthan,Jaipur,2317.525,2322.525,5,IMT candidate,synthetic_not_verified,synthetic_observation,0,SYNTHETIC_FOR_PIPELINE_TESTING
1492,B008,Rajasthan,Jaipur,2142.704,2152.704,10,IMT candidate,synthetic_not_verified,synthetic_observation,0,SYNTHETIC_FOR_PIPELINE_TESTING
1493,B021,Maharashtra,Mumbai,2442.416,2443.416,1,Low Power / RLAN,synthetic_not_verified,synthetic_observation,0,SYNTHETIC_FOR_PIPELINE_TESTING
1494,B008,Rajasthan,Jaipur,2127.496,2132.496,5,IMT candidate,synthetic_not_verified,synthetic_observation,1,SYNTHETIC_FOR_PIPELINE_TESTING
1495,B017,Tamil Nadu,Chennai,24607.048,24608.048,1,IMT candidate,synthetic_not_verified,synthetic_observation,0,SYNTHETIC_FOR_PIPELINE_TESTING
1496,B020,Rajasthan,Jaipur,69890.952,69900.952,10,IMT candidate,synthetic_not_verified,synthetic_observation,1,SYNTHETIC_FOR_PIPELINE_TESTING
1497,B009,West Bengal,Kolkata,2346.772,2351.772,5,IMT candidate,synthetic_not_verified,synthetic_observation,0,SYNTHETIC_FOR_PIPELINE_TESTING
1498,B024,Delhi,New Delhi,5522.098,5562.098,40,WAS/RLAN,synthetic_not_verified,synthetic_observation,0,SYNTHETIC_FOR_PIPELINE_TESTING
1499,B010,Karnataka,Bengaluru,2510.873,2530.873,20,IMT candidate,synthetic_not_verified,synthetic_observation,0,SYNTHETIC_FOR_PIPELINE_TESTING
1500,B006,Tamil Nadu,Chennai,1432.517,1512.517,80,IMT candidate,synthetic_not_verified,synthetic_observation,0,SYNTHETIC_FOR_PIPELINE_TESTING
1501,B001,Karnataka,Bengaluru,499.348,539.348,40,IMT candidate,synthetic_not_verified,synthetic_observation,1,SYNTHETIC_FOR_PIPELINE_TESTING
1502,B015,West Bengal,Kolkata,6642.549,6682.549,40,IMT candidate,synthetic_not_verified,synthetic_observation,1,SYNTHETIC_FOR_PIPELINE_TESTING
1503,B024,Gujarat,Ahmedabad,5597.692,5617.692,20,WAS/RLAN,synthetic_not_verified,synthetic_observation,1,SYNTHETIC_FOR_PIPELINE_TESTING
1504,B019,Karnataka,Bengaluru,43114.431,43124.431,10,IMT candidate,synthetic_not_verified,synthetic_observation,1,SYNTHETIC_FOR_PIPELINE_TESTING
1505,B018,Telangana,Hyderabad,39322.228,39362.228,40,IMT candidate,synthetic_not_verified,synthetic_observation,1,SYNTHETIC_FOR_PIPELINE_TESTING
1506,B020,Karnataka,Bengaluru,70451.305,70531.305,80,IMT candidate,synthetic_not_verified,synthetic_observation,1,SYNTHETIC_FOR_PIPELINE_TESTING
1507,B017,Rajasthan,Jaipur,24254.366,24294.366,40,IMT candidate,synthetic_not_verified,synthetic_observation,0,SYNTHETIC_FOR_PIPELINE_TESTING
1508,B004,Tamil Nadu,Chennai,904.734,905.734,1,IMT candidate,synthetic_not_verified,synthetic_observation,0,SYNTHETIC_FOR_PIPELINE_TESTING
1509,B003,Telangana,Hyderabad,623.836,663.836,40,IMT candidate,synthetic_not_verified,synthetic_observation,0,SYNTHETIC_FOR_PIPELINE_TESTING
1510,B009,Rajasthan,Jaipur,2308.112,2348.112,40,IMT candidate,synthetic_not_verified,synthetic_observation,0,SYNTHETIC_FOR_PIPELINE_TESTING
1511,B011,Gujarat,Ahmedabad,3365.851,3375.851,10,IMT candidate,synthetic_not_verified,synthetic_observation,0,SYNTHETIC_FOR_PIPELINE_TESTING
1512,B020,Karnataka,Bengaluru,67666.311,67676.311,10,IMT candidate,synthetic_not_verified,synthetic_observation,0,SYNTHETIC_FOR_PIPELINE_TESTING
1513,B025,West Bengal,Kolkata,5789.062,5790.062,1,WAS/RLAN,synthetic_not_verified,synthetic_observation,0,SYNTHETIC_FOR_PIPELINE_TESTING
1514,B002,Karnataka,Bengaluru,606.217,607.217,1,IMT candidate,synthetic_not_verified,synthetic_observation,0,SYNTHETIC_FOR_PIPELINE_TESTING
1515,B012,Rajasthan,Jaipur,3417.742,3497.742,80,IMT candidate,synthetic_not_verified,synthetic_observation,1,SYNTHETIC_FOR_PIPELINE_TESTING
1516,B025,West Bengal,Kolkata,5740.623,5820.623,80,WAS/RLAN,synthetic_not_verified,synthetic_observation,0,SYNTHETIC_FOR_PIPELINE_TESTING
1517,B024,Karnataka,Bengaluru,5690.229,5710.229,20,WAS/RLAN,synthetic_not_verified,synthetic_observation,0,SYNTHETIC_FOR_PIPELINE_TESTING
1518,B011,Maharashtra,Mumbai,3318.465,3398.465,80,IMT candidate,synthetic_not_verified,synthetic_observation,0,SYNTHETIC_FOR_PIPELINE_TESTING
1519,B002,Rajasthan,Jaipur,594.722,604.722,10,IMT candidate,synthetic_not_verified,synthetic_observation,1,SYNTHETIC_FOR_PIPELINE_TESTING
1520,B006,Rajasthan,Jaipur,1463.666,1468.666,5,IMT candidate,synthetic_not_verified,synthetic_observation,0,SYNTHETIC_FOR_PIPELINE_TESTING
1521,B019,Delhi,New Delhi,42677.339,42682.339,5,IMT candidate,synthetic_not_verified,synthetic_observation,0,SYNTHETIC_FOR_PIPELINE_TESTING
1522,B025,Tamil Nadu,Chennai,5733.258,5734.258,1,WAS/RLAN,synthetic_not_verified,synthetic_observation,0,SYNTHETIC_FOR_PIPELINE_TESTING
1523,B001,Maharashtra,Mumbai,575.894,576.894,1,IMT candidate,synthetic_not_verified,synthetic_observation,0,SYNTHETIC_FOR_PIPELINE_TESTING
1524,B007,Maharashtra,Mumbai,1799.813,1809.813,10,IMT candidate,synthetic_not_verified,synthetic_observation,1,SYNTHETIC_FOR_PIPELINE_TESTING
1525,B014,West Bengal,Kolkata,3610.917,3615.917,5,IMT candidate,synthetic_not_verified,synthetic_observation,0,SYNTHETIC_FOR_PIPELINE_TESTING
1526,B009,Gujarat,Ahmedabad,2330.314,2370.314,40,IMT candidate,synthetic_not_verified,synthetic_observation,0,SYNTHETIC_FOR_PIPELINE_TESTING
1527,B009,Delhi,New Delhi,2367.492,2368.492,1,IMT candidate,synthetic_not_verified,synthetic_observation,0,SYNTHETIC_FOR_PIPELINE_TESTING
1528,B017,Telangana,Hyderabad,24270.781,24275.781,5,IMT candidate,synthetic_not_verified,synthetic_observation,0,SYNTHETIC_FOR_PIPELINE_TESTING
1529,B024,Rajasthan,Jaipur,5537.3,5577.3,40,WAS/RLAN,synthetic_not_verified,synthetic_observation,0,SYNTHETIC_FOR_PIPELINE_TESTING
1530,B025,Gujarat,Ahmedabad,5752.082,5762.082,10,WAS/RLAN,synthetic_not_verified,synthetic_observation,1,SYNTHETIC_FOR_PIPELINE_TESTING
1531,B010,Telangana,Hyderabad,2547.774,2587.774,40,IMT candidate,synthetic_not_verified,synthetic_observation,1,SYNTHETIC_FOR_PIPELINE_TESTING
1532,B024,Rajasthan,Jaipur,5513.821,5523.821,10,WAS/RLAN,synthetic_not_verified,synthetic_observation,0,SYNTHETIC_FOR_PIPELINE_TESTING
1533,B015,Maharashtra,Mumbai,6719.566,6729.566,10,IMT candidate,synthetic_not_verified,synthetic_observation,0,SYNTHETIC_FOR_PIPELINE_TESTING
1534,B022,Rajasthan,Jaipur,5220.688,5221.688,1,WAS/RLAN,synthetic_not_verified,synthetic_observation,0,SYNTHETIC_FOR_PIPELINE_TESTING
1535,B010,Gujarat,Ahmedabad,2624.205,2634.205,10,IMT candidate,synthetic_not_verified,synthetic_observation,0,SYNTHETIC_FOR_PIPELINE_TESTING
1536,B005,Karnataka,Bengaluru,948.655,953.655,5,IMT candidate,synthetic_not_verified,synthetic_observation,0,SYNTHETIC_FOR_PIPELINE_TESTING
1537,B025,West Bengal,Kolkata,5867.336,5872.336,5,WAS/RLAN,synthetic_not_verified,synthetic_observation,0,SYNTHETIC_FOR_PIPELINE_TESTING
1538,B007,West Bengal,Kolkata,1780.373,1860.373,80,IMT candidate,synthetic_not_verified,synthetic_observation,1,SYNTHETIC_FOR_PIPELINE_TESTING
1539,B017,Gujarat,Ahmedabad,26625.161,26626.161,1,IMT candidate,synthetic_not_verified,synthetic_observation,0,SYNTHETIC_FOR_PIPELINE_TESTING
1540,B014,Maharashtra,Mumbai,3631.543,3651.543,20,IMT candidate,synthetic_not_verified,synthetic_observation,0,SYNTHETIC_FOR_PIPELINE_TESTING
1541,B005,Delhi,New Delhi,943.103,953.103,10,IMT candidate,synthetic_not_verified,synthetic_observation,0,SYNTHETIC_FOR_PIPELINE_TESTING
1542,B015,Maharashtra,Mumbai,6901.422,6906.422,5,IMT candidate,synthetic_not_verified,synthetic_observation,0,SYNTHETIC_FOR_PIPELINE_TESTING
1543,B012,West Bengal,Kolkata,3446.222,3456.222,10,IMT candidate,synthetic_not_verified,synthetic_observation,0,SYNTHETIC_FOR_PIPELINE_TESTING
1544,B010,Maharashtra,Mumbai,2562.75,2582.75,20,IMT candidate,synthetic_not_verified,synthetic_observation,1,SYNTHETIC_FOR_PIPELINE_TESTING
1545,B021,Maharashtra,Mumbai,2403.071,2483.071,80,Low Power / RLAN,synthetic_not_verified,synthetic_observation,0,SYNTHETIC_FOR_PIPELINE_TESTING
1546,B019,Gujarat,Ahmedabad,42760.46,42800.46,40,IMT candidate,synthetic_not_verified,synthetic_observation,1,SYNTHETIC_FOR_PIPELINE_TESTING
1547,B006,Rajasthan,Jaipur,1484.932,1489.932,5,IMT candidate,synthetic_not_verified,synthetic_observation,0,SYNTHETIC_FOR_PIPELINE_TESTING
1548,B025,Maharashtra,Mumbai,5743.36,5823.36,80,WAS/RLAN,synthetic_not_verified,synthetic_observation,1,SYNTHETIC_FOR_PIPELINE_TESTING
1549,B005,West Bengal,Kolkata,942.694,952.694,10,IMT candidate,synthetic_not_verified,synthetic_observation,0,SYNTHETIC_FOR_PIPELINE_TESTING
1550,B022,Telangana,Hyderabad,5203.132,5243.132,40,WAS/RLAN,synthetic_not_verified,synthetic_observation,0,SYNTHETIC_FOR_PIPELINE_TESTING
1551,B020,Tamil Nadu,Chennai,68372.619,68382.619,10,IMT candidate,synthetic_not_verified,synthetic_observation,0,SYNTHETIC_FOR_PIPELINE_TESTING
1552,B014,Karnataka,Bengaluru,3632.556,3642.556,10,IMT candidate,synthetic_not_verified,synthetic_observation,1,SYNTHETIC_FOR_PIPELINE_TESTING
1553,B002,Delhi,New Delhi,598.538,599.538,1,IMT candidate,synthetic_not_verified,synthetic_observation,1,SYNTHETIC_FOR_PIPELINE_TESTING
1554,B022,Delhi,New Delhi,5226.352,5246.352,20,WAS/RLAN,synthetic_not_verified,synthetic_observation,0,SYNTHETIC_FOR_PIPELINE_TESTING
1555,B007,Rajasthan,Jaipur,1726.218,1736.218,10,IMT candidate,synthetic_not_verified,synthetic_observation,0,SYNTHETIC_FOR_PIPELINE_TESTING
1556,B012,Telangana,Hyderabad,3408.504,3409.504,1,IMT candidate,synthetic_not_verified,synthetic_observation,1,SYNTHETIC_FOR_PIPELINE_TESTING
1557,B007,West Bengal,Kolkata,1756.977,1766.977,10,IMT candidate,synthetic_not_verified,synthetic_observation,0,SYNTHETIC_FOR_PIPELINE_TESTING
1558,B009,West Bengal,Kolkata,2345.425,2346.425,1,IMT candidate,synthetic_not_verified,synthetic_observation,0,SYNTHETIC_FOR_PIPELINE_TESTING
1559,B010,Maharashtra,Mumbai,2529.904,2609.904,80,IMT candidate,synthetic_not_verified,synthetic_observation,0,SYNTHETIC_FOR_PIPELINE_TESTING
1560,B005,West Bengal,Kolkata,942.0,960.0,80,IMT candidate,synthetic_not_verified,synthetic_observation,0,SYNTHETIC_FOR_PIPELINE_TESTING
1561,B013,Gujarat,Ahmedabad,3507.248,3587.248,80,IMT candidate,synthetic_not_verified,synthetic_observation,0,SYNTHETIC_FOR_PIPELINE_TESTING
1562,B020,Telangana,Hyderabad,66001.645,66041.645,40,IMT candidate,synthetic_not_verified,synthetic_observation,0,SYNTHETIC_FOR_PIPELINE_TESTING
1563,B009,Delhi,New Delhi,2355.104,2365.104,10,IMT candidate,synthetic_not_verified,synthetic_observation,0,SYNTHETIC_FOR_PIPELINE_TESTING
1564,B012,Delhi,New Delhi,3403.995,3404.995,1,IMT candidate,synthetic_not_verified,synthetic_observation,1,SYNTHETIC_FOR_PIPELINE_TESTING
1565,B003,Rajasthan,Jaipur,834.131,874.131,40,IMT candidate,synthetic_not_verified,synthetic_observation,1,SYNTHETIC_FOR_PIPELINE_TESTING
1566,B012,Karnataka,Bengaluru,3433.901,3434.901,1,IMT candidate,synthetic_not_verified,synthetic_observation,1,SYNTHETIC_FOR_PIPELINE_TESTING
1567,B017,West Bengal,Kolkata,26135.241,26145.241,10,IMT candidate,synthetic_not_verified,synthetic_observation,1,SYNTHETIC_FOR_PIPELINE_TESTING
1568,B014,Telangana,Hyderabad,3600.0,3670.0,80,IMT candidate,synthetic_not_verified,synthetic_observation,0,SYNTHETIC_FOR_PIPELINE_TESTING
1569,B006,West Bengal,Kolkata,1431.226,1511.226,80,IMT candidate,synthetic_not_verified,synthetic_observation,1,SYNTHETIC_FOR_PIPELINE_TESTING
1570,B005,West Bengal,Kolkata,942.336,943.336,1,IMT candidate,synthetic_not_verified,synthetic_observation,0,SYNTHETIC_FOR_PIPELINE_TESTING
1571,B001,Telangana,Hyderabad,550.132,551.132,1,IMT candidate,synthetic_not_verified,synthetic_observation,0,SYNTHETIC_FOR_PIPELINE_TESTING
1572,B002,West Bengal,Kolkata,585.138,605.138,20,IMT candidate,synthetic_not_verified,synthetic_observation,0,SYNTHETIC_FOR_PIPELINE_TESTING
1573,B021,Tamil Nadu,Chennai,2439.203,2479.203,40,Low Power / RLAN,synthetic_not_verified,synthetic_observation,0,SYNTHETIC_FOR_PIPELINE_TESTING
1574,B011,Telangana,Hyderabad,3306.522,3311.522,5,IMT candidate,synthetic_not_verified,synthetic_observation,0,SYNTHETIC_FOR_PIPELINE_TESTING
1575,B007,Karnataka,Bengaluru,1985.906,1990.906,5,IMT candidate,synthetic_not_verified,synthetic_observation,1,SYNTHETIC_FOR_PIPELINE_TESTING
1576,B002,Delhi,New Delhi,601.469,606.469,5,IMT candidate,synthetic_not_verified,synthetic_observation,0,SYNTHETIC_FOR_PIPELINE_TESTING
1577,B014,Telangana,Hyderabad,3600.0,3670.0,80,IMT candidate,synthetic_not_verified,synthetic_observation,1,SYNTHETIC_FOR_PIPELINE_TESTING
1578,B018,Karnataka,Bengaluru,39229.073,39234.073,5,IMT candidate,synthetic_not_verified,synthetic_observation,0,SYNTHETIC_FOR_PIPELINE_TESTING
1579,B002,Rajasthan,Jaipur,585.0,610.0,80,IMT candidate,synthetic_not_verified,synthetic_observation,1,SYNTHETIC_FOR_PIPELINE_TESTING
1580,B002,Karnataka,Bengaluru,585.0,610.0,40,IMT candidate,synthetic_not_verified,synthetic_observation,0,SYNTHETIC_FOR_PIPELINE_TESTING
1581,B022,West Bengal,Kolkata,5196.897,5236.897,40,WAS/RLAN,synthetic_not_verified,synthetic_observation,1,SYNTHETIC_FOR_PIPELINE_TESTING
1582,B001,West Bengal,Kolkata,537.829,538.829,1,IMT candidate,synthetic_not_verified,synthetic_observation,0,SYNTHETIC_FOR_PIPELINE_TESTING
1583,B001,Telangana,Hyderabad,529.521,569.521,40,IMT candidate,synthetic_not_verified,synthetic_observation,0,SYNTHETIC_FOR_PIPELINE_TESTING
1584,B007,Karnataka,Bengaluru,1889.443,1929.443,40,IMT candidate,synthetic_not_verified,synthetic_observation,1,SYNTHETIC_FOR_PIPELINE_TESTING
1585,B023,Delhi,New Delhi,5278.822,5283.822,5,WAS/RLAN,synthetic_not_verified,synthetic_observation,0,SYNTHETIC_FOR_PIPELINE_TESTING
1586,B020,Rajasthan,Jaipur,70590.414,70670.414,80,IMT candidate,synthetic_not_verified,synthetic_observation,1,SYNTHETIC_FOR_PIPELINE_TESTING
1587,B003,Tamil Nadu,Chennai,743.427,753.427,10,IMT candidate,synthetic_not_verified,synthetic_observation,0,SYNTHETIC_FOR_PIPELINE_TESTING
1588,B019,Gujarat,Ahmedabad,43155.702,43160.702,5,IMT candidate,synthetic_not_verified,synthetic_observation,1,SYNTHETIC_FOR_PIPELINE_TESTING
1589,B002,Maharashtra,Mumbai,603.995,604.995,1,IMT candidate,synthetic_not_verified,synthetic_observation,0,SYNTHETIC_FOR_PIPELINE_TESTING
1590,B015,Tamil Nadu,Chennai,6688.104,6693.104,5,IMT candidate,synthetic_not_verified,synthetic_observation,0,SYNTHETIC_FOR_PIPELINE_TESTING
1591,B010,Delhi,New Delhi,2539.694,2619.694,80,IMT candidate,synthetic_not_verified,synthetic_observation,0,SYNTHETIC_FOR_PIPELINE_TESTING
1592,B006,Telangana,Hyderabad,1436.201,1516.201,80,IMT candidate,synthetic_not_verified,synthetic_observation,1,SYNTHETIC_FOR_PIPELINE_TESTING
1593,B006,Gujarat,Ahmedabad,1471.673,1476.673,5,IMT candidate,synthetic_not_verified,synthetic_observation,0,SYNTHETIC_FOR_PIPELINE_TESTING
1594,B019,Rajasthan,Jaipur,43089.676,43129.676,40,IMT candidate,synthetic_not_verified,synthetic_observation,0,SYNTHETIC_FOR_PIPELINE_TESTING
1595,B013,Tamil Nadu,Chennai,3505.101,3545.101,40,IMT candidate,synthetic_not_verified,synthetic_observation,0,SYNTHETIC_FOR_PIPELINE_TESTING
1596,B010,Gujarat,Ahmedabad,2674.139,2675.139,1,IMT candidate,synthetic_not_verified,synthetic_observation,1,SYNTHETIC_FOR_PIPELINE_TESTING
1597,B006,Telangana,Hyderabad,1505.235,1515.235,10,IMT candidate,synthetic_not_verified,synthetic_observation,1,SYNTHETIC_FOR_PIPELINE_TESTING
1598,B022,West Bengal,Kolkata,5151.461,5156.461,5,WAS/RLAN,synthetic_not_verified,synthetic_observation,1,SYNTHETIC_FOR_PIPELINE_TESTING
1599,B011,Maharashtra,Mumbai,3378.219,3383.219,5,IMT candidate,synthetic_not_verified,synthetic_observation,1,SYNTHETIC_FOR_PIPELINE_TESTING
1600,B007,West Bengal,Kolkata,1815.152,1816.152,1,IMT candidate,synthetic_not_verified,synthetic_observation,0,SYNTHETIC_FOR_PIPELINE_TESTING
1601,B023,Rajasthan,Jaipur,5263.17,5343.17,80,WAS/RLAN,synthetic_not_verified,synthetic_observation,1,SYNTHETIC_FOR_PIPELINE_TESTING
1602,B001,Telangana,Hyderabad,514.701,515.701,1,IMT candidate,synthetic_not_verified,synthetic_observation,0,SYNTHETIC_FOR_PIPELINE_TESTING
1603,B021,Maharashtra,Mumbai,2413.798,2418.798,5,Low Power / RLAN,synthetic_not_verified,synthetic_observation,0,SYNTHETIC_FOR_PIPELINE_TESTING
1604,B003,Tamil Nadu,Chennai,763.117,843.117,80,IMT candidate,synthetic_not_verified,synthetic_observation,0,SYNTHETIC_FOR_PIPELINE_TESTING
1605,B023,West Bengal,Kolkata,5252.735,5292.735,40,WAS/RLAN,synthetic_not_verified,synthetic_observation,0,SYNTHETIC_FOR_PIPELINE_TESTING
1606,B015,Karnataka,Bengaluru,6467.964,6547.964,80,IMT candidate,synthetic_not_verified,synthetic_observation,0,SYNTHETIC_FOR_PIPELINE_TESTING
1607,B024,Karnataka,Bengaluru,5673.193,5713.193,40,WAS/RLAN,synthetic_not_verified,synthetic_observation,1,SYNTHETIC_FOR_PIPELINE_TESTING
1608,B008,Gujarat,Ahmedabad,2152.448,2192.448,40,IMT candidate,synthetic_not_verified,synthetic_observation,1,SYNTHETIC_FOR_PIPELINE_TESTING
1609,B020,Tamil Nadu,Chennai,66742.208,66822.208,80,IMT candidate,synthetic_not_verified,synthetic_observation,0,SYNTHETIC_FOR_PIPELINE_TESTING
1610,B024,Delhi,New Delhi,5502.859,5522.859,20,WAS/RLAN,synthetic_not_verified,synthetic_observation,0,SYNTHETIC_FOR_PIPELINE_TESTING
1611,B017,Maharashtra,Mumbai,26104.031,26114.031,10,IMT candidate,synthetic_not_verified,synthetic_observation,0,SYNTHETIC_FOR_PIPELINE_TESTING
1612,B020,West Bengal,Kolkata,68210.913,68230.913,20,IMT candidate,synthetic_not_verified,synthetic_observation,1,SYNTHETIC_FOR_PIPELINE_TESTING
1613,B009,Delhi,New Delhi,2317.741,2397.741,80,IMT candidate,synthetic_not_verified,synthetic_observation,1,SYNTHETIC_FOR_PIPELINE_TESTING
1614,B003,Telangana,Hyderabad,628.335,629.335,1,IMT candidate,synthetic_not_verified,synthetic_observation,0,SYNTHETIC_FOR_PIPELINE_TESTING
1615,B014,Tamil Nadu,Chennai,3663.821,3664.821,1,IMT candidate,synthetic_not_verified,synthetic_observation,0,SYNTHETIC_FOR_PIPELINE_TESTING
1616,B017,Maharashtra,Mumbai,26047.612,26057.612,10,IMT candidate,synthetic_not_verified,synthetic_observation,1,SYNTHETIC_FOR_PIPELINE_TESTING
1617,B025,Telangana,Hyderabad,5769.222,5789.222,20,WAS/RLAN,synthetic_not_verified,synthetic_observation,0,SYNTHETIC_FOR_PIPELINE_TESTING
1618,B017,Tamil Nadu,Chennai,26229.875,26230.875,1,IMT candidate,synthetic_not_verified,synthetic_observation,0,SYNTHETIC_FOR_PIPELINE_TESTING
1619,B021,Rajasthan,Jaipur,2401.655,2481.655,80,Low Power / RLAN,synthetic_not_verified,synthetic_observation,1,SYNTHETIC_FOR_PIPELINE_TESTING
1620,B012,Karnataka,Bengaluru,3439.189,3479.189,40,IMT candidate,synthetic_not_verified,synthetic_observation,0,SYNTHETIC_FOR_PIPELINE_TESTING
1621,B024,West Bengal,Kolkata,5711.017,5721.017,10,WAS/RLAN,synthetic_not_verified,synthetic_observation,0,SYNTHETIC_FOR_PIPELINE_TESTING
1622,B021,Tamil Nadu,Chennai,2407.685,2427.685,20,Low Power / RLAN,synthetic_not_verified,synthetic_observation,1,SYNTHETIC_FOR_PIPELINE_TESTING
1623,B025,Telangana,Hyderabad,5810.214,5811.214,1,WAS/RLAN,synthetic_not_verified,synthetic_observation,0,SYNTHETIC_FOR_PIPELINE_TESTING
1624,B006,Tamil Nadu,Chennai,1467.529,1507.529,40,IMT candidate,synthetic_not_verified,synthetic_observation,0,SYNTHETIC_FOR_PIPELINE_TESTING
1625,B016,Tamil Nadu,Chennai,7052.178,7057.178,5,IMT candidate,synthetic_not_verified,synthetic_observation,1,SYNTHETIC_FOR_PIPELINE_TESTING
1626,B011,Gujarat,Ahmedabad,3364.816,3384.816,20,IMT candidate,synthetic_not_verified,synthetic_observation,0,SYNTHETIC_FOR_PIPELINE_TESTING
1627,B019,West Bengal,Kolkata,42670.856,42675.856,5,IMT candidate,synthetic_not_verified,synthetic_observation,1,SYNTHETIC_FOR_PIPELINE_TESTING
1628,B016,Maharashtra,Mumbai,7025.836,7105.836,80,IMT candidate,synthetic_not_verified,synthetic_observation,1,SYNTHETIC_FOR_PIPELINE_TESTING
1629,B018,Rajasthan,Jaipur,37950.48,37990.48,40,IMT candidate,synthetic_not_verified,synthetic_observation,0,SYNTHETIC_FOR_PIPELINE_TESTING
1630,B023,Karnataka,Bengaluru,5289.946,5309.946,20,WAS/RLAN,synthetic_not_verified,synthetic_observation,1,SYNTHETIC_FOR_PIPELINE_TESTING
1631,B001,Rajasthan,Jaipur,521.628,541.628,20,IMT candidate,synthetic_not_verified,synthetic_observation,1,SYNTHETIC_FOR_PIPELINE_TESTING
1632,B020,Gujarat,Ahmedabad,68190.681,68210.681,20,IMT candidate,synthetic_not_verified,synthetic_observation,0,SYNTHETIC_FOR_PIPELINE_TESTING
1633,B025,Telangana,Hyderabad,5776.713,5781.713,5,WAS/RLAN,synthetic_not_verified,synthetic_observation,1,SYNTHETIC_FOR_PIPELINE_TESTING
1634,B001,Telangana,Hyderabad,473.643,483.643,10,IMT candidate,synthetic_not_verified,synthetic_observation,1,SYNTHETIC_FOR_PIPELINE_TESTING
1635,B025,Maharashtra,Mumbai,5765.753,5845.753,80,WAS/RLAN,synthetic_not_verified,synthetic_observation,1,SYNTHETIC_FOR_PIPELINE_TESTING
1636,B020,Maharashtra,Mumbai,68507.751,68527.751,20,IMT candidate,synthetic_not_verified,synthetic_observation,0,SYNTHETIC_FOR_PIPELINE_TESTING
1637,B001,West Bengal,Kolkata,488.555,528.555,40,IMT candidate,synthetic_not_verified,synthetic_observation,0,SYNTHETIC_FOR_PIPELINE_TESTING
1638,B019,Delhi,New Delhi,43305.5,43345.5,40,IMT candidate,synthetic_not_verified,synthetic_observation,0,SYNTHETIC_FOR_PIPELINE_TESTING
1639,B010,Tamil Nadu,Chennai,2666.037,2686.037,20,IMT candidate,synthetic_not_verified,synthetic_observation,0,SYNTHETIC_FOR_PIPELINE_TESTING
1640,B009,West Bengal,Kolkata,2311.077,2321.077,10,IMT candidate,synthetic_not_verified,synthetic_observation,1,SYNTHETIC_FOR_PIPELINE_TESTING
1641,B025,Telangana,Hyderabad,5837.498,5847.498,10,WAS/RLAN,synthetic_not_verified,synthetic_observation,0,SYNTHETIC_FOR_PIPELINE_TESTING
1642,B024,Rajasthan,Jaipur,5599.115,5604.115,5,WAS/RLAN,synthetic_not_verified,synthetic_observation,0,SYNTHETIC_FOR_PIPELINE_TESTING
1643,B012,Maharashtra,Mumbai,3458.363,3463.363,5,IMT candidate,synthetic_not_verified,synthetic_observation,0,SYNTHETIC_FOR_PIPELINE_TESTING
1644,B004,Tamil Nadu,Chennai,936.511,941.511,5,IMT candidate,synthetic_not_verified,synthetic_observation,1,SYNTHETIC_FOR_PIPELINE_TESTING
1645,B016,Gujarat,Ahmedabad,7028.6,7068.6,40,IMT candidate,synthetic_not_verified,synthetic_observation,0,SYNTHETIC_FOR_PIPELINE_TESTING
1646,B006,Telangana,Hyderabad,1467.687,1487.687,20,IMT candidate,synthetic_not_verified,synthetic_observation,0,SYNTHETIC_FOR_PIPELINE_TESTING
1647,B017,Telangana,Hyderabad,25531.111,25532.111,1,IMT candidate,synthetic_not_verified,synthetic_observation,0,SYNTHETIC_FOR_PIPELINE_TESTING
1648,B002,Delhi,New Delhi,589.851,590.851,1,IMT candidate,synthetic_not_verified,synthetic_observation,1,SYNTHETIC_FOR_PIPELINE_TESTING
1649,B008,West Bengal,Kolkata,2114.276,2124.276,10,IMT candidate,synthetic_not_verified,synthetic_observation,0,SYNTHETIC_FOR_PIPELINE_TESTING
1650,B022,Rajasthan,Jaipur,5183.321,5184.321,1,WAS/RLAN,synthetic_not_verified,synthetic_observation,0,SYNTHETIC_FOR_PIPELINE_TESTING
1651,B019,Gujarat,Ahmedabad,42617.114,42637.114,20,IMT candidate,synthetic_not_verified,synthetic_observation,0,SYNTHETIC_FOR_PIPELINE_TESTING
1652,B003,Gujarat,Ahmedabad,626.264,627.264,1,IMT candidate,synthetic_not_verified,synthetic_observation,1,SYNTHETIC_FOR_PIPELINE_TESTING
1653,B002,Maharashtra,Mumbai,585.0,610.0,80,IMT candidate,synthetic_not_verified,synthetic_observation,0,SYNTHETIC_FOR_PIPELINE_TESTING
1654,B004,Tamil Nadu,Chennai,913.87,923.87,10,IMT candidate,synthetic_not_verified,synthetic_observation,0,SYNTHETIC_FOR_PIPELINE_TESTING
1655,B011,Maharashtra,Mumbai,3313.544,3393.544,80,IMT candidate,synthetic_not_verified,synthetic_observation,0,SYNTHETIC_FOR_PIPELINE_TESTING
1656,B010,Telangana,Hyderabad,2528.817,2548.817,20,IMT candidate,synthetic_not_verified,synthetic_observation,1,SYNTHETIC_FOR_PIPELINE_TESTING
1657,B004,Gujarat,Ahmedabad,901.156,941.156,40,IMT candidate,synthetic_not_verified,synthetic_observation,0,SYNTHETIC_FOR_PIPELINE_TESTING
1658,B006,Tamil Nadu,Chennai,1505.22,1506.22,1,IMT candidate,synthetic_not_verified,synthetic_observation,0,SYNTHETIC_FOR_PIPELINE_TESTING
1659,B024,Delhi,New Delhi,5474.768,5479.768,5,WAS/RLAN,synthetic_not_verified,synthetic_observation,1,SYNTHETIC_FOR_PIPELINE_TESTING
1660,B018,Telangana,Hyderabad,39508.933,39588.933,80,IMT candidate,synthetic_not_verified,synthetic_observation,0,SYNTHETIC_FOR_PIPELINE_TESTING
1661,B005,Telangana,Hyderabad,945.7,946.7,1,IMT candidate,synthetic_not_verified,synthetic_observation,0,SYNTHETIC_FOR_PIPELINE_TESTING
1662,B016,West Bengal,Kolkata,7093.951,7094.951,1,IMT candidate,synthetic_not_verified,synthetic_observation,0,SYNTHETIC_FOR_PIPELINE_TESTING
1663,B016,Gujarat,Ahmedabad,7073.023,7074.023,1,IMT candidate,synthetic_not_verified,synthetic_observation,1,SYNTHETIC_FOR_PIPELINE_TESTING
1664,B004,Tamil Nadu,Chennai,890.002,930.002,40,IMT candidate,synthetic_not_verified,synthetic_observation,0,SYNTHETIC_FOR_PIPELINE_TESTING
1665,B018,Delhi,New Delhi,38429.843,38449.843,20,IMT candidate,synthetic_not_verified,synthetic_observation,1,SYNTHETIC_FOR_PIPELINE_TESTING
1666,B002,Rajasthan,Jaipur,589.857,609.857,20,IMT candidate,synthetic_not_verified,synthetic_observation,0,SYNTHETIC_FOR_PIPELINE_TESTING
1667,B013,Rajasthan,Jaipur,3516.761,3521.761,5,IMT candidate,synthetic_not_verified,synthetic_observation,0,SYNTHETIC_FOR_PIPELINE_TESTING
1668,B021,Tamil Nadu,Chennai,2412.803,2422.803,10,Low Power / RLAN,synthetic_not_verified,synthetic_observation,1,SYNTHETIC_FOR_PIPELINE_TESTING
1669,B019,Maharashtra,Mumbai,42539.095,42540.095,1,IMT candidate,synthetic_not_verified,synthetic_observation,0,SYNTHETIC_FOR_PIPELINE_TESTING
1670,B010,Tamil Nadu,Chennai,2632.651,2642.651,10,IMT candidate,synthetic_not_verified,synthetic_observation,0,SYNTHETIC_FOR_PIPELINE_TESTING
1671,B022,Tamil Nadu,Chennai,5187.332,5192.332,5,WAS/RLAN,synthetic_not_verified,synthetic_observation,0,SYNTHETIC_FOR_PIPELINE_TESTING
1672,B001,Telangana,Hyderabad,499.035,579.035,80,IMT candidate,synthetic_not_verified,synthetic_observation,0,SYNTHETIC_FOR_PIPELINE_TESTING
1673,B006,Delhi,New Delhi,1483.682,1503.682,20,IMT candidate,synthetic_not_verified,synthetic_observation,0,SYNTHETIC_FOR_PIPELINE_TESTING
1674,B012,Karnataka,Bengaluru,3483.155,3488.155,5,IMT candidate,synthetic_not_verified,synthetic_observation,1,SYNTHETIC_FOR_PIPELINE_TESTING
1675,B018,Gujarat,Ahmedabad,39574.283,39614.283,40,IMT candidate,synthetic_not_verified,synthetic_observation,1,SYNTHETIC_FOR_PIPELINE_TESTING
1676,B021,Telangana,Hyderabad,2425.353,2445.353,20,Low Power / RLAN,synthetic_not_verified,synthetic_observation,0,SYNTHETIC_FOR_PIPELINE_TESTING
1677,B011,Gujarat,Ahmedabad,3363.761,3368.761,5,IMT candidate,synthetic_not_verified,synthetic_observation,1,SYNTHETIC_FOR_PIPELINE_TESTING
1678,B015,Rajasthan,Jaipur,6735.073,6775.073,40,IMT candidate,synthetic_not_verified,synthetic_observation,0,SYNTHETIC_FOR_PIPELINE_TESTING
1679,B024,Karnataka,Bengaluru,5650.14,5651.14,1,WAS/RLAN,synthetic_not_verified,synthetic_observation,1,SYNTHETIC_FOR_PIPELINE_TESTING
1680,B023,Gujarat,Ahmedabad,5323.518,5333.518,10,WAS/RLAN,synthetic_not_verified,synthetic_observation,0,SYNTHETIC_FOR_PIPELINE_TESTING
1681,B002,Tamil Nadu,Chennai,585.0,610.0,40,IMT candidate,synthetic_not_verified,synthetic_observation,0,SYNTHETIC_FOR_PIPELINE_TESTING
1682,B010,Karnataka,Bengaluru,2534.047,2544.047,10,IMT candidate,synthetic_not_verified,synthetic_observation,0,SYNTHETIC_FOR_PIPELINE_TESTING
1683,B019,West Bengal,Kolkata,43361.675,43366.675,5,IMT candidate,synthetic_not_verified,synthetic_observation,0,SYNTHETIC_FOR_PIPELINE_TESTING
1684,B025,Telangana,Hyderabad,5801.796,5821.796,20,WAS/RLAN,synthetic_not_verified,synthetic_observation,0,SYNTHETIC_FOR_PIPELINE_TESTING
1685,B013,Rajasthan,Jaipur,3584.206,3594.206,10,IMT candidate,synthetic_not_verified,synthetic_observation,0,SYNTHETIC_FOR_PIPELINE_TESTING
1686,B014,Karnataka,Bengaluru,3647.614,3657.614,10,IMT candidate,synthetic_not_verified,synthetic_observation,1,SYNTHETIC_FOR_PIPELINE_TESTING
1687,B002,Telangana,Hyderabad,587.141,588.141,1,IMT candidate,synthetic_not_verified,synthetic_observation,1,SYNTHETIC_FOR_PIPELINE_TESTING
1688,B020,Telangana,Hyderabad,68980.061,68990.061,10,IMT candidate,synthetic_not_verified,synthetic_observation,1,SYNTHETIC_FOR_PIPELINE_TESTING
1689,B002,Rajasthan,Jaipur,587.363,607.363,20,IMT candidate,synthetic_not_verified,synthetic_observation,0,SYNTHETIC_FOR_PIPELINE_TESTING
1690,B010,West Bengal,Kolkata,2555.24,2556.24,1,IMT candidate,synthetic_not_verified,synthetic_observation,1,SYNTHETIC_FOR_PIPELINE_TESTING
1691,B011,Karnataka,Bengaluru,3370.177,3371.177,1,IMT candidate,synthetic_not_verified,synthetic_observation,0,SYNTHETIC_FOR_PIPELINE_TESTING
1692,B025,Tamil Nadu,Chennai,5790.51,5830.51,40,WAS/RLAN,synthetic_not_verified,synthetic_observation,0,SYNTHETIC_FOR_PIPELINE_TESTING
1693,B020,Karnataka,Bengaluru,69311.364,69321.364,10,IMT candidate,synthetic_not_verified,synthetic_observation,0,SYNTHETIC_FOR_PIPELINE_TESTING
1694,B009,West Bengal,Kolkata,2345.359,2365.359,20,IMT candidate,synthetic_not_verified,synthetic_observation,0,SYNTHETIC_FOR_PIPELINE_TESTING
1695,B016,Karnataka,Bengaluru,7025.961,7035.961,10,IMT candidate,synthetic_not_verified,synthetic_observation,1,SYNTHETIC_FOR_PIPELINE_TESTING
1696,B023,Tamil Nadu,Chennai,5321.062,5326.062,5,WAS/RLAN,synthetic_not_verified,synthetic_observation,0,SYNTHETIC_FOR_PIPELINE_TESTING
1697,B023,Telangana,Hyderabad,5253.523,5258.523,5,WAS/RLAN,synthetic_not_verified,synthetic_observation,0,SYNTHETIC_FOR_PIPELINE_TESTING
1698,B017,Tamil Nadu,Chennai,27124.119,27144.119,20,IMT candidate,synthetic_not_verified,synthetic_observation,0,SYNTHETIC_FOR_PIPELINE_TESTING
1699,B021,Telangana,Hyderabad,2406.751,2446.751,40,Low Power / RLAN,synthetic_not_verified,synthetic_observation,0,SYNTHETIC_FOR_PIPELINE_TESTING
1700,B011,West Bengal,Kolkata,3310.489,3350.489,40,IMT candidate,synthetic_not_verified,synthetic_observation,0,SYNTHETIC_FOR_PIPELINE_TESTING
1701,B013,Karnataka,Bengaluru,3508.907,3528.907,20,IMT candidate,synthetic_not_verified,synthetic_observation,1,SYNTHETIC_FOR_PIPELINE_TESTING
1702,B007,Delhi,New Delhi,1713.605,1733.605,20,IMT candidate,synthetic_not_verified,synthetic_observation,1,SYNTHETIC_FOR_PIPELINE_TESTING
1703,B004,Rajasthan,Jaipur,913.89,914.89,1,IMT candidate,synthetic_not_verified,synthetic_observation,1,SYNTHETIC_FOR_PIPELINE_TESTING
1704,B006,Tamil Nadu,Chennai,1479.208,1480.208,1,IMT candidate,synthetic_not_verified,synthetic_observation,0,SYNTHETIC_FOR_PIPELINE_TESTING
1705,B008,Rajasthan,Jaipur,2139.355,2179.355,40,IMT candidate,synthetic_not_verified,synthetic_observation,0,SYNTHETIC_FOR_PIPELINE_TESTING
1706,B003,Rajasthan,Jaipur,642.195,647.195,5,IMT candidate,synthetic_not_verified,synthetic_observation,1,SYNTHETIC_FOR_PIPELINE_TESTING
1707,B002,Karnataka,Bengaluru,597.956,598.956,1,IMT candidate,synthetic_not_verified,synthetic_observation,0,SYNTHETIC_FOR_PIPELINE_TESTING
1708,B022,Maharashtra,Mumbai,5194.402,5195.402,1,WAS/RLAN,synthetic_not_verified,synthetic_observation,0,SYNTHETIC_FOR_PIPELINE_TESTING
1709,B019,Tamil Nadu,Chennai,42651.434,42671.434,20,IMT candidate,synthetic_not_verified,synthetic_observation,0,SYNTHETIC_FOR_PIPELINE_TESTING
1710,B010,Tamil Nadu,Chennai,2604.986,2684.986,80,IMT candidate,synthetic_not_verified,synthetic_observation,0,SYNTHETIC_FOR_PIPELINE_TESTING
1711,B015,Delhi,New Delhi,6433.592,6473.592,40,IMT candidate,synthetic_not_verified,synthetic_observation,1,SYNTHETIC_FOR_PIPELINE_TESTING
1712,B005,West Bengal,Kolkata,948.546,953.546,5,IMT candidate,synthetic_not_verified,synthetic_observation,1,SYNTHETIC_FOR_PIPELINE_TESTING
1713,B005,Tamil Nadu,Chennai,942.0,960.0,40,IMT candidate,synthetic_not_verified,synthetic_observation,0,SYNTHETIC_FOR_PIPELINE_TESTING
1714,B025,Gujarat,Ahmedabad,5849.884,5850.884,1,WAS/RLAN,synthetic_not_verified,synthetic_observation,1,SYNTHETIC_FOR_PIPELINE_TESTING
1715,B025,Maharashtra,Mumbai,5804.493,5814.493,10,WAS/RLAN,synthetic_not_verified,synthetic_observation,1,SYNTHETIC_FOR_PIPELINE_TESTING
1716,B008,Karnataka,Bengaluru,2148.029,2188.029,40,IMT candidate,synthetic_not_verified,synthetic_observation,0,SYNTHETIC_FOR_PIPELINE_TESTING
1717,B019,Gujarat,Ahmedabad,43142.907,43182.907,40,IMT candidate,synthetic_not_verified,synthetic_observation,1,SYNTHETIC_FOR_PIPELINE_TESTING
1718,B016,Maharashtra,Mumbai,7099.413,7104.413,5,IMT candidate,synthetic_not_verified,synthetic_observation,1,SYNTHETIC_FOR_PIPELINE_TESTING
1719,B012,West Bengal,Kolkata,3453.862,3458.862,5,IMT candidate,synthetic_not_verified,synthetic_observation,1,SYNTHETIC_FOR_PIPELINE_TESTING
1720,B005,West Bengal,Kolkata,942.0,960.0,20,IMT candidate,synthetic_not_verified,synthetic_observation,0,SYNTHETIC_FOR_PIPELINE_TESTING
1721,B015,Delhi,New Delhi,6771.117,6772.117,1,IMT candidate,synthetic_not_verified,synthetic_observation,1,SYNTHETIC_FOR_PIPELINE_TESTING
1722,B020,West Bengal,Kolkata,70803.114,70813.114,10,IMT candidate,synthetic_not_verified,synthetic_observation,1,SYNTHETIC_FOR_PIPELINE_TESTING
1723,B001,Telangana,Hyderabad,574.358,584.358,10,IMT candidate,synthetic_not_verified,synthetic_observation,1,SYNTHETIC_FOR_PIPELINE_TESTING
1724,B014,Delhi,New Delhi,3653.039,3658.039,5,IMT candidate,synthetic_not_verified,synthetic_observation,1,SYNTHETIC_FOR_PIPELINE_TESTING
1725,B020,West Bengal,Kolkata,70143.705,70183.705,40,IMT candidate,synthetic_not_verified,synthetic_observation,0,SYNTHETIC_FOR_PIPELINE_TESTING
1726,B024,Rajasthan,Jaipur,5502.806,5503.806,1,WAS/RLAN,synthetic_not_verified,synthetic_observation,0,SYNTHETIC_FOR_PIPELINE_TESTING
1727,B001,Gujarat,Ahmedabad,501.277,502.277,1,IMT candidate,synthetic_not_verified,synthetic_observation,0,SYNTHETIC_FOR_PIPELINE_TESTING
1728,B025,Gujarat,Ahmedabad,5763.087,5803.087,40,WAS/RLAN,synthetic_not_verified,synthetic_observation,0,SYNTHETIC_FOR_PIPELINE_TESTING
1729,B002,Delhi,New Delhi,585.0,610.0,80,IMT candidate,synthetic_not_verified,synthetic_observation,0,SYNTHETIC_FOR_PIPELINE_TESTING
1730,B007,Rajasthan,Jaipur,1767.028,1847.028,80,IMT candidate,synthetic_not_verified,synthetic_observation,1,SYNTHETIC_FOR_PIPELINE_TESTING
1731,B019,Rajasthan,Jaipur,42802.046,42822.046,20,IMT candidate,synthetic_not_verified,synthetic_observation,1,SYNTHETIC_FOR_PIPELINE_TESTING
1732,B005,Delhi,New Delhi,942.0,960.0,40,IMT candidate,synthetic_not_verified,synthetic_observation,0,SYNTHETIC_FOR_PIPELINE_TESTING
1733,B002,West Bengal,Kolkata,585.645,605.645,20,IMT candidate,synthetic_not_verified,synthetic_observation,1,SYNTHETIC_FOR_PIPELINE_TESTING
1734,B023,Tamil Nadu,Chennai,5286.654,5306.654,20,WAS/RLAN,synthetic_not_verified,synthetic_observation,0,SYNTHETIC_FOR_PIPELINE_TESTING
1735,B014,Telangana,Hyderabad,3627.362,3632.362,5,IMT candidate,synthetic_not_verified,synthetic_observation,1,SYNTHETIC_FOR_PIPELINE_TESTING
1736,B025,Telangana,Hyderabad,5813.331,5833.331,20,WAS/RLAN,synthetic_not_verified,synthetic_observation,1,SYNTHETIC_FOR_PIPELINE_TESTING
1737,B010,Maharashtra,Mumbai,2576.233,2586.233,10,IMT candidate,synthetic_not_verified,synthetic_observation,1,SYNTHETIC_FOR_PIPELINE_TESTING
1738,B013,Telangana,Hyderabad,3518.972,3538.972,20,IMT candidate,synthetic_not_verified,synthetic_observation,0,SYNTHETIC_FOR_PIPELINE_TESTING
1739,B001,Maharashtra,Mumbai,502.175,582.175,80,IMT candidate,synthetic_not_verified,synthetic_observation,0,SYNTHETIC_FOR_PIPELINE_TESTING
1740,B005,Rajasthan,Jaipur,944.137,954.137,10,IMT candidate,synthetic_not_verified,synthetic_observation,0,SYNTHETIC_FOR_PIPELINE_TESTING
1741,B002,Rajasthan,Jaipur,603.965,604.965,1,IMT candidate,synthetic_not_verified,synthetic_observation,0,SYNTHETIC_FOR_PIPELINE_TESTING
1742,B011,Karnataka,Bengaluru,3317.533,3322.533,5,IMT candidate,synthetic_not_verified,synthetic_observation,0,SYNTHETIC_FOR_PIPELINE_TESTING
1743,B025,Maharashtra,Mumbai,5758.677,5763.677,5,WAS/RLAN,synthetic_not_verified,synthetic_observation,1,SYNTHETIC_FOR_PIPELINE_TESTING
1744,B018,West Bengal,Kolkata,39851.681,39931.681,80,IMT candidate,synthetic_not_verified,synthetic_observation,0,SYNTHETIC_FOR_PIPELINE_TESTING
1745,B010,Gujarat,Ahmedabad,2536.243,2546.243,10,IMT candidate,synthetic_not_verified,synthetic_observation,1,SYNTHETIC_FOR_PIPELINE_TESTING
1746,B022,Tamil Nadu,Chennai,5160.231,5165.231,5,WAS/RLAN,synthetic_not_verified,synthetic_observation,0,SYNTHETIC_FOR_PIPELINE_TESTING
1747,B013,Gujarat,Ahmedabad,3538.355,3558.355,20,IMT candidate,synthetic_not_verified,synthetic_observation,0,SYNTHETIC_FOR_PIPELINE_TESTING
1748,B005,Delhi,New Delhi,948.397,958.397,10,IMT candidate,synthetic_not_verified,synthetic_observation,0,SYNTHETIC_FOR_PIPELINE_TESTING
1749,B022,Tamil Nadu,Chennai,5183.311,5223.311,40,WAS/RLAN,synthetic_not_verified,synthetic_observation,0,SYNTHETIC_FOR_PIPELINE_TESTING
1750,B009,Maharashtra,Mumbai,2379.123,2380.123,1,IMT candidate,synthetic_not_verified,synthetic_observation,0,SYNTHETIC_FOR_PIPELINE_TESTING
1751,B005,Maharashtra,Mumbai,945.92,946.92,1,IMT candidate,synthetic_not_verified,synthetic_observation,0,SYNTHETIC_FOR_PIPELINE_TESTING
1752,B011,Maharashtra,Mumbai,3324.077,3334.077,10,IMT candidate,synthetic_not_verified,synthetic_observation,0,SYNTHETIC_FOR_PIPELINE_TESTING
1753,B015,Karnataka,Bengaluru,6843.382,6923.382,80,IMT candidate,synthetic_not_verified,synthetic_observation,0,SYNTHETIC_FOR_PIPELINE_TESTING
1754,B019,West Bengal,Kolkata,42605.212,42606.212,1,IMT candidate,synthetic_not_verified,synthetic_observation,0,SYNTHETIC_FOR_PIPELINE_TESTING
1755,B022,Maharashtra,Mumbai,5153.664,5233.664,80,WAS/RLAN,synthetic_not_verified,synthetic_observation,1,SYNTHETIC_FOR_PIPELINE_TESTING
1756,B013,Gujarat,Ahmedabad,3534.823,3554.823,20,IMT candidate,synthetic_not_verified,synthetic_observation,0,SYNTHETIC_FOR_PIPELINE_TESTING
1757,B004,Maharashtra,Mumbai,892.552,932.552,40,IMT candidate,synthetic_not_verified,synthetic_observation,1,SYNTHETIC_FOR_PIPELINE_TESTING
1758,B011,Gujarat,Ahmedabad,3315.219,3395.219,80,IMT candidate,synthetic_not_verified,synthetic_observation,0,SYNTHETIC_FOR_PIPELINE_TESTING
1759,B002,Karnataka,Bengaluru,588.308,593.308,5,IMT candidate,synthetic_not_verified,synthetic_observation,1,SYNTHETIC_FOR_PIPELINE_TESTING
1760,B001,West Bengal,Kolkata,517.114,537.114,20,IMT candidate,synthetic_not_verified,synthetic_observation,1,SYNTHETIC_FOR_PIPELINE_TESTING
1761,B016,Rajasthan,Jaipur,7035.439,7115.439,80,IMT candidate,synthetic_not_verified,synthetic_observation,0,SYNTHETIC_FOR_PIPELINE_TESTING
1762,B002,Tamil Nadu,Chennai,607.711,608.711,1,IMT candidate,synthetic_not_verified,synthetic_observation,1,SYNTHETIC_FOR_PIPELINE_TESTING
1763,B008,Delhi,New Delhi,2176.826,2186.826,10,IMT candidate,synthetic_not_verified,synthetic_observation,0,SYNTHETIC_FOR_PIPELINE_TESTING
1764,B010,West Bengal,Kolkata,2578.77,2658.77,80,IMT candidate,synthetic_not_verified,synthetic_observation,1,SYNTHETIC_FOR_PIPELINE_TESTING
1765,B002,Tamil Nadu,Chennai,585.0,610.0,40,IMT candidate,synthetic_not_verified,synthetic_observation,1,SYNTHETIC_FOR_PIPELINE_TESTING
1766,B022,West Bengal,Kolkata,5158.192,5159.192,1,WAS/RLAN,synthetic_not_verified,synthetic_observation,0,SYNTHETIC_FOR_PIPELINE_TESTING
1767,B023,Tamil Nadu,Chennai,5339.905,5344.905,5,WAS/RLAN,synthetic_not_verified,synthetic_observation,0,SYNTHETIC_FOR_PIPELINE_TESTING
1768,B023,Maharashtra,Mumbai,5266.985,5346.985,80,WAS/RLAN,synthetic_not_verified,synthetic_observation,0,SYNTHETIC_FOR_PIPELINE_TESTING
1769,B021,Tamil Nadu,Chennai,2439.887,2444.887,5,Low Power / RLAN,synthetic_not_verified,synthetic_observation,0,SYNTHETIC_FOR_PIPELINE_TESTING
1770,B019,Telangana,Hyderabad,43246.025,43251.025,5,IMT candidate,synthetic_not_verified,synthetic_observation,0,SYNTHETIC_FOR_PIPELINE_TESTING
1771,B018,West Bengal,Kolkata,37921.637,37961.637,40,IMT candidate,synthetic_not_verified,synthetic_observation,0,SYNTHETIC_FOR_PIPELINE_TESTING
1772,B021,Telangana,Hyderabad,2479.549,2480.549,1,Low Power / RLAN,synthetic_not_verified,synthetic_observation,0,SYNTHETIC_FOR_PIPELINE_TESTING
1773,B018,Maharashtra,Mumbai,37636.745,37646.745,10,IMT candidate,synthetic_not_verified,synthetic_observation,1,SYNTHETIC_FOR_PIPELINE_TESTING
1774,B009,Karnataka,Bengaluru,2343.643,2383.643,40,IMT candidate,synthetic_not_verified,synthetic_observation,0,SYNTHETIC_FOR_PIPELINE_TESTING
1775,B004,Gujarat,Ahmedabad,896.379,916.379,20,IMT candidate,synthetic_not_verified,synthetic_observation,1,SYNTHETIC_FOR_PIPELINE_TESTING
1776,B008,Gujarat,Ahmedabad,2146.295,2156.295,10,IMT candidate,synthetic_not_verified,synthetic_observation,0,SYNTHETIC_FOR_PIPELINE_TESTING
1777,B006,Maharashtra,Mumbai,1435.292,1515.292,80,IMT candidate,synthetic_not_verified,synthetic_observation,0,SYNTHETIC_FOR_PIPELINE_TESTING
1778,B006,Rajasthan,Jaipur,1500.193,1501.193,1,IMT candidate,synthetic_not_verified,synthetic_observation,0,SYNTHETIC_FOR_PIPELINE_TESTING
1779,B010,Karnataka,Bengaluru,2567.764,2647.764,80,IMT candidate,synthetic_not_verified,synthetic_observation,1,SYNTHETIC_FOR_PIPELINE_TESTING
1780,B004,West Bengal,Kolkata,893.5,913.5,20,IMT candidate,synthetic_not_verified,synthetic_observation,1,SYNTHETIC_FOR_PIPELINE_TESTING
1781,B007,Delhi,New Delhi,1866.375,1876.375,10,IMT candidate,synthetic_not_verified,synthetic_observation,1,SYNTHETIC_FOR_PIPELINE_TESTING
1782,B005,Tamil Nadu,Chennai,953.943,958.943,5,IMT candidate,synthetic_not_verified,synthetic_observation,0,SYNTHETIC_FOR_PIPELINE_TESTING
1783,B014,West Bengal,Kolkata,3657.823,3662.823,5,IMT candidate,synthetic_not_verified,synthetic_observation,1,SYNTHETIC_FOR_PIPELINE_TESTING
1784,B003,Delhi,New Delhi,715.634,795.634,80,IMT candidate,synthetic_not_verified,synthetic_observation,1,SYNTHETIC_FOR_PIPELINE_TESTING
1785,B003,West Bengal,Kolkata,738.027,758.027,20,IMT candidate,synthetic_not_verified,synthetic_observation,0,SYNTHETIC_FOR_PIPELINE_TESTING
1786,B014,Tamil Nadu,Chennai,3664.276,3665.276,1,IMT candidate,synthetic_not_verified,synthetic_observation,0,SYNTHETIC_FOR_PIPELINE_TESTING
1787,B024,Delhi,New Delhi,5590.633,5600.633,10,WAS/RLAN,synthetic_not_verified,synthetic_observation,0,SYNTHETIC_FOR_PIPELINE_TESTING
1788,B024,Rajasthan,Jaipur,5587.558,5592.558,5,WAS/RLAN,synthetic_not_verified,synthetic_observation,1,SYNTHETIC_FOR_PIPELINE_TESTING
1789,B006,Tamil Nadu,Chennai,1434.944,1514.944,80,IMT candidate,synthetic_not_verified,synthetic_observation,1,SYNTHETIC_FOR_PIPELINE_TESTING
1790,B019,West Bengal,Kolkata,43259.527,43264.527,5,IMT candidate,synthetic_not_verified,synthetic_observation,0,SYNTHETIC_FOR_PIPELINE_TESTING
1791,B024,Delhi,New Delhi,5536.795,5537.795,1,WAS/RLAN,synthetic_not_verified,synthetic_observation,1,SYNTHETIC_FOR_PIPELINE_TESTING
1792,B022,Delhi,New Delhi,5194.943,5204.943,10,WAS/RLAN,synthetic_not_verified,synthetic_observation,0,SYNTHETIC_FOR_PIPELINE_TESTING
1793,B019,Rajasthan,Jaipur,42622.011,42632.011,10,IMT candidate,synthetic_not_verified,synthetic_observation,0,SYNTHETIC_FOR_PIPELINE_TESTING
1794,B013,Telangana,Hyderabad,3556.629,3561.629,5,IMT candidate,synthetic_not_verified,synthetic_observation,0,SYNTHETIC_FOR_PIPELINE_TESTING
1795,B004,Rajasthan,Jaipur,891.687,892.687,1,IMT candidate,synthetic_not_verified,synthetic_observation,0,SYNTHETIC_FOR_PIPELINE_TESTING
1796,B003,Telangana,Hyderabad,685.762,686.762,1,IMT candidate,synthetic_not_verified,synthetic_observation,0,SYNTHETIC_FOR_PIPELINE_TESTING
1797,B002,Tamil Nadu,Chennai,585.0,610.0,80,IMT candidate,synthetic_not_verified,synthetic_observation,1,SYNTHETIC_FOR_PIPELINE_TESTING
1798,B022,West Bengal,Kolkata,5158.622,5159.622,1,WAS/RLAN,synthetic_not_verified,synthetic_observation,1,SYNTHETIC_FOR_PIPELINE_TESTING
1799,B010,Gujarat,Ahmedabad,2598.275,2599.275,1,IMT candidate,synthetic_not_verified,synthetic_observation,0,SYNTHETIC_FOR_PIPELINE_TESTING
1800,B019,Tamil Nadu,Chennai,43129.451,43139.451,10,IMT candidate,synthetic_not_verified,synthetic_observation,0,SYNTHETIC_FOR_PIPELINE_TESTING
1801,B003,Telangana,Hyderabad,671.189,681.189,10,IMT candidate,synthetic_not_verified,synthetic_observation,1,SYNTHETIC_FOR_PIPELINE_TESTING
1802,B013,Karnataka,Bengaluru,3571.597,3581.597,10,IMT candidate,synthetic_not_verified,synthetic_observation,1,SYNTHETIC_FOR_PIPELINE_TESTING
1803,B004,Maharashtra,Mumbai,897.751,937.751,40,IMT candidate,synthetic_not_verified,synthetic_observation,0,SYNTHETIC_FOR_PIPELINE_TESTING
1804,B019,Maharashtra,Mumbai,42800.846,42801.846,1,IMT candidate,synthetic_not_verified,synthetic_observation,0,SYNTHETIC_FOR_PIPELINE_TESTING
1805,B013,Tamil Nadu,Chennai,3507.239,3587.239,80,IMT candidate,synthetic_not_verified,synthetic_observation,0,SYNTHETIC_FOR_PIPELINE_TESTING
1806,B010,Delhi,New Delhi,2546.28,2626.28,80,IMT candidate,synthetic_not_verified,synthetic_observation,0,SYNTHETIC_FOR_PIPELINE_TESTING
1807,B024,Rajasthan,Jaipur,5553.045,5633.045,80,WAS/RLAN,synthetic_not_verified,synthetic_observation,0,SYNTHETIC_FOR_PIPELINE_TESTING
1808,B024,West Bengal,Kolkata,5650.217,5655.217,5,WAS/RLAN,synthetic_not_verified,synthetic_observation,0,SYNTHETIC_FOR_PIPELINE_TESTING
1809,B009,Gujarat,Ahmedabad,2354.764,2374.764,20,IMT candidate,synthetic_not_verified,synthetic_observation,0,SYNTHETIC_FOR_PIPELINE_TESTING
1810,B018,Telangana,Hyderabad,39776.214,39816.214,40,IMT candidate,synthetic_not_verified,synthetic_observation,1,SYNTHETIC_FOR_PIPELINE_TESTING
1811,B017,Gujarat,Ahmedabad,27044.796,27054.796,10,IMT candidate,synthetic_not_verified,synthetic_observation,0,SYNTHETIC_FOR_PIPELINE_TESTING
1812,B017,Karnataka,Bengaluru,26372.118,26373.118,1,IMT candidate,synthetic_not_verified,synthetic_observation,1,SYNTHETIC_FOR_PIPELINE_TESTING
1813,B022,West Bengal,Kolkata,5192.105,5232.105,40,WAS/RLAN,synthetic_not_verified,synthetic_observation,0,SYNTHETIC_FOR_PIPELINE_TESTING
1814,B018,Telangana,Hyderabad,37146.978,37186.978,40,IMT candidate,synthetic_not_verified,synthetic_observation,1,SYNTHETIC_FOR_PIPELINE_TESTING
1815,B021,West Bengal,Kolkata,2438.334,2448.334,10,Low Power / RLAN,synthetic_not_verified,synthetic_observation,0,SYNTHETIC_FOR_PIPELINE_TESTING
1816,B021,West Bengal,Kolkata,2435.812,2436.812,1,Low Power / RLAN,synthetic_not_verified,synthetic_observation,0,SYNTHETIC_FOR_PIPELINE_TESTING
1817,B011,Delhi,New Delhi,3357.044,3377.044,20,IMT candidate,synthetic_not_verified,synthetic_observation,0,SYNTHETIC_FOR_PIPELINE_TESTING
1818,B007,Rajasthan,Jaipur,1870.595,1950.595,80,IMT candidate,synthetic_not_verified,synthetic_observation,1,SYNTHETIC_FOR_PIPELINE_TESTING
1819,B011,Gujarat,Ahmedabad,3307.852,3387.852,80,IMT candidate,synthetic_not_verified,synthetic_observation,1,SYNTHETIC_FOR_PIPELINE_TESTING
1820,B012,Karnataka,Bengaluru,3451.848,3452.848,1,IMT candidate,synthetic_not_verified,synthetic_observation,1,SYNTHETIC_FOR_PIPELINE_TESTING
1821,B010,Delhi,New Delhi,2548.557,2588.557,40,IMT candidate,synthetic_not_verified,synthetic_observation,0,SYNTHETIC_FOR_PIPELINE_TESTING
1822,B023,Karnataka,Bengaluru,5258.058,5338.058,80,WAS/RLAN,synthetic_not_verified,synthetic_observation,0,SYNTHETIC_FOR_PIPELINE_TESTING
1823,B013,West Bengal,Kolkata,3503.531,3543.531,40,IMT candidate,synthetic_not_verified,synthetic_observation,0,SYNTHETIC_FOR_PIPELINE_TESTING
1824,B003,Gujarat,Ahmedabad,686.104,726.104,40,IMT candidate,synthetic_not_verified,synthetic_observation,0,SYNTHETIC_FOR_PIPELINE_TESTING
1825,B003,Telangana,Hyderabad,652.78,692.78,40,IMT candidate,synthetic_not_verified,synthetic_observation,0,SYNTHETIC_FOR_PIPELINE_TESTING
1826,B003,Karnataka,Bengaluru,716.35,726.35,10,IMT candidate,synthetic_not_verified,synthetic_observation,1,SYNTHETIC_FOR_PIPELINE_TESTING
1827,B008,West Bengal,Kolkata,2161.616,2166.616,5,IMT candidate,synthetic_not_verified,synthetic_observation,1,SYNTHETIC_FOR_PIPELINE_TESTING
1828,B011,Telangana,Hyderabad,3360.737,3370.737,10,IMT candidate,synthetic_not_verified,synthetic_observation,0,SYNTHETIC_FOR_PIPELINE_TESTING
1829,B002,Maharashtra,Mumbai,585.0,610.0,80,IMT candidate,synthetic_not_verified,synthetic_observation,0,SYNTHETIC_FOR_PIPELINE_TESTING
1830,B008,Rajasthan,Jaipur,2113.187,2193.187,80,IMT candidate,synthetic_not_verified,synthetic_observation,0,SYNTHETIC_FOR_PIPELINE_TESTING
1831,B013,West Bengal,Kolkata,3521.569,3526.569,5,IMT candidate,synthetic_not_verified,synthetic_observation,0,SYNTHETIC_FOR_PIPELINE_TESTING
1832,B009,Tamil Nadu,Chennai,2305.641,2315.641,10,IMT candidate,synthetic_not_verified,synthetic_observation,0,SYNTHETIC_FOR_PIPELINE_TESTING
1833,B003,Maharashtra,Mumbai,771.154,772.154,1,IMT candidate,synthetic_not_verified,synthetic_observation,0,SYNTHETIC_FOR_PIPELINE_TESTING
1834,B018,Tamil Nadu,Chennai,38401.843,38441.843,40,IMT candidate,synthetic_not_verified,synthetic_observation,0,SYNTHETIC_FOR_PIPELINE_TESTING
1835,B004,Tamil Nadu,Chennai,898.687,908.687,10,IMT candidate,synthetic_not_verified,synthetic_observation,1,SYNTHETIC_FOR_PIPELINE_TESTING
1836,B013,Gujarat,Ahmedabad,3515.411,3535.411,20,IMT candidate,synthetic_not_verified,synthetic_observation,0,SYNTHETIC_FOR_PIPELINE_TESTING
1837,B002,Gujarat,Ahmedabad,587.293,607.293,20,IMT candidate,synthetic_not_verified,synthetic_observation,0,SYNTHETIC_FOR_PIPELINE_TESTING
1838,B023,Tamil Nadu,Chennai,5251.507,5331.507,80,WAS/RLAN,synthetic_not_verified,synthetic_observation,1,SYNTHETIC_FOR_PIPELINE_TESTING
1839,B011,Telangana,Hyderabad,3369.521,3379.521,10,IMT candidate,synthetic_not_verified,synthetic_observation,0,SYNTHETIC_FOR_PIPELINE_TESTING
1840,B023,Gujarat,Ahmedabad,5338.137,5348.137,10,WAS/RLAN,synthetic_not_verified,synthetic_observation,0,SYNTHETIC_FOR_PIPELINE_TESTING
1841,B012,Tamil Nadu,Chennai,3434.386,3444.386,10,IMT candidate,synthetic_not_verified,synthetic_observation,0,SYNTHETIC_FOR_PIPELINE_TESTING
1842,B025,Rajasthan,Jaipur,5850.865,5855.865,5,WAS/RLAN,synthetic_not_verified,synthetic_observation,1,SYNTHETIC_FOR_PIPELINE_TESTING
1843,B006,Rajasthan,Jaipur,1489.218,1494.218,5,IMT candidate,synthetic_not_verified,synthetic_observation,1,SYNTHETIC_FOR_PIPELINE_TESTING
1844,B012,West Bengal,Kolkata,3473.67,3478.67,5,IMT candidate,synthetic_not_verified,synthetic_observation,1,SYNTHETIC_FOR_PIPELINE_TESTING
1845,B006,Gujarat,Ahmedabad,1485.347,1490.347,5,IMT candidate,synthetic_not_verified,synthetic_observation,0,SYNTHETIC_FOR_PIPELINE_TESTING
1846,B015,Tamil Nadu,Chennai,6859.135,6899.135,40,IMT candidate,synthetic_not_verified,synthetic_observation,1,SYNTHETIC_FOR_PIPELINE_TESTING
1847,B003,Tamil Nadu,Chennai,854.431,859.431,5,IMT candidate,synthetic_not_verified,synthetic_observation,1,SYNTHETIC_FOR_PIPELINE_TESTING
1848,B018,Delhi,New Delhi,37898.125,37903.125,5,IMT candidate,synthetic_not_verified,synthetic_observation,0,SYNTHETIC_FOR_PIPELINE_TESTING
1849,B007,Karnataka,Bengaluru,1977.849,1978.849,1,IMT candidate,synthetic_not_verified,synthetic_observation,1,SYNTHETIC_FOR_PIPELINE_TESTING
1850,B001,Karnataka,Bengaluru,492.248,572.248,80,IMT candidate,synthetic_not_verified,synthetic_observation,0,SYNTHETIC_FOR_PIPELINE_TESTING
1851,B015,Delhi,New Delhi,6882.856,6883.856,1,IMT candidate,synthetic_not_verified,synthetic_observation,0,SYNTHETIC_FOR_PIPELINE_TESTING
1852,B018,Gujarat,Ahmedabad,38710.952,38730.952,20,IMT candidate,synthetic_not_verified,synthetic_observation,0,SYNTHETIC_FOR_PIPELINE_TESTING
1853,B023,Delhi,New Delhi,5283.147,5303.147,20,WAS/RLAN,synthetic_not_verified,synthetic_observation,0,SYNTHETIC_FOR_PIPELINE_TESTING
1854,B006,Maharashtra,Mumbai,1429.236,1469.236,40,IMT candidate,synthetic_not_verified,synthetic_observation,1,SYNTHETIC_FOR_PIPELINE_TESTING
1855,B009,Gujarat,Ahmedabad,2308.338,2348.338,40,IMT candidate,synthetic_not_verified,synthetic_observation,0,SYNTHETIC_FOR_PIPELINE_TESTING
1856,B010,Telangana,Hyderabad,2560.697,2600.697,40,IMT candidate,synthetic_not_verified,synthetic_observation,0,SYNTHETIC_FOR_PIPELINE_TESTING
1857,B017,Tamil Nadu,Chennai,24648.766,24649.766,1,IMT candidate,synthetic_not_verified,synthetic_observation,1,SYNTHETIC_FOR_PIPELINE_TESTING
1858,B013,Rajasthan,Jaipur,3542.286,3582.286,40,IMT candidate,synthetic_not_verified,synthetic_observation,0,SYNTHETIC_FOR_PIPELINE_TESTING
1859,B006,Rajasthan,Jaipur,1430.215,1510.215,80,IMT candidate,synthetic_not_verified,synthetic_observation,0,SYNTHETIC_FOR_PIPELINE_TESTING
1860,B016,Karnataka,Bengaluru,7096.792,7116.792,20,IMT candidate,synthetic_not_verified,synthetic_observation,0,SYNTHETIC_FOR_PIPELINE_TESTING
1861,B017,Tamil Nadu,Chennai,24643.903,24663.903,20,IMT candidate,synthetic_not_verified,synthetic_observation,0,SYNTHETIC_FOR_PIPELINE_TESTING
1862,B021,Gujarat,Ahmedabad,2402.172,2482.172,80,Low Power / RLAN,synthetic_not_verified,synthetic_observation,0,SYNTHETIC_FOR_PIPELINE_TESTING
1863,B009,Gujarat,Ahmedabad,2312.921,2392.921,80,IMT candidate,synthetic_not_verified,synthetic_observation,0,SYNTHETIC_FOR_PIPELINE_TESTING
1864,B024,Delhi,New Delhi,5504.785,5544.785,40,WAS/RLAN,synthetic_not_verified,synthetic_observation,0,SYNTHETIC_FOR_PIPELINE_TESTING
1865,B022,Telangana,Hyderabad,5206.793,5246.793,40,WAS/RLAN,synthetic_not_verified,synthetic_observation,1,SYNTHETIC_FOR_PIPELINE_TESTING
1866,B010,Gujarat,Ahmedabad,2592.85,2672.85,80,IMT candidate,synthetic_not_verified,synthetic_observation,1,SYNTHETIC_FOR_PIPELINE_TESTING
1867,B024,West Bengal,Kolkata,5535.458,5555.458,20,WAS/RLAN,synthetic_not_verified,synthetic_observation,0,SYNTHETIC_FOR_PIPELINE_TESTING
1868,B010,Karnataka,Bengaluru,2556.561,2596.561,40,IMT candidate,synthetic_not_verified,synthetic_observation,0,SYNTHETIC_FOR_PIPELINE_TESTING
1869,B001,Maharashtra,Mumbai,472.94,552.94,80,IMT candidate,synthetic_not_verified,synthetic_observation,0,SYNTHETIC_FOR_PIPELINE_TESTING
1870,B006,Karnataka,Bengaluru,1433.422,1473.422,40,IMT candidate,synthetic_not_verified,synthetic_observation,0,SYNTHETIC_FOR_PIPELINE_TESTING
1871,B017,Karnataka,Bengaluru,26347.504,26352.504,5,IMT candidate,synthetic_not_verified,synthetic_observation,0,SYNTHETIC_FOR_PIPELINE_TESTING
1872,B010,Rajasthan,Jaipur,2597.863,2677.863,80,IMT candidate,synthetic_not_verified,synthetic_observation,0,SYNTHETIC_FOR_PIPELINE_TESTING
1873,B008,Delhi,New Delhi,2125.221,2165.221,40,IMT candidate,synthetic_not_verified,synthetic_observation,1,SYNTHETIC_FOR_PIPELINE_TESTING
1874,B025,Tamil Nadu,Chennai,5782.548,5822.548,40,WAS/RLAN,synthetic_not_verified,synthetic_observation,0,SYNTHETIC_FOR_PIPELINE_TESTING
1875,B002,Telangana,Hyderabad,586.937,606.937,20,IMT candidate,synthetic_not_verified,synthetic_observation,0,SYNTHETIC_FOR_PIPELINE_TESTING
1876,B001,Rajasthan,Jaipur,515.564,555.564,40,IMT candidate,synthetic_not_verified,synthetic_observation,0,SYNTHETIC_FOR_PIPELINE_TESTING
1877,B015,Gujarat,Ahmedabad,6765.795,6775.795,10,IMT candidate,synthetic_not_verified,synthetic_observation,0,SYNTHETIC_FOR_PIPELINE_TESTING
1878,B004,Gujarat,Ahmedabad,918.127,919.127,1,IMT candidate,synthetic_not_verified,synthetic_observation,0,SYNTHETIC_FOR_PIPELINE_TESTING
1879,B013,Maharashtra,Mumbai,3557.925,3567.925,10,IMT candidate,synthetic_not_verified,synthetic_observation,0,SYNTHETIC_FOR_PIPELINE_TESTING
1880,B019,West Bengal,Kolkata,43354.723,43434.723,80,IMT candidate,synthetic_not_verified,synthetic_observation,1,SYNTHETIC_FOR_PIPELINE_TESTING
1881,B020,West Bengal,Kolkata,68773.962,68813.962,40,IMT candidate,synthetic_not_verified,synthetic_observation,0,SYNTHETIC_FOR_PIPELINE_TESTING
1882,B016,Tamil Nadu,Chennai,7038.137,7118.137,80,IMT candidate,synthetic_not_verified,synthetic_observation,0,SYNTHETIC_FOR_PIPELINE_TESTING
1883,B009,West Bengal,Kolkata,2354.546,2359.546,5,IMT candidate,synthetic_not_verified,synthetic_observation,0,SYNTHETIC_FOR_PIPELINE_TESTING
1884,B001,West Bengal,Kolkata,486.793,496.793,10,IMT candidate,synthetic_not_verified,synthetic_observation,0,SYNTHETIC_FOR_PIPELINE_TESTING
1885,B018,West Bengal,Kolkata,37077.672,37117.672,40,IMT candidate,synthetic_not_verified,synthetic_observation,1,SYNTHETIC_FOR_PIPELINE_TESTING
1886,B010,Rajasthan,Jaipur,2621.646,2641.646,20,IMT candidate,synthetic_not_verified,synthetic_observation,0,SYNTHETIC_FOR_PIPELINE_TESTING
1887,B011,Karnataka,Bengaluru,3368.597,3369.597,1,IMT candidate,synthetic_not_verified,synthetic_observation,0,SYNTHETIC_FOR_PIPELINE_TESTING
1888,B024,Tamil Nadu,Chennai,5564.988,5644.988,80,WAS/RLAN,synthetic_not_verified,synthetic_observation,0,SYNTHETIC_FOR_PIPELINE_TESTING
1889,B022,Gujarat,Ahmedabad,5182.91,5192.91,10,WAS/RLAN,synthetic_not_verified,synthetic_observation,0,SYNTHETIC_FOR_PIPELINE_TESTING
1890,B021,Maharashtra,Mumbai,2443.616,2444.616,1,Low Power / RLAN,synthetic_not_verified,synthetic_observation,0,SYNTHETIC_FOR_PIPELINE_TESTING
1891,B004,Delhi,New Delhi,895.745,935.745,40,IMT candidate,synthetic_not_verified,synthetic_observation,1,SYNTHETIC_FOR_PIPELINE_TESTING
1892,B022,Rajasthan,Jaipur,5191.181,5192.181,1,WAS/RLAN,synthetic_not_verified,synthetic_observation,0,SYNTHETIC_FOR_PIPELINE_TESTING
1893,B002,Karnataka,Bengaluru,585.0,610.0,40,IMT candidate,synthetic_not_verified,synthetic_observation,0,SYNTHETIC_FOR_PIPELINE_TESTING
1894,B016,Karnataka,Bengaluru,7111.924,7112.924,1,IMT candidate,synthetic_not_verified,synthetic_observation,1,SYNTHETIC_FOR_PIPELINE_TESTING
1895,B011,Karnataka,Bengaluru,3352.213,3362.213,10,IMT candidate,synthetic_not_verified,synthetic_observation,1,SYNTHETIC_FOR_PIPELINE_TESTING
1896,B009,Delhi,New Delhi,2307.245,2387.245,80,IMT candidate,synthetic_not_verified,synthetic_observation,0,SYNTHETIC_FOR_PIPELINE_TESTING
1897,B005,Delhi,New Delhi,946.069,947.069,1,IMT candidate,synthetic_not_verified,synthetic_observation,1,SYNTHETIC_FOR_PIPELINE_TESTING
1898,B002,Maharashtra,Mumbai,594.075,599.075,5,IMT candidate,synthetic_not_verified,synthetic_observation,1,SYNTHETIC_FOR_PIPELINE_TESTING
1899,B004,West Bengal,Kolkata,903.449,913.449,10,IMT candidate,synthetic_not_verified,synthetic_observation,1,SYNTHETIC_FOR_PIPELINE_TESTING
1900,B012,Delhi,New Delhi,3430.509,3450.509,20,IMT candidate,synthetic_not_verified,synthetic_observation,0,SYNTHETIC_FOR_PIPELINE_TESTING
1901,B007,Gujarat,Ahmedabad,1757.999,1797.999,40,IMT candidate,synthetic_not_verified,synthetic_observation,0,SYNTHETIC_FOR_PIPELINE_TESTING
1902,B007,Gujarat,Ahmedabad,1948.316,1958.316,10,IMT candidate,synthetic_not_verified,synthetic_observation,0,SYNTHETIC_FOR_PIPELINE_TESTING
1903,B011,Delhi,New Delhi,3300.706,3305.706,5,IMT candidate,synthetic_not_verified,synthetic_observation,0,SYNTHETIC_FOR_PIPELINE_TESTING
1904,B020,Telangana,Hyderabad,69896.704,69936.704,40,IMT candidate,synthetic_not_verified,synthetic_observation,0,SYNTHETIC_FOR_PIPELINE_TESTING
1905,B024,Maharashtra,Mumbai,5639.719,5649.719,10,WAS/RLAN,synthetic_not_verified,synthetic_observation,0,SYNTHETIC_FOR_PIPELINE_TESTING
1906,B016,Tamil Nadu,Chennai,7033.867,7113.867,80,IMT candidate,synthetic_not_verified,synthetic_observation,1,SYNTHETIC_FOR_PIPELINE_TESTING
1907,B003,Gujarat,Ahmedabad,699.074,739.074,40,IMT candidate,synthetic_not_verified,synthetic_observation,0,SYNTHETIC_FOR_PIPELINE_TESTING
1908,B019,Karnataka,Bengaluru,43157.932,43167.932,10,IMT candidate,synthetic_not_verified,synthetic_observation,0,SYNTHETIC_FOR_PIPELINE_TESTING
1909,B015,Karnataka,Bengaluru,6940.192,6960.192,20,IMT candidate,synthetic_not_verified,synthetic_observation,0,SYNTHETIC_FOR_PIPELINE_TESTING
1910,B019,Karnataka,Bengaluru,43253.703,43273.703,20,IMT candidate,synthetic_not_verified,synthetic_observation,0,SYNTHETIC_FOR_PIPELINE_TESTING
1911,B018,Maharashtra,Mumbai,39769.554,39779.554,10,IMT candidate,synthetic_not_verified,synthetic_observation,0,SYNTHETIC_FOR_PIPELINE_TESTING
1912,B006,Karnataka,Bengaluru,1448.153,1449.153,1,IMT candidate,synthetic_not_verified,synthetic_observation,1,SYNTHETIC_FOR_PIPELINE_TESTING
1913,B014,Maharashtra,Mumbai,3658.401,3668.401,10,IMT candidate,synthetic_not_verified,synthetic_observation,0,SYNTHETIC_FOR_PIPELINE_TESTING
1914,B023,Delhi,New Delhi,5259.159,5299.159,40,WAS/RLAN,synthetic_not_verified,synthetic_observation,0,SYNTHETIC_FOR_PIPELINE_TESTING
1915,B017,Delhi,New Delhi,27228.835,27233.835,5,IMT candidate,synthetic_not_verified,synthetic_observation,0,SYNTHETIC_FOR_PIPELINE_TESTING
1916,B022,Rajasthan,Jaipur,5154.59,5155.59,1,WAS/RLAN,synthetic_not_verified,synthetic_observation,1,SYNTHETIC_FOR_PIPELINE_TESTING
1917,B007,Karnataka,Bengaluru,1938.937,1943.937,5,IMT candidate,synthetic_not_verified,synthetic_observation,0,SYNTHETIC_FOR_PIPELINE_TESTING
1918,B003,West Bengal,Kolkata,862.009,872.009,10,IMT candidate,synthetic_not_verified,synthetic_observation,1,SYNTHETIC_FOR_PIPELINE_TESTING
1919,B003,Telangana,Hyderabad,700.285,720.285,20,IMT candidate,synthetic_not_verified,synthetic_observation,0,SYNTHETIC_FOR_PIPELINE_TESTING
1920,B017,West Bengal,Kolkata,25274.461,25294.461,20,IMT candidate,synthetic_not_verified,synthetic_observation,0,SYNTHETIC_FOR_PIPELINE_TESTING
1921,B009,Rajasthan,Jaipur,2354.057,2355.057,1,IMT candidate,synthetic_not_verified,synthetic_observation,0,SYNTHETIC_FOR_PIPELINE_TESTING
1922,B020,Maharashtra,Mumbai,70693.979,70698.979,5,IMT candidate,synthetic_not_verified,synthetic_observation,0,SYNTHETIC_FOR_PIPELINE_TESTING
1923,B010,Karnataka,Bengaluru,2509.122,2519.122,10,IMT candidate,synthetic_not_verified,synthetic_observation,0,SYNTHETIC_FOR_PIPELINE_TESTING
1924,B004,Maharashtra,Mumbai,915.926,916.926,1,IMT candidate,synthetic_not_verified,synthetic_observation,0,SYNTHETIC_FOR_PIPELINE_TESTING
1925,B003,Karnataka,Bengaluru,681.559,701.559,20,IMT candidate,synthetic_not_verified,synthetic_observation,1,SYNTHETIC_FOR_PIPELINE_TESTING
1926,B019,Karnataka,Bengaluru,43038.125,43118.125,80,IMT candidate,synthetic_not_verified,synthetic_observation,0,SYNTHETIC_FOR_PIPELINE_TESTING
1927,B008,Tamil Nadu,Chennai,2112.557,2122.557,10,IMT candidate,synthetic_not_verified,synthetic_observation,0,SYNTHETIC_FOR_PIPELINE_TESTING
1928,B016,Telangana,Hyderabad,7042.569,7122.569,80,IMT candidate,synthetic_not_verified,synthetic_observation,0,SYNTHETIC_FOR_PIPELINE_TESTING
1929,B007,Karnataka,Bengaluru,1839.479,1879.479,40,IMT candidate,synthetic_not_verified,synthetic_observation,1,SYNTHETIC_FOR_PIPELINE_TESTING
1930,B014,Rajasthan,Jaipur,3600.0,3670.0,80,IMT candidate,synthetic_not_verified,synthetic_observation,1,SYNTHETIC_FOR_PIPELINE_TESTING
1931,B001,Rajasthan,Jaipur,512.227,532.227,20,IMT candidate,synthetic_not_verified,synthetic_observation,0,SYNTHETIC_FOR_PIPELINE_TESTING
1932,B013,Gujarat,Ahmedabad,3563.89,3564.89,1,IMT candidate,synthetic_not_verified,synthetic_observation,0,SYNTHETIC_FOR_PIPELINE_TESTING
1933,B009,West Bengal,Kolkata,2347.01,2387.01,40,IMT candidate,synthetic_not_verified,synthetic_observation,1,SYNTHETIC_FOR_PIPELINE_TESTING
1934,B004,Karnataka,Bengaluru,890.0,942.0,80,IMT candidate,synthetic_not_verified,synthetic_observation,1,SYNTHETIC_FOR_PIPELINE_TESTING
1935,B013,Maharashtra,Mumbai,3502.606,3512.606,10,IMT candidate,synthetic_not_verified,synthetic_observation,1,SYNTHETIC_FOR_PIPELINE_TESTING
1936,B008,West Bengal,Kolkata,2136.456,2141.456,5,IMT candidate,synthetic_not_verified,synthetic_observation,0,SYNTHETIC_FOR_PIPELINE_TESTING
1937,B020,West Bengal,Kolkata,66407.244,66408.244,1,IMT candidate,synthetic_not_verified,synthetic_observation,0,SYNTHETIC_FOR_PIPELINE_TESTING
1938,B004,Maharashtra,Mumbai,906.344,926.344,20,IMT candidate,synthetic_not_verified,synthetic_observation,0,SYNTHETIC_FOR_PIPELINE_TESTING
1939,B002,Maharashtra,Mumbai,585.0,610.0,40,IMT candidate,synthetic_not_verified,synthetic_observation,0,SYNTHETIC_FOR_PIPELINE_TESTING
1940,B015,Gujarat,Ahmedabad,6491.054,6511.054,20,IMT candidate,synthetic_not_verified,synthetic_observation,0,SYNTHETIC_FOR_PIPELINE_TESTING
1941,B023,Telangana,Hyderabad,5252.733,5332.733,80,WAS/RLAN,synthetic_not_verified,synthetic_observation,0,SYNTHETIC_FOR_PIPELINE_TESTING
1942,B008,Delhi,New Delhi,2191.882,2196.882,5,IMT candidate,synthetic_not_verified,synthetic_observation,1,SYNTHETIC_FOR_PIPELINE_TESTING
1943,B024,Delhi,New Delhi,5484.189,5504.189,20,WAS/RLAN,synthetic_not_verified,synthetic_observation,0,SYNTHETIC_FOR_PIPELINE_TESTING
1944,B007,Delhi,New Delhi,1787.409,1797.409,10,IMT candidate,synthetic_not_verified,synthetic_observation,0,SYNTHETIC_FOR_PIPELINE_TESTING
1945,B024,Rajasthan,Jaipur,5626.382,5646.382,20,WAS/RLAN,synthetic_not_verified,synthetic_observation,1,SYNTHETIC_FOR_PIPELINE_TESTING
1946,B009,Gujarat,Ahmedabad,2345.283,2365.283,20,IMT candidate,synthetic_not_verified,synthetic_observation,1,SYNTHETIC_FOR_PIPELINE_TESTING
1947,B011,West Bengal,Kolkata,3357.395,3358.395,1,IMT candidate,synthetic_not_verified,synthetic_observation,0,SYNTHETIC_FOR_PIPELINE_TESTING
1948,B019,Rajasthan,Jaipur,42584.966,42585.966,1,IMT candidate,synthetic_not_verified,synthetic_observation,1,SYNTHETIC_FOR_PIPELINE_TESTING
1949,B023,Maharashtra,Mumbai,5303.772,5323.772,20,WAS/RLAN,synthetic_not_verified,synthetic_observation,0,SYNTHETIC_FOR_PIPELINE_TESTING
1950,B010,West Bengal,Kolkata,2553.777,2633.777,80,IMT candidate,synthetic_not_verified,synthetic_observation,0,SYNTHETIC_FOR_PIPELINE_TESTING
1951,B014,Rajasthan,Jaipur,3603.002,3643.002,40,IMT candidate,synthetic_not_verified,synthetic_observation,1,SYNTHETIC_FOR_PIPELINE_TESTING
1952,B015,Karnataka,Bengaluru,6549.79,6629.79,80,IMT candidate,synthetic_not_verified,synthetic_observation,0,SYNTHETIC_FOR_PIPELINE_TESTING
1953,B017,Gujarat,Ahmedabad,26297.863,26377.863,80,IMT candidate,synthetic_not_verified,synthetic_observation,0,SYNTHETIC_FOR_PIPELINE_TESTING
1954,B005,Delhi,New Delhi,943.054,948.054,5,IMT candidate,synthetic_not_verified,synthetic_observation,1,SYNTHETIC_FOR_PIPELINE_TESTING
1955,B016,Maharashtra,Mumbai,7066.73,7086.73,20,IMT candidate,synthetic_not_verified,synthetic_observation,0,SYNTHETIC_FOR_PIPELINE_TESTING
1956,B004,Karnataka,Bengaluru,890.0,942.0,80,IMT candidate,synthetic_not_verified,synthetic_observation,0,SYNTHETIC_FOR_PIPELINE_TESTING
1957,B025,Delhi,New Delhi,5802.257,5812.257,10,WAS/RLAN,synthetic_not_verified,synthetic_observation,0,SYNTHETIC_FOR_PIPELINE_TESTING
1958,B003,Telangana,Hyderabad,656.927,696.927,40,IMT candidate,synthetic_not_verified,synthetic_observation,0,SYNTHETIC_FOR_PIPELINE_TESTING
1959,B016,Gujarat,Ahmedabad,7037.531,7038.531,1,IMT candidate,synthetic_not_verified,synthetic_observation,0,SYNTHETIC_FOR_PIPELINE_TESTING
1960,B018,Rajasthan,Jaipur,37593.491,37613.491,20,IMT candidate,synthetic_not_verified,synthetic_observation,0,SYNTHETIC_FOR_PIPELINE_TESTING
1961,B005,West Bengal,Kolkata,942.0,960.0,80,IMT candidate,synthetic_not_verified,synthetic_observation,0,SYNTHETIC_FOR_PIPELINE_TESTING
1962,B005,Karnataka,Bengaluru,944.181,949.181,5,IMT candidate,synthetic_not_verified,synthetic_observation,0,SYNTHETIC_FOR_PIPELINE_TESTING
1963,B011,Telangana,Hyderabad,3353.541,3358.541,5,IMT candidate,synthetic_not_verified,synthetic_observation,0,SYNTHETIC_FOR_PIPELINE_TESTING
1964,B001,Rajasthan,Jaipur,517.885,527.885,10,IMT candidate,synthetic_not_verified,synthetic_observation,1,SYNTHETIC_FOR_PIPELINE_TESTING
1965,B008,Karnataka,Bengaluru,2176.14,2186.14,10,IMT candidate,synthetic_not_verified,synthetic_observation,1,SYNTHETIC_FOR_PIPELINE_TESTING
1966,B017,Gujarat,Ahmedabad,27430.651,27440.651,10,IMT candidate,synthetic_not_verified,synthetic_observation,0,SYNTHETIC_FOR_PIPELINE_TESTING
1967,B015,Telangana,Hyderabad,6693.637,6703.637,10,IMT candidate,synthetic_not_verified,synthetic_observation,0,SYNTHETIC_FOR_PIPELINE_TESTING
1968,B025,West Bengal,Kolkata,5739.479,5819.479,80,WAS/RLAN,synthetic_not_verified,synthetic_observation,1,SYNTHETIC_FOR_PIPELINE_TESTING
1969,B018,Maharashtra,Mumbai,39641.577,39661.577,20,IMT candidate,synthetic_not_verified,synthetic_observation,1,SYNTHETIC_FOR_PIPELINE_TESTING
1970,B022,Maharashtra,Mumbai,5157.863,5158.863,1,WAS/RLAN,synthetic_not_verified,synthetic_observation,0,SYNTHETIC_FOR_PIPELINE_TESTING
1971,B011,West Bengal,Kolkata,3327.357,3367.357,40,IMT candidate,synthetic_not_verified,synthetic_observation,1,SYNTHETIC_FOR_PIPELINE_TESTING
1972,B002,West Bengal,Kolkata,590.482,600.482,10,IMT candidate,synthetic_not_verified,synthetic_observation,1,SYNTHETIC_FOR_PIPELINE_TESTING
1973,B010,Telangana,Hyderabad,2624.681,2629.681,5,IMT candidate,synthetic_not_verified,synthetic_observation,0,SYNTHETIC_FOR_PIPELINE_TESTING
1974,B017,Gujarat,Ahmedabad,27442.039,27462.039,20,IMT candidate,synthetic_not_verified,synthetic_observation,1,SYNTHETIC_FOR_PIPELINE_TESTING
1975,B010,Tamil Nadu,Chennai,2603.893,2623.893,20,IMT candidate,synthetic_not_verified,synthetic_observation,1,SYNTHETIC_FOR_PIPELINE_TESTING
1976,B017,Maharashtra,Mumbai,24704.165,24714.165,10,IMT candidate,synthetic_not_verified,synthetic_observation,0,SYNTHETIC_FOR_PIPELINE_TESTING
1977,B008,West Bengal,Kolkata,2118.643,2198.643,80,IMT candidate,synthetic_not_verified,synthetic_observation,0,SYNTHETIC_FOR_PIPELINE_TESTING
1978,B014,Maharashtra,Mumbai,3606.106,3646.106,40,IMT candidate,synthetic_not_verified,synthetic_observation,0,SYNTHETIC_FOR_PIPELINE_TESTING
1979,B010,Delhi,New Delhi,2620.296,2660.296,40,IMT candidate,synthetic_not_verified,synthetic_observation,0,SYNTHETIC_FOR_PIPELINE_TESTING
1980,B002,Karnataka,Bengaluru,588.154,608.154,20,IMT candidate,synthetic_not_verified,synthetic_observation,0,SYNTHETIC_FOR_PIPELINE_TESTING
1981,B016,Gujarat,Ahmedabad,7112.782,7117.782,5,IMT candidate,synthetic_not_verified,synthetic_observation,0,SYNTHETIC_FOR_PIPELINE_TESTING
1982,B016,Delhi,New Delhi,7094.34,7095.34,1,IMT candidate,synthetic_not_verified,synthetic_observation,0,SYNTHETIC_FOR_PIPELINE_TESTING
1983,B017,Tamil Nadu,Chennai,24423.494,24503.494,80,IMT candidate,synthetic_not_verified,synthetic_observation,0,SYNTHETIC_FOR_PIPELINE_TESTING
1984,B010,Telangana,Hyderabad,2568.384,2573.384,5,IMT candidate,synthetic_not_verified,synthetic_observation,0,SYNTHETIC_FOR_PIPELINE_TESTING
1985,B022,Rajasthan,Jaipur,5202.057,5212.057,10,WAS/RLAN,synthetic_not_verified,synthetic_observation,0,SYNTHETIC_FOR_PIPELINE_TESTING
1986,B004,Rajasthan,Jaipur,920.28,925.28,5,IMT candidate,synthetic_not_verified,synthetic_observation,0,SYNTHETIC_FOR_PIPELINE_TESTING
1987,B001,West Bengal,Kolkata,553.065,563.065,10,IMT candidate,synthetic_not_verified,synthetic_observation,0,SYNTHETIC_FOR_PIPELINE_TESTING
1988,B008,West Bengal,Kolkata,2132.444,2142.444,10,IMT candidate,synthetic_not_verified,synthetic_observation,1,SYNTHETIC_FOR_PIPELINE_TESTING
1989,B006,Karnataka,Bengaluru,1427.021,1447.021,20,IMT candidate,synthetic_not_verified,synthetic_observation,0,SYNTHETIC_FOR_PIPELINE_TESTING
1990,B007,West Bengal,Kolkata,1722.328,1727.328,5,IMT candidate,synthetic_not_verified,synthetic_observation,0,SYNTHETIC_FOR_PIPELINE_TESTING
1991,B018,Maharashtra,Mumbai,37534.278,37574.278,40,IMT candidate,synthetic_not_verified,synthetic_observation,0,SYNTHETIC_FOR_PIPELINE_TESTING
1992,B014,Tamil Nadu,Chennai,3629.986,3630.986,1,IMT candidate,synthetic_not_verified,synthetic_observation,0,SYNTHETIC_FOR_PIPELINE_TESTING
1993,B021,Gujarat,Ahmedabad,2440.6,2441.6,1,Low Power / RLAN,synthetic_not_verified,synthetic_observation,0,SYNTHETIC_FOR_PIPELINE_TESTING
1994,B002,Gujarat,Ahmedabad,585.0,610.0,80,IMT candidate,synthetic_not_verified,synthetic_observation,1,SYNTHETIC_FOR_PIPELINE_TESTING
1995,B009,Gujarat,Ahmedabad,2314.163,2324.163,10,IMT candidate,synthetic_not_verified,synthetic_observation,0,SYNTHETIC_FOR_PIPELINE_TESTING
1996,B009,Telangana,Hyderabad,2368.067,2369.067,1,IMT candidate,synthetic_not_verified,synthetic_observation,1,SYNTHETIC_FOR_PIPELINE_TESTING
1997,B014,Rajasthan,Jaipur,3637.604,3657.604,20,IMT candidate,synthetic_not_verified,synthetic_observation,0,SYNTHETIC_FOR_PIPELINE_TESTING
1998,B017,Telangana,Hyderabad,25725.879,25765.879,40,IMT candidate,synthetic_not_verified,synthetic_observation,1,SYNTHETIC_FOR_PIPELINE_TESTING
1999,B010,Telangana,Hyderabad,2623.444,2643.444,20,IMT candidate,synthetic_not_verified,synthetic_observation,0,SYNTHETIC_FOR_PIPELINE_TESTING
2000,B004,Gujarat,Ahmedabad,890.0,942.0,80,IMT candidate,synthetic_not_verified,synthetic_observation,0,SYNTHETIC_FOR_PIPELINE_TESTING
2001,B012,Telangana,Hyderabad,3460.455,3461.455,1,IMT candidate,synthetic_not_verified,synthetic_observation,0,SYNTHETIC_FOR_PIPELINE_TESTING
2002,B003,Telangana,Hyderabad,778.562,818.562,40,IMT candidate,synthetic_not_verified,synthetic_observation,0,SYNTHETIC_FOR_PIPELINE_TESTING
2003,B018,Rajasthan,Jaipur,39489.03,39499.03,10,IMT candidate,synthetic_not_verified,synthetic_observation,0,SYNTHETIC_FOR_PIPELINE_TESTING
2004,B018,West Bengal,Kolkata,39110.752,39120.752,10,IMT candidate,synthetic_not_verified,synthetic_observation,0,SYNTHETIC_FOR_PIPELINE_TESTING
2005,B017,Rajasthan,Jaipur,26445.799,26485.799,40,IMT candidate,synthetic_not_verified,synthetic_observation,0,SYNTHETIC_FOR_PIPELINE_TESTING
2006,B021,Gujarat,Ahmedabad,2456.082,2457.082,1,Low Power / RLAN,synthetic_not_verified,synthetic_observation,0,SYNTHETIC_FOR_PIPELINE_TESTING
2007,B025,Maharashtra,Mumbai,5828.64,5848.64,20,WAS/RLAN,synthetic_not_verified,synthetic_observation,0,SYNTHETIC_FOR_PIPELINE_TESTING
2008,B004,Delhi,New Delhi,920.846,925.846,5,IMT candidate,synthetic_not_verified,synthetic_observation,1,SYNTHETIC_FOR_PIPELINE_TESTING
2009,B019,Rajasthan,Jaipur,42537.074,42542.074,5,IMT candidate,synthetic_not_verified,synthetic_observation,0,SYNTHETIC_FOR_PIPELINE_TESTING
2010,B002,Telangana,Hyderabad,585.0,610.0,40,IMT candidate,synthetic_not_verified,synthetic_observation,1,SYNTHETIC_FOR_PIPELINE_TESTING
2011,B002,Tamil Nadu,Chennai,588.552,608.552,20,IMT candidate,synthetic_not_verified,synthetic_observation,0,SYNTHETIC_FOR_PIPELINE_TESTING
2012,B011,West Bengal,Kolkata,3315.85,3316.85,1,IMT candidate,synthetic_not_verified,synthetic_observation,0,SYNTHETIC_FOR_PIPELINE_TESTING
2013,B020,Gujarat,Ahmedabad,67576.607,67581.607,5,IMT candidate,synthetic_not_verified,synthetic_observation,0,SYNTHETIC_FOR_PIPELINE_TESTING
2014,B024,Maharashtra,Mumbai,5621.997,5626.997,5,WAS/RLAN,synthetic_not_verified,synthetic_observation,0,SYNTHETIC_FOR_PIPELINE_TESTING
2015,B005,Maharashtra,Mumbai,942.0,960.0,80,IMT candidate,synthetic_not_verified,synthetic_observation,0,SYNTHETIC_FOR_PIPELINE_TESTING
2016,B003,Tamil Nadu,Chennai,863.768,868.768,5,IMT candidate,synthetic_not_verified,synthetic_observation,1,SYNTHETIC_FOR_PIPELINE_TESTING
2017,B023,Gujarat,Ahmedabad,5252.101,5292.101,40,WAS/RLAN,synthetic_not_verified,synthetic_observation,0,SYNTHETIC_FOR_PIPELINE_TESTING
2018,B022,Maharashtra,Mumbai,5209.121,5249.121,40,WAS/RLAN,synthetic_not_verified,synthetic_observation,1,SYNTHETIC_FOR_PIPELINE_TESTING
2019,B017,West Bengal,Kolkata,25482.521,25487.521,5,IMT candidate,synthetic_not_verified,synthetic_observation,0,SYNTHETIC_FOR_PIPELINE_TESTING
2020,B010,Tamil Nadu,Chennai,2516.337,2536.337,20,IMT candidate,synthetic_not_verified,synthetic_observation,0,SYNTHETIC_FOR_PIPELINE_TESTING
2021,B012,Telangana,Hyderabad,3421.605,3431.605,10,IMT candidate,synthetic_not_verified,synthetic_observation,1,SYNTHETIC_FOR_PIPELINE_TESTING
2022,B006,Maharashtra,Mumbai,1441.504,1446.504,5,IMT candidate,synthetic_not_verified,synthetic_observation,1,SYNTHETIC_FOR_PIPELINE_TESTING
2023,B016,Telangana,Hyderabad,7103.197,7104.197,1,IMT candidate,synthetic_not_verified,synthetic_observation,0,SYNTHETIC_FOR_PIPELINE_TESTING
2024,B009,Delhi,New Delhi,2341.421,2361.421,20,IMT candidate,synthetic_not_verified,synthetic_observation,1,SYNTHETIC_FOR_PIPELINE_TESTING
2025,B018,Gujarat,Ahmedabad,38631.757,38671.757,40,IMT candidate,synthetic_not_verified,synthetic_observation,0,SYNTHETIC_FOR_PIPELINE_TESTING
2026,B010,Maharashtra,Mumbai,2597.512,2607.512,10,IMT candidate,synthetic_not_verified,synthetic_observation,0,SYNTHETIC_FOR_PIPELINE_TESTING
2027,B020,Karnataka,Bengaluru,70635.983,70640.983,5,IMT candidate,synthetic_not_verified,synthetic_observation,0,SYNTHETIC_FOR_PIPELINE_TESTING
2028,B025,Telangana,Hyderabad,5744.134,5764.134,20,WAS/RLAN,synthetic_not_verified,synthetic_observation,1,SYNTHETIC_FOR_PIPELINE_TESTING
2029,B009,Karnataka,Bengaluru,2318.865,2319.865,1,IMT candidate,synthetic_not_verified,synthetic_observation,0,SYNTHETIC_FOR_PIPELINE_TESTING
2030,B013,Tamil Nadu,Chennai,3510.783,3590.783,80,IMT candidate,synthetic_not_verified,synthetic_observation,0,SYNTHETIC_FOR_PIPELINE_TESTING
2031,B005,Tamil Nadu,Chennai,942.0,960.0,80,IMT candidate,synthetic_not_verified,synthetic_observation,0,SYNTHETIC_FOR_PIPELINE_TESTING
2032,B021,Tamil Nadu,Chennai,2469.43,2474.43,5,Low Power / RLAN,synthetic_not_verified,synthetic_observation,0,SYNTHETIC_FOR_PIPELINE_TESTING
2033,B007,Tamil Nadu,Chennai,1785.161,1805.161,20,IMT candidate,synthetic_not_verified,synthetic_observation,0,SYNTHETIC_FOR_PIPELINE_TESTING
2034,B018,Gujarat,Ahmedabad,38477.129,38497.129,20,IMT candidate,synthetic_not_verified,synthetic_observation,0,SYNTHETIC_FOR_PIPELINE_TESTING
2035,B020,West Bengal,Kolkata,70452.804,70453.804,1,IMT candidate,synthetic_not_verified,synthetic_observation,1,SYNTHETIC_FOR_PIPELINE_TESTING
2036,B015,Rajasthan,Jaipur,6629.378,6639.378,10,IMT candidate,synthetic_not_verified,synthetic_observation,0,SYNTHETIC_FOR_PIPELINE_TESTING
2037,B025,Maharashtra,Mumbai,5766.231,5767.231,1,WAS/RLAN,synthetic_not_verified,synthetic_observation,0,SYNTHETIC_FOR_PIPELINE_TESTING
2038,B004,Telangana,Hyderabad,900.722,905.722,5,IMT candidate,synthetic_not_verified,synthetic_observation,1,SYNTHETIC_FOR_PIPELINE_TESTING
2039,B001,Delhi,New Delhi,490.657,491.657,1,IMT candidate,synthetic_not_verified,synthetic_observation,1,SYNTHETIC_FOR_PIPELINE_TESTING
2040,B010,Tamil Nadu,Chennai,2601.271,2641.271,40,IMT candidate,synthetic_not_verified,synthetic_observation,0,SYNTHETIC_FOR_PIPELINE_TESTING
2041,B023,Karnataka,Bengaluru,5275.273,5315.273,40,WAS/RLAN,synthetic_not_verified,synthetic_observation,1,SYNTHETIC_FOR_PIPELINE_TESTING
2042,B024,Karnataka,Bengaluru,5583.625,5623.625,40,WAS/RLAN,synthetic_not_verified,synthetic_observation,1,SYNTHETIC_FOR_PIPELINE_TESTING
2043,B023,Karnataka,Bengaluru,5279.532,5299.532,20,WAS/RLAN,synthetic_not_verified,synthetic_observation,0,SYNTHETIC_FOR_PIPELINE_TESTING
2044,B013,Delhi,New Delhi,3546.727,3586.727,40,IMT candidate,synthetic_not_verified,synthetic_observation,0,SYNTHETIC_FOR_PIPELINE_TESTING
2045,B003,Telangana,Hyderabad,673.448,693.448,20,IMT candidate,synthetic_not_verified,synthetic_observation,0,SYNTHETIC_FOR_PIPELINE_TESTING
2046,B025,Maharashtra,Mumbai,5777.169,5817.169,40,WAS/RLAN,synthetic_not_verified,synthetic_observation,1,SYNTHETIC_FOR_PIPELINE_TESTING
2047,B020,Gujarat,Ahmedabad,69999.903,70079.903,80,IMT candidate,synthetic_not_verified,synthetic_observation,0,SYNTHETIC_FOR_PIPELINE_TESTING
2048,B025,Karnataka,Bengaluru,5751.233,5831.233,80,WAS/RLAN,synthetic_not_verified,synthetic_observation,0,SYNTHETIC_FOR_PIPELINE_TESTING
2049,B010,West Bengal,Kolkata,2636.185,2646.185,10,IMT candidate,synthetic_not_verified,synthetic_observation,0,SYNTHETIC_FOR_PIPELINE_TESTING
2050,B024,Maharashtra,Mumbai,5689.733,5699.733,10,WAS/RLAN,synthetic_not_verified,synthetic_observation,0,SYNTHETIC_FOR_PIPELINE_TESTING
2051,B004,West Bengal,Kolkata,897.464,937.464,40,IMT candidate,synthetic_not_verified,synthetic_observation,1,SYNTHETIC_FOR_PIPELINE_TESTING
2052,B013,Maharashtra,Mumbai,3521.126,3561.126,40,IMT candidate,synthetic_not_verified,synthetic_observation,0,SYNTHETIC_FOR_PIPELINE_TESTING
2053,B011,Karnataka,Bengaluru,3381.819,3391.819,10,IMT candidate,synthetic_not_verified,synthetic_observation,0,SYNTHETIC_FOR_PIPELINE_TESTING
2054,B015,Telangana,Hyderabad,6456.081,6476.081,20,IMT candidate,synthetic_not_verified,synthetic_observation,0,SYNTHETIC_FOR_PIPELINE_TESTING
2055,B008,Delhi,New Delhi,2117.784,2197.784,80,IMT candidate,synthetic_not_verified,synthetic_observation,0,SYNTHETIC_FOR_PIPELINE_TESTING
2056,B008,Rajasthan,Jaipur,2150.266,2155.266,5,IMT candidate,synthetic_not_verified,synthetic_observation,1,SYNTHETIC_FOR_PIPELINE_TESTING
2057,B023,Delhi,New Delhi,5308.933,5348.933,40,WAS/RLAN,synthetic_not_verified,synthetic_observation,0,SYNTHETIC_FOR_PIPELINE_TESTING
2058,B003,Delhi,New Delhi,866.947,886.947,20,IMT candidate,synthetic_not_verified,synthetic_observation,1,SYNTHETIC_FOR_PIPELINE_TESTING
2059,B012,Maharashtra,Mumbai,3410.492,3415.492,5,IMT candidate,synthetic_not_verified,synthetic_observation,0,SYNTHETIC_FOR_PIPELINE_TESTING
2060,B019,Rajasthan,Jaipur,43442.181,43452.181,10,IMT candidate,synthetic_not_verified,synthetic_observation,0,SYNTHETIC_FOR_PIPELINE_TESTING
2061,B021,Maharashtra,Mumbai,2428.901,2468.901,40,Low Power / RLAN,synthetic_not_verified,synthetic_observation,0,SYNTHETIC_FOR_PIPELINE_TESTING
2062,B015,Rajasthan,Jaipur,6673.861,6683.861,10,IMT candidate,synthetic_not_verified,synthetic_observation,1,SYNTHETIC_FOR_PIPELINE_TESTING
2063,B011,Karnataka,Bengaluru,3341.062,3342.062,1,IMT candidate,synthetic_not_verified,synthetic_observation,0,SYNTHETIC_FOR_PIPELINE_TESTING
2064,B016,Maharashtra,Mumbai,7070.963,7071.963,1,IMT candidate,synthetic_not_verified,synthetic_observation,0,SYNTHETIC_FOR_PIPELINE_TESTING
2065,B001,Rajasthan,Jaipur,526.785,566.785,40,IMT candidate,synthetic_not_verified,synthetic_observation,0,SYNTHETIC_FOR_PIPELINE_TESTING
2066,B015,Rajasthan,Jaipur,6704.359,6714.359,10,IMT candidate,synthetic_not_verified,synthetic_observation,0,SYNTHETIC_FOR_PIPELINE_TESTING
2067,B005,Tamil Nadu,Chennai,957.888,958.888,1,IMT candidate,synthetic_not_verified,synthetic_observation,0,SYNTHETIC_FOR_PIPELINE_TESTING
2068,B012,Karnataka,Bengaluru,3442.2,3452.2,10,IMT candidate,synthetic_not_verified,synthetic_observation,0,SYNTHETIC_FOR_PIPELINE_TESTING
2069,B021,Gujarat,Ahmedabad,2400.409,2480.409,80,Low Power / RLAN,synthetic_not_verified,synthetic_observation,1,SYNTHETIC_FOR_PIPELINE_TESTING
2070,B021,West Bengal,Kolkata,2407.41,2417.41,10,Low Power / RLAN,synthetic_not_verified,synthetic_observation,1,SYNTHETIC_FOR_PIPELINE_TESTING
2071,B007,Karnataka,Bengaluru,1963.606,1964.606,1,IMT candidate,synthetic_not_verified,synthetic_observation,0,SYNTHETIC_FOR_PIPELINE_TESTING
2072,B005,Karnataka,Bengaluru,946.353,956.353,10,IMT candidate,synthetic_not_verified,synthetic_observation,1,SYNTHETIC_FOR_PIPELINE_TESTING
2073,B003,Maharashtra,Mumbai,617.801,637.801,20,IMT candidate,synthetic_not_verified,synthetic_observation,1,SYNTHETIC_FOR_PIPELINE_TESTING
2074,B002,Rajasthan,Jaipur,585.0,610.0,80,IMT candidate,synthetic_not_verified,synthetic_observation,0,SYNTHETIC_FOR_PIPELINE_TESTING
2075,B011,Karnataka,Bengaluru,3384.955,3389.955,5,IMT candidate,synthetic_not_verified,synthetic_observation,0,SYNTHETIC_FOR_PIPELINE_TESTING
2076,B022,Rajasthan,Jaipur,5151.839,5231.839,80,WAS/RLAN,synthetic_not_verified,synthetic_observation,1,SYNTHETIC_FOR_PIPELINE_TESTING
2077,B016,Maharashtra,Mumbai,7026.368,7027.368,1,IMT candidate,synthetic_not_verified,synthetic_observation,0,SYNTHETIC_FOR_PIPELINE_TESTING
2078,B012,Gujarat,Ahmedabad,3433.438,3453.438,20,IMT candidate,synthetic_not_verified,synthetic_observation,1,SYNTHETIC_FOR_PIPELINE_TESTING
2079,B005,Delhi,New Delhi,942.0,960.0,20,IMT candidate,synthetic_not_verified,synthetic_observation,0,SYNTHETIC_FOR_PIPELINE_TESTING
2080,B015,Delhi,New Delhi,6559.511,6599.511,40,IMT candidate,synthetic_not_verified,synthetic_observation,1,SYNTHETIC_FOR_PIPELINE_TESTING
2081,B001,Karnataka,Bengaluru,475.564,515.564,40,IMT candidate,synthetic_not_verified,synthetic_observation,1,SYNTHETIC_FOR_PIPELINE_TESTING
2082,B002,Maharashtra,Mumbai,589.247,609.247,20,IMT candidate,synthetic_not_verified,synthetic_observation,0,SYNTHETIC_FOR_PIPELINE_TESTING
2083,B004,Tamil Nadu,Chennai,930.155,940.155,10,IMT candidate,synthetic_not_verified,synthetic_observation,1,SYNTHETIC_FOR_PIPELINE_TESTING
2084,B016,Telangana,Hyderabad,7040.039,7120.039,80,IMT candidate,synthetic_not_verified,synthetic_observation,1,SYNTHETIC_FOR_PIPELINE_TESTING
2085,B013,Gujarat,Ahmedabad,3534.282,3574.282,40,IMT candidate,synthetic_not_verified,synthetic_observation,0,SYNTHETIC_FOR_PIPELINE_TESTING
2086,B016,Delhi,New Delhi,7047.665,7048.665,1,IMT candidate,synthetic_not_verified,synthetic_observation,0,SYNTHETIC_FOR_PIPELINE_TESTING
2087,B008,Delhi,New Delhi,2142.052,2143.052,1,IMT candidate,synthetic_not_verified,synthetic_observation,0,SYNTHETIC_FOR_PIPELINE_TESTING
2088,B020,Karnataka,Bengaluru,69145.42,69146.42,1,IMT candidate,synthetic_not_verified,synthetic_observation,1,SYNTHETIC_FOR_PIPELINE_TESTING
2089,B018,Maharashtra,Mumbai,38813.806,38893.806,80,IMT candidate,synthetic_not_verified,synthetic_observation,0,SYNTHETIC_FOR_PIPELINE_TESTING
2090,B004,Delhi,New Delhi,900.497,920.497,20,IMT candidate,synthetic_not_verified,synthetic_observation,1,SYNTHETIC_FOR_PIPELINE_TESTING
2091,B008,Rajasthan,Jaipur,2160.47,2180.47,20,IMT candidate,synthetic_not_verified,synthetic_observation,0,SYNTHETIC_FOR_PIPELINE_TESTING
2092,B023,Telangana,Hyderabad,5297.797,5298.797,1,WAS/RLAN,synthetic_not_verified,synthetic_observation,0,SYNTHETIC_FOR_PIPELINE_TESTING
2093,B016,Telangana,Hyderabad,7026.461,7106.461,80,IMT candidate,synthetic_not_verified,synthetic_observation,0,SYNTHETIC_FOR_PIPELINE_TESTING
2094,B004,Tamil Nadu,Chennai,905.799,925.799,20,IMT candidate,synthetic_not_verified,synthetic_observation,0,SYNTHETIC_FOR_PIPELINE_TESTING
2095,B022,Gujarat,Ahmedabad,5175.294,5176.294,1,WAS/RLAN,synthetic_not_verified,synthetic_observation,0,SYNTHETIC_FOR_PIPELINE_TESTING
2096,B014,Karnataka,Bengaluru,3619.523,3659.523,40,IMT candidate,synthetic_not_verified,synthetic_observation,1,SYNTHETIC_FOR_PIPELINE_TESTING
2097,B006,Tamil Nadu,Chennai,1429.642,1509.642,80,IMT candidate,synthetic_not_verified,synthetic_observation,0,SYNTHETIC_FOR_PIPELINE_TESTING
2098,B020,West Bengal,Kolkata,70802.808,70822.808,20,IMT candidate,synthetic_not_verified,synthetic_observation,1,SYNTHETIC_FOR_PIPELINE_TESTING
2099,B010,Telangana,Hyderabad,2646.605,2666.605,20,IMT candidate,synthetic_not_verified,synthetic_observation,0,SYNTHETIC_FOR_PIPELINE_TESTING
2100,B012,Gujarat,Ahmedabad,3412.067,3417.067,5,IMT candidate,synthetic_not_verified,synthetic_observation,0,SYNTHETIC_FOR_PIPELINE_TESTING
2101,B010,Maharashtra,Mumbai,2594.771,2674.771,80,IMT candidate,synthetic_not_verified,synthetic_observation,1,SYNTHETIC_FOR_PIPELINE_TESTING
2102,B016,Karnataka,Bengaluru,7109.405,7110.405,1,IMT candidate,synthetic_not_verified,synthetic_observation,0,SYNTHETIC_FOR_PIPELINE_TESTING
2103,B007,Rajasthan,Jaipur,1807.887,1847.887,40,IMT candidate,synthetic_not_verified,synthetic_observation,1,SYNTHETIC_FOR_PIPELINE_TESTING
2104,B020,Karnataka,Bengaluru,69220.114,69230.114,10,IMT candidate,synthetic_not_verified,synthetic_observation,0,SYNTHETIC_FOR_PIPELINE_TESTING
2105,B022,Tamil Nadu,Chennai,5153.856,5233.856,80,WAS/RLAN,synthetic_not_verified,synthetic_observation,0,SYNTHETIC_FOR_PIPELINE_TESTING
2106,B018,Maharashtra,Mumbai,38519.119,38524.119,5,IMT candidate,synthetic_not_verified,synthetic_observation,0,SYNTHETIC_FOR_PIPELINE_TESTING
2107,B014,Rajasthan,Jaipur,3600.0,3670.0,80,IMT candidate,synthetic_not_verified,synthetic_observation,0,SYNTHETIC_FOR_PIPELINE_TESTING
2108,B018,Karnataka,Bengaluru,39630.562,39631.562,1,IMT candidate,synthetic_not_verified,synthetic_observation,0,SYNTHETIC_FOR_PIPELINE_TESTING
2109,B002,Delhi,New Delhi,587.856,592.856,5,IMT candidate,synthetic_not_verified,synthetic_observation,0,SYNTHETIC_FOR_PIPELINE_TESTING
2110,B012,Tamil Nadu,Chennai,3482.517,3492.517,10,IMT candidate,synthetic_not_verified,synthetic_observation,0,SYNTHETIC_FOR_PIPELINE_TESTING
2111,B001,Telangana,Hyderabad,477.206,482.206,5,IMT candidate,synthetic_not_verified,synthetic_observation,0,SYNTHETIC_FOR_PIPELINE_TESTING
2112,B007,Maharashtra,Mumbai,1809.301,1829.301,20,IMT candidate,synthetic_not_verified,synthetic_observation,0,SYNTHETIC_FOR_PIPELINE_TESTING
2113,B025,Karnataka,Bengaluru,5788.926,5808.926,20,WAS/RLAN,synthetic_not_verified,synthetic_observation,0,SYNTHETIC_FOR_PIPELINE_TESTING
2114,B011,Tamil Nadu,Chennai,3346.218,3386.218,40,IMT candidate,synthetic_not_verified,synthetic_observation,1,SYNTHETIC_FOR_PIPELINE_TESTING
2115,B021,Delhi,New Delhi,2422.159,2427.159,5,Low Power / RLAN,synthetic_not_verified,synthetic_observation,1,SYNTHETIC_FOR_PIPELINE_TESTING
2116,B016,Tamil Nadu,Chennai,7054.985,7094.985,40,IMT candidate,synthetic_not_verified,synthetic_observation,0,SYNTHETIC_FOR_PIPELINE_TESTING
2117,B012,Gujarat,Ahmedabad,3436.511,3446.511,10,IMT candidate,synthetic_not_verified,synthetic_observation,0,SYNTHETIC_FOR_PIPELINE_TESTING
2118,B020,West Bengal,Kolkata,67061.687,67101.687,40,IMT candidate,synthetic_not_verified,synthetic_observation,1,SYNTHETIC_FOR_PIPELINE_TESTING
2119,B010,Rajasthan,Jaipur,2577.645,2657.645,80,IMT candidate,synthetic_not_verified,synthetic_observation,1,SYNTHETIC_FOR_PIPELINE_TESTING
2120,B019,Maharashtra,Mumbai,42687.309,42688.309,1,IMT candidate,synthetic_not_verified,synthetic_observation,1,SYNTHETIC_FOR_PIPELINE_TESTING
2121,B025,Gujarat,Ahmedabad,5852.798,5857.798,5,WAS/RLAN,synthetic_not_verified,synthetic_observation,0,SYNTHETIC_FOR_PIPELINE_TESTING
2122,B014,Rajasthan,Jaipur,3641.968,3646.968,5,IMT candidate,synthetic_not_verified,synthetic_observation,0,SYNTHETIC_FOR_PIPELINE_TESTING
2123,B007,Gujarat,Ahmedabad,1903.399,1908.399,5,IMT candidate,synthetic_not_verified,synthetic_observation,1,SYNTHETIC_FOR_PIPELINE_TESTING
2124,B007,Telangana,Hyderabad,1854.489,1874.489,20,IMT candidate,synthetic_not_verified,synthetic_observation,0,SYNTHETIC_FOR_PIPELINE_TESTING
2125,B001,Gujarat,Ahmedabad,492.455,572.455,80,IMT candidate,synthetic_not_verified,synthetic_observation,1,SYNTHETIC_FOR_PIPELINE_TESTING
2126,B005,Maharashtra,Mumbai,942.0,960.0,80,IMT candidate,synthetic_not_verified,synthetic_observation,1,SYNTHETIC_FOR_PIPELINE_TESTING
2127,B016,Telangana,Hyderabad,7027.111,7107.111,80,IMT candidate,synthetic_not_verified,synthetic_observation,0,SYNTHETIC_FOR_PIPELINE_TESTING
2128,B002,Karnataka,Bengaluru,601.922,606.922,5,IMT candidate,synthetic_not_verified,synthetic_observation,0,SYNTHETIC_FOR_PIPELINE_TESTING
2129,B012,Tamil Nadu,Chennai,3433.627,3438.627,5,IMT candidate,synthetic_not_verified,synthetic_observation,0,SYNTHETIC_FOR_PIPELINE_TESTING
2130,B010,Karnataka,Bengaluru,2542.093,2582.093,40,IMT candidate,synthetic_not_verified,synthetic_observation,0,SYNTHETIC_FOR_PIPELINE_TESTING
2131,B005,Gujarat,Ahmedabad,951.039,952.039,1,IMT candidate,synthetic_not_verified,synthetic_observation,0,SYNTHETIC_FOR_PIPELINE_TESTING
2132,B013,Tamil Nadu,Chennai,3518.331,3523.331,5,IMT candidate,synthetic_not_verified,synthetic_observation,0,SYNTHETIC_FOR_PIPELINE_TESTING
2133,B025,Gujarat,Ahmedabad,5817.102,5857.102,40,WAS/RLAN,synthetic_not_verified,synthetic_observation,0,SYNTHETIC_FOR_PIPELINE_TESTING
2134,B021,West Bengal,Kolkata,2406.176,2426.176,20,Low Power / RLAN,synthetic_not_verified,synthetic_observation,0,SYNTHETIC_FOR_PIPELINE_TESTING
2135,B022,West Bengal,Kolkata,5189.717,5209.717,20,WAS/RLAN,synthetic_not_verified,synthetic_observation,0,SYNTHETIC_FOR_PIPELINE_TESTING
2136,B011,West Bengal,Kolkata,3365.301,3370.301,5,IMT candidate,synthetic_not_verified,synthetic_observation,0,SYNTHETIC_FOR_PIPELINE_TESTING
2137,B025,Tamil Nadu,Chennai,5787.969,5807.969,20,WAS/RLAN,synthetic_not_verified,synthetic_observation,1,SYNTHETIC_FOR_PIPELINE_TESTING
2138,B006,Maharashtra,Mumbai,1478.121,1483.121,5,IMT candidate,synthetic_not_verified,synthetic_observation,0,SYNTHETIC_FOR_PIPELINE_TESTING
2139,B017,West Bengal,Kolkata,25304.505,25324.505,20,IMT candidate,synthetic_not_verified,synthetic_observation,0,SYNTHETIC_FOR_PIPELINE_TESTING
2140,B017,Gujarat,Ahmedabad,25698.415,25778.415,80,IMT candidate,synthetic_not_verified,synthetic_observation,0,SYNTHETIC_FOR_PIPELINE_TESTING
2141,B016,Karnataka,Bengaluru,7070.913,7071.913,1,IMT candidate,synthetic_not_verified,synthetic_observation,1,SYNTHETIC_FOR_PIPELINE_TESTING
2142,B007,Gujarat,Ahmedabad,1815.943,1895.943,80,IMT candidate,synthetic_not_verified,synthetic_observation,1,SYNTHETIC_FOR_PIPELINE_TESTING
2143,B002,Karnataka,Bengaluru,585.0,610.0,40,IMT candidate,synthetic_not_verified,synthetic_observation,1,SYNTHETIC_FOR_PIPELINE_TESTING
2144,B023,Rajasthan,Jaipur,5279.092,5319.092,40,WAS/RLAN,synthetic_not_verified,synthetic_observation,0,SYNTHETIC_FOR_PIPELINE_TESTING
2145,B024,Tamil Nadu,Chennai,5704.321,5709.321,5,WAS/RLAN,synthetic_not_verified,synthetic_observation,1,SYNTHETIC_FOR_PIPELINE_TESTING
2146,B012,Telangana,Hyderabad,3409.849,3429.849,20,IMT candidate,synthetic_not_verified,synthetic_observation,1,SYNTHETIC_FOR_PIPELINE_TESTING
2147,B025,Delhi,New Delhi,5751.102,5752.102,1,WAS/RLAN,synthetic_not_verified,synthetic_observation,0,SYNTHETIC_FOR_PIPELINE_TESTING
2148,B017,Maharashtra,Mumbai,27261.763,27262.763,1,IMT candidate,synthetic_not_verified,synthetic_observation,1,SYNTHETIC_FOR_PIPELINE_TESTING
2149,B006,Gujarat,Ahmedabad,1437.692,1477.692,40,IMT candidate,synthetic_not_verified,synthetic_observation,0,SYNTHETIC_FOR_PIPELINE_TESTING
2150,B023,Rajasthan,Jaipur,5263.549,5283.549,20,WAS/RLAN,synthetic_not_verified,synthetic_observation,0,SYNTHETIC_FOR_PIPELINE_TESTING
2151,B015,Delhi,New Delhi,6835.565,6845.565,10,IMT candidate,synthetic_not_verified,synthetic_observation,1,SYNTHETIC_FOR_PIPELINE_TESTING
2152,B005,West Bengal,Kolkata,942.0,960.0,80,IMT candidate,synthetic_not_verified,synthetic_observation,0,SYNTHETIC_FOR_PIPELINE_TESTING
2153,B022,West Bengal,Kolkata,5198.953,5199.953,1,WAS/RLAN,synthetic_not_verified,synthetic_observation,0,SYNTHETIC_FOR_PIPELINE_TESTING
2154,B003,Delhi,New Delhi,689.547,690.547,1,IMT candidate,synthetic_not_verified,synthetic_observation,0,SYNTHETIC_FOR_PIPELINE_TESTING
2155,B015,Gujarat,Ahmedabad,6927.051,6967.051,40,IMT candidate,synthetic_not_verified,synthetic_observation,0,SYNTHETIC_FOR_PIPELINE_TESTING
2156,B010,West Bengal,Kolkata,2599.233,2679.233,80,IMT candidate,synthetic_not_verified,synthetic_observation,0,SYNTHETIC_FOR_PIPELINE_TESTING
2157,B002,Maharashtra,Mumbai,594.898,599.898,5,IMT candidate,synthetic_not_verified,synthetic_observation,0,SYNTHETIC_FOR_PIPELINE_TESTING
2158,B019,Gujarat,Ahmedabad,43285.465,43295.465,10,IMT candidate,synthetic_not_verified,synthetic_observation,1,SYNTHETIC_FOR_PIPELINE_TESTING
2159,B023,Telangana,Hyderabad,5284.9,5324.9,40,WAS/RLAN,synthetic_not_verified,synthetic_observation,1,SYNTHETIC_FOR_PIPELINE_TESTING
2160,B020,Delhi,New Delhi,66803.058,66823.058,20,IMT candidate,synthetic_not_verified,synthetic_observation,0,SYNTHETIC_FOR_PIPELINE_TESTING
2161,B003,Delhi,New Delhi,839.517,844.517,5,IMT candidate,synthetic_not_verified,synthetic_observation,1,SYNTHETIC_FOR_PIPELINE_TESTING
2162,B020,Maharashtra,Mumbai,70769.914,70779.914,10,IMT candidate,synthetic_not_verified,synthetic_observation,0,SYNTHETIC_FOR_PIPELINE_TESTING
2163,B006,Delhi,New Delhi,1482.455,1502.455,20,IMT candidate,synthetic_not_verified,synthetic_observation,0,SYNTHETIC_FOR_PIPELINE_TESTING
2164,B004,Maharashtra,Mumbai,918.241,928.241,10,IMT candidate,synthetic_not_verified,synthetic_observation,0,SYNTHETIC_FOR_PIPELINE_TESTING
2165,B022,Telangana,Hyderabad,5169.298,5249.298,80,WAS/RLAN,synthetic_not_verified,synthetic_observation,1,SYNTHETIC_FOR_PIPELINE_TESTING
2166,B013,Telangana,Hyderabad,3534.377,3574.377,40,IMT candidate,synthetic_not_verified,synthetic_observation,0,SYNTHETIC_FOR_PIPELINE_TESTING
2167,B001,Tamil Nadu,Chennai,499.788,579.788,80,IMT candidate,synthetic_not_verified,synthetic_observation,1,SYNTHETIC_FOR_PIPELINE_TESTING
2168,B001,Gujarat,Ahmedabad,561.232,562.232,1,IMT candidate,synthetic_not_verified,synthetic_observation,0,SYNTHETIC_FOR_PIPELINE_TESTING
2169,B018,West Bengal,Kolkata,39183.215,39188.215,5,IMT candidate,synthetic_not_verified,synthetic_observation,0,SYNTHETIC_FOR_PIPELINE_TESTING
2170,B007,West Bengal,Kolkata,1933.908,1938.908,5,IMT candidate,synthetic_not_verified,synthetic_observation,1,SYNTHETIC_FOR_PIPELINE_TESTING
2171,B003,Gujarat,Ahmedabad,737.333,757.333,20,IMT candidate,synthetic_not_verified,synthetic_observation,0,SYNTHETIC_FOR_PIPELINE_TESTING
2172,B015,Maharashtra,Mumbai,6621.459,6661.459,40,IMT candidate,synthetic_not_verified,synthetic_observation,0,SYNTHETIC_FOR_PIPELINE_TESTING
2173,B010,Maharashtra,Mumbai,2614.258,2619.258,5,IMT candidate,synthetic_not_verified,synthetic_observation,0,SYNTHETIC_FOR_PIPELINE_TESTING
2174,B021,Tamil Nadu,Chennai,2410.383,2420.383,10,Low Power / RLAN,synthetic_not_verified,synthetic_observation,0,SYNTHETIC_FOR_PIPELINE_TESTING
2175,B010,Maharashtra,Mumbai,2514.348,2515.348,1,IMT candidate,synthetic_not_verified,synthetic_observation,1,SYNTHETIC_FOR_PIPELINE_TESTING
2176,B011,Telangana,Hyderabad,3386.436,3396.436,10,IMT candidate,synthetic_not_verified,synthetic_observation,1,SYNTHETIC_FOR_PIPELINE_TESTING
2177,B006,Karnataka,Bengaluru,1485.066,1490.066,5,IMT candidate,synthetic_not_verified,synthetic_observation,1,SYNTHETIC_FOR_PIPELINE_TESTING
2178,B016,Karnataka,Bengaluru,7088.777,7108.777,20,IMT candidate,synthetic_not_verified,synthetic_observation,1,SYNTHETIC_FOR_PIPELINE_TESTING
2179,B013,Rajasthan,Jaipur,3518.76,3598.76,80,IMT candidate,synthetic_not_verified,synthetic_observation,1,SYNTHETIC_FOR_PIPELINE_TESTING
2180,B020,West Bengal,Kolkata,67223.685,67303.685,80,IMT candidate,synthetic_not_verified,synthetic_observation,0,SYNTHETIC_FOR_PIPELINE_TESTING
2181,B023,Rajasthan,Jaipur,5288.977,5328.977,40,WAS/RLAN,synthetic_not_verified,synthetic_observation,0,SYNTHETIC_FOR_PIPELINE_TESTING
2182,B005,Maharashtra,Mumbai,947.967,952.967,5,IMT candidate,synthetic_not_verified,synthetic_observation,0,SYNTHETIC_FOR_PIPELINE_TESTING
2183,B008,Gujarat,Ahmedabad,2166.326,2171.326,5,IMT candidate,synthetic_not_verified,synthetic_observation,0,SYNTHETIC_FOR_PIPELINE_TESTING
2184,B017,Telangana,Hyderabad,26267.997,26287.997,20,IMT candidate,synthetic_not_verified,synthetic_observation,0,SYNTHETIC_FOR_PIPELINE_TESTING
2185,B024,Karnataka,Bengaluru,5662.86,5672.86,10,WAS/RLAN,synthetic_not_verified,synthetic_observation,0,SYNTHETIC_FOR_PIPELINE_TESTING
2186,B005,Delhi,New Delhi,942.0,960.0,40,IMT candidate,synthetic_not_verified,synthetic_observation,1,SYNTHETIC_FOR_PIPELINE_TESTING
2187,B012,Rajasthan,Jaipur,3460.555,3465.555,5,IMT candidate,synthetic_not_verified,synthetic_observation,1,SYNTHETIC_FOR_PIPELINE_TESTING
2188,B011,Gujarat,Ahmedabad,3303.368,3383.368,80,IMT candidate,synthetic_not_verified,synthetic_observation,1,SYNTHETIC_FOR_PIPELINE_TESTING
2189,B007,Delhi,New Delhi,1773.517,1853.517,80,IMT candidate,synthetic_not_verified,synthetic_observation,1,SYNTHETIC_FOR_PIPELINE_TESTING
2190,B013,Gujarat,Ahmedabad,3550.689,3555.689,5,IMT candidate,synthetic_not_verified,synthetic_observation,0,SYNTHETIC_FOR_PIPELINE_TESTING
2191,B006,Maharashtra,Mumbai,1471.35,1472.35,1,IMT candidate,synthetic_not_verified,synthetic_observation,1,SYNTHETIC_FOR_PIPELINE_TESTING
2192,B019,Tamil Nadu,Chennai,43272.889,43273.889,1,IMT candidate,synthetic_not_verified,synthetic_observation,0,SYNTHETIC_FOR_PIPELINE_TESTING
2193,B018,Tamil Nadu,Chennai,39115.874,39120.874,5,IMT candidate,synthetic_not_verified,synthetic_observation,0,SYNTHETIC_FOR_PIPELINE_TESTING
2194,B010,West Bengal,Kolkata,2668.542,2688.542,20,IMT candidate,synthetic_not_verified,synthetic_observation,0,SYNTHETIC_FOR_PIPELINE_TESTING
2195,B002,West Bengal,Kolkata,585.0,610.0,40,IMT candidate,synthetic_not_verified,synthetic_observation,0,SYNTHETIC_FOR_PIPELINE_TESTING
2196,B005,Delhi,New Delhi,948.279,958.279,10,IMT candidate,synthetic_not_verified,synthetic_observation,0,SYNTHETIC_FOR_PIPELINE_TESTING
2197,B016,Karnataka,Bengaluru,7098.09,7118.09,20,IMT candidate,synthetic_not_verified,synthetic_observation,0,SYNTHETIC_FOR_PIPELINE_TESTING
2198,B021,Karnataka,Bengaluru,2438.312,2478.312,40,Low Power / RLAN,synthetic_not_verified,synthetic_observation,0,SYNTHETIC_FOR_PIPELINE_TESTING
2199,B025,Karnataka,Bengaluru,5793.589,5833.589,40,WAS/RLAN,synthetic_not_verified,synthetic_observation,0,SYNTHETIC_FOR_PIPELINE_TESTING
2200,B023,Gujarat,Ahmedabad,5328.45,5348.45,20,WAS/RLAN,synthetic_not_verified,synthetic_observation,1,SYNTHETIC_FOR_PIPELINE_TESTING
2201,B006,Rajasthan,Jaipur,1499.528,1500.528,1,IMT candidate,synthetic_not_verified,synthetic_observation,1,SYNTHETIC_FOR_PIPELINE_TESTING
2202,B020,Telangana,Hyderabad,68953.105,68963.105,10,IMT candidate,synthetic_not_verified,synthetic_observation,1,SYNTHETIC_FOR_PIPELINE_TESTING
2203,B013,Telangana,Hyderabad,3573.155,3593.155,20,IMT candidate,synthetic_not_verified,synthetic_observation,0,SYNTHETIC_FOR_PIPELINE_TESTING
2204,B025,Tamil Nadu,Chennai,5858.996,5868.996,10,WAS/RLAN,synthetic_not_verified,synthetic_observation,0,SYNTHETIC_FOR_PIPELINE_TESTING
2205,B011,Maharashtra,Mumbai,3302.595,3382.595,80,IMT candidate,synthetic_not_verified,synthetic_observation,0,SYNTHETIC_FOR_PIPELINE_TESTING
2206,B005,Maharashtra,Mumbai,943.944,948.944,5,IMT candidate,synthetic_not_verified,synthetic_observation,1,SYNTHETIC_FOR_PIPELINE_TESTING
2207,B015,Gujarat,Ahmedabad,6724.786,6725.786,1,IMT candidate,synthetic_not_verified,synthetic_observation,1,SYNTHETIC_FOR_PIPELINE_TESTING
2208,B019,West Bengal,Kolkata,42616.935,42617.935,1,IMT candidate,synthetic_not_verified,synthetic_observation,0,SYNTHETIC_FOR_PIPELINE_TESTING
2209,B017,Gujarat,Ahmedabad,27209.086,27219.086,10,IMT candidate,synthetic_not_verified,synthetic_observation,0,SYNTHETIC_FOR_PIPELINE_TESTING
2210,B023,Karnataka,Bengaluru,5298.646,5338.646,40,WAS/RLAN,synthetic_not_verified,synthetic_observation,0,SYNTHETIC_FOR_PIPELINE_TESTING
2211,B022,Karnataka,Bengaluru,5164.182,5204.182,40,WAS/RLAN,synthetic_not_verified,synthetic_observation,0,SYNTHETIC_FOR_PIPELINE_TESTING
2212,B025,Maharashtra,Mumbai,5779.36,5780.36,1,WAS/RLAN,synthetic_not_verified,synthetic_observation,0,SYNTHETIC_FOR_PIPELINE_TESTING
2213,B003,West Bengal,Kolkata,839.158,840.158,1,IMT candidate,synthetic_not_verified,synthetic_observation,1,SYNTHETIC_FOR_PIPELINE_TESTING
2214,B013,Maharashtra,Mumbai,3500.402,3501.402,1,IMT candidate,synthetic_not_verified,synthetic_observation,1,SYNTHETIC_FOR_PIPELINE_TESTING
2215,B016,Gujarat,Ahmedabad,7098.552,7118.552,20,IMT candidate,synthetic_not_verified,synthetic_observation,1,SYNTHETIC_FOR_PIPELINE_TESTING
2216,B004,Maharashtra,Mumbai,896.512,901.512,5,IMT candidate,synthetic_not_verified,synthetic_observation,1,SYNTHETIC_FOR_PIPELINE_TESTING
2217,B024,Telangana,Hyderabad,5595.426,5675.426,80,WAS/RLAN,synthetic_not_verified,synthetic_observation,0,SYNTHETIC_FOR_PIPELINE_TESTING
2218,B010,Tamil Nadu,Chennai,2559.659,2564.659,5,IMT candidate,synthetic_not_verified,synthetic_observation,0,SYNTHETIC_FOR_PIPELINE_TESTING
2219,B007,Maharashtra,Mumbai,1956.157,1961.157,5,IMT candidate,synthetic_not_verified,synthetic_observation,0,SYNTHETIC_FOR_PIPELINE_TESTING
2220,B024,Maharashtra,Mumbai,5632.254,5642.254,10,WAS/RLAN,synthetic_not_verified,synthetic_observation,1,SYNTHETIC_FOR_PIPELINE_TESTING
2221,B006,Delhi,New Delhi,1499.876,1509.876,10,IMT candidate,synthetic_not_verified,synthetic_observation,0,SYNTHETIC_FOR_PIPELINE_TESTING
2222,B021,Telangana,Hyderabad,2400.092,2480.092,80,Low Power / RLAN,synthetic_not_verified,synthetic_observation,0,SYNTHETIC_FOR_PIPELINE_TESTING
2223,B004,Karnataka,Bengaluru,918.154,923.154,5,IMT candidate,synthetic_not_verified,synthetic_observation,0,SYNTHETIC_FOR_PIPELINE_TESTING
2224,B012,Rajasthan,Jaipur,3486.684,3496.684,10,IMT candidate,synthetic_not_verified,synthetic_observation,0,SYNTHETIC_FOR_PIPELINE_TESTING
2225,B006,Maharashtra,Mumbai,1492.427,1502.427,10,IMT candidate,synthetic_not_verified,synthetic_observation,1,SYNTHETIC_FOR_PIPELINE_TESTING
2226,B025,Karnataka,Bengaluru,5793.723,5794.723,1,WAS/RLAN,synthetic_not_verified,synthetic_observation,0,SYNTHETIC_FOR_PIPELINE_TESTING
2227,B022,Rajasthan,Jaipur,5173.352,5193.352,20,WAS/RLAN,synthetic_not_verified,synthetic_observation,1,SYNTHETIC_FOR_PIPELINE_TESTING
2228,B002,Rajasthan,Jaipur,607.49,608.49,1,IMT candidate,synthetic_not_verified,synthetic_observation,0,SYNTHETIC_FOR_PIPELINE_TESTING
2229,B011,Karnataka,Bengaluru,3372.655,3373.655,1,IMT candidate,synthetic_not_verified,synthetic_observation,0,SYNTHETIC_FOR_PIPELINE_TESTING
2230,B017,Gujarat,Ahmedabad,24412.447,24432.447,20,IMT candidate,synthetic_not_verified,synthetic_observation,0,SYNTHETIC_FOR_PIPELINE_TESTING
2231,B024,Telangana,Hyderabad,5643.66,5644.66,1,WAS/RLAN,synthetic_not_verified,synthetic_observation,0,SYNTHETIC_FOR_PIPELINE_TESTING
2232,B014,Maharashtra,Mumbai,3601.696,3621.696,20,IMT candidate,synthetic_not_verified,synthetic_observation,0,SYNTHETIC_FOR_PIPELINE_TESTING
2233,B013,West Bengal,Kolkata,3598.927,3599.927,1,IMT candidate,synthetic_not_verified,synthetic_observation,0,SYNTHETIC_FOR_PIPELINE_TESTING
2234,B024,Tamil Nadu,Chennai,5698.406,5718.406,20,WAS/RLAN,synthetic_not_verified,synthetic_observation,1,SYNTHETIC_FOR_PIPELINE_TESTING
2235,B009,West Bengal,Kolkata,2316.129,2396.129,80,IMT candidate,synthetic_not_verified,synthetic_observation,1,SYNTHETIC_FOR_PIPELINE_TESTING
2236,B019,Maharashtra,Mumbai,42786.701,42806.701,20,IMT candidate,synthetic_not_verified,synthetic_observation,0,SYNTHETIC_FOR_PIPELINE_TESTING
2237,B004,Maharashtra,Mumbai,896.43,936.43,40,IMT candidate,synthetic_not_verified,synthetic_observation,0,SYNTHETIC_FOR_PIPELINE_TESTING
2238,B008,Karnataka,Bengaluru,2148.228,2188.228,40,IMT candidate,synthetic_not_verified,synthetic_observation,0,SYNTHETIC_FOR_PIPELINE_TESTING
2239,B005,Delhi,New Delhi,943.331,953.331,10,IMT candidate,synthetic_not_verified,synthetic_observation,0,SYNTHETIC_FOR_PIPELINE_TESTING
2240,B018,Delhi,New Delhi,37333.324,37353.324,20,IMT candidate,synthetic_not_verified,synthetic_observation,1,SYNTHETIC_FOR_PIPELINE_TESTING
2241,B008,Tamil Nadu,Chennai,2177.283,2187.283,10,IMT candidate,synthetic_not_verified,synthetic_observation,0,SYNTHETIC_FOR_PIPELINE_TESTING
2242,B002,Maharashtra,Mumbai,603.35,608.35,5,IMT candidate,synthetic_not_verified,synthetic_observation,0,SYNTHETIC_FOR_PIPELINE_TESTING
2243,B005,Telangana,Hyderabad,942.04,952.04,10,IMT candidate,synthetic_not_verified,synthetic_observation,1,SYNTHETIC_FOR_PIPELINE_TESTING
2244,B016,Delhi,New Delhi,7064.69,7104.69,40,IMT candidate,synthetic_not_verified,synthetic_observation,0,SYNTHETIC_FOR_PIPELINE_TESTING
2245,B002,Delhi,New Delhi,586.929,596.929,10,IMT candidate,synthetic_not_verified,synthetic_observation,0,SYNTHETIC_FOR_PIPELINE_TESTING
2246,B016,Telangana,Hyderabad,7052.027,7057.027,5,IMT candidate,synthetic_not_verified,synthetic_observation,0,SYNTHETIC_FOR_PIPELINE_TESTING
2247,B007,Gujarat,Ahmedabad,1874.516,1879.516,5,IMT candidate,synthetic_not_verified,synthetic_observation,1,SYNTHETIC_FOR_PIPELINE_TESTING
2248,B025,Maharashtra,Mumbai,5776.375,5777.375,1,WAS/RLAN,synthetic_not_verified,synthetic_observation,0,SYNTHETIC_FOR_PIPELINE_TESTING
2249,B013,Rajasthan,Jaipur,3524.626,3544.626,20,IMT candidate,synthetic_not_verified,synthetic_observation,1,SYNTHETIC_FOR_PIPELINE_TESTING
2250,B015,Rajasthan,Jaipur,6646.913,6656.913,10,IMT candidate,synthetic_not_verified,synthetic_observation,0,SYNTHETIC_FOR_PIPELINE_TESTING
2251,B004,Telangana,Hyderabad,892.026,932.026,40,IMT candidate,synthetic_not_verified,synthetic_observation,0,SYNTHETIC_FOR_PIPELINE_TESTING
2252,B024,Maharashtra,Mumbai,5614.046,5654.046,40,WAS/RLAN,synthetic_not_verified,synthetic_observation,0,SYNTHETIC_FOR_PIPELINE_TESTING
2253,B001,Karnataka,Bengaluru,515.371,525.371,10,IMT candidate,synthetic_not_verified,synthetic_observation,0,SYNTHETIC_FOR_PIPELINE_TESTING
2254,B020,Karnataka,Bengaluru,69657.861,69697.861,40,IMT candidate,synthetic_not_verified,synthetic_observation,1,SYNTHETIC_FOR_PIPELINE_TESTING
2255,B023,Gujarat,Ahmedabad,5296.329,5297.329,1,WAS/RLAN,synthetic_not_verified,synthetic_observation,0,SYNTHETIC_FOR_PIPELINE_TESTING
2256,B015,Telangana,Hyderabad,6444.142,6484.142,40,IMT candidate,synthetic_not_verified,synthetic_observation,0,SYNTHETIC_FOR_PIPELINE_TESTING
2257,B005,Karnataka,Bengaluru,942.0,960.0,40,IMT candidate,synthetic_not_verified,synthetic_observation,0,SYNTHETIC_FOR_PIPELINE_TESTING
2258,B017,Delhi,New Delhi,25073.996,25153.996,80,IMT candidate,synthetic_not_verified,synthetic_observation,0,SYNTHETIC_FOR_PIPELINE_TESTING
2259,B007,Karnataka,Bengaluru,2000.788,2020.788,20,IMT candidate,synthetic_not_verified,synthetic_observation,1,SYNTHETIC_FOR_PIPELINE_TESTING
2260,B017,Rajasthan,Jaipur,27446.243,27451.243,5,IMT candidate,synthetic_not_verified,synthetic_observation,0,SYNTHETIC_FOR_PIPELINE_TESTING
2261,B014,Rajasthan,Jaipur,3640.485,3660.485,20,IMT candidate,synthetic_not_verified,synthetic_observation,1,SYNTHETIC_FOR_PIPELINE_TESTING
2262,B002,West Bengal,Kolkata,585.0,610.0,40,IMT candidate,synthetic_not_verified,synthetic_observation,0,SYNTHETIC_FOR_PIPELINE_TESTING
2263,B015,Karnataka,Bengaluru,6877.275,6897.275,20,IMT candidate,synthetic_not_verified,synthetic_observation,1,SYNTHETIC_FOR_PIPELINE_TESTING
2264,B005,Maharashtra,Mumbai,942.0,960.0,80,IMT candidate,synthetic_not_verified,synthetic_observation,0,SYNTHETIC_FOR_PIPELINE_TESTING
2265,B008,West Bengal,Kolkata,2169.596,2174.596,5,IMT candidate,synthetic_not_verified,synthetic_observation,1,SYNTHETIC_FOR_PIPELINE_TESTING
2266,B013,Telangana,Hyderabad,3528.903,3568.903,40,IMT candidate,synthetic_not_verified,synthetic_observation,0,SYNTHETIC_FOR_PIPELINE_TESTING
2267,B014,Tamil Nadu,Chennai,3600.035,3610.035,10,IMT candidate,synthetic_not_verified,synthetic_observation,1,SYNTHETIC_FOR_PIPELINE_TESTING
2268,B023,Telangana,Hyderabad,5260.376,5300.376,40,WAS/RLAN,synthetic_not_verified,synthetic_observation,1,SYNTHETIC_FOR_PIPELINE_TESTING
2269,B016,West Bengal,Kolkata,7039.981,7044.981,5,IMT candidate,synthetic_not_verified,synthetic_observation,0,SYNTHETIC_FOR_PIPELINE_TESTING
2270,B020,West Bengal,Kolkata,69477.535,69487.535,10,IMT candidate,synthetic_not_verified,synthetic_observation,1,SYNTHETIC_FOR_PIPELINE_TESTING
2271,B014,Karnataka,Bengaluru,3658.628,3659.628,1,IMT candidate,synthetic_not_verified,synthetic_observation,1,SYNTHETIC_FOR_PIPELINE_TESTING
2272,B001,Rajasthan,Jaipur,484.303,485.303,1,IMT candidate,synthetic_not_verified,synthetic_observation,1,SYNTHETIC_FOR_PIPELINE_TESTING
2273,B017,Tamil Nadu,Chennai,27311.56,27312.56,1,IMT candidate,synthetic_not_verified,synthetic_observation,0,SYNTHETIC_FOR_PIPELINE_TESTING
2274,B012,West Bengal,Kolkata,3410.881,3450.881,40,IMT candidate,synthetic_not_verified,synthetic_observation,1,SYNTHETIC_FOR_PIPELINE_TESTING
2275,B010,Karnataka,Bengaluru,2619.378,2659.378,40,IMT candidate,synthetic_not_verified,synthetic_observation,1,SYNTHETIC_FOR_PIPELINE_TESTING
2276,B014,Delhi,New Delhi,3648.408,3668.408,20,IMT candidate,synthetic_not_verified,synthetic_observation,1,SYNTHETIC_FOR_PIPELINE_TESTING
2277,B009,Tamil Nadu,Chennai,2314.07,2394.07,80,IMT candidate,synthetic_not_verified,synthetic_observation,0,SYNTHETIC_FOR_PIPELINE_TESTING
2278,B025,Gujarat,Ahmedabad,5772.201,5773.201,1,WAS/RLAN,synthetic_not_verified,synthetic_observation,1,SYNTHETIC_FOR_PIPELINE_TESTING
2279,B006,Telangana,Hyderabad,1448.766,1468.766,20,IMT candidate,synthetic_not_verified,synthetic_observation,1,SYNTHETIC_FOR_PIPELINE_TESTING
2280,B009,Tamil Nadu,Chennai,2362.063,2363.063,1,IMT candidate,synthetic_not_verified,synthetic_observation,1,SYNTHETIC_FOR_PIPELINE_TESTING
2281,B004,Telangana,Hyderabad,895.805,900.805,5,IMT candidate,synthetic_not_verified,synthetic_observation,1,SYNTHETIC_FOR_PIPELINE_TESTING
2282,B023,Maharashtra,Mumbai,5332.979,5342.979,10,WAS/RLAN,synthetic_not_verified,synthetic_observation,0,SYNTHETIC_FOR_PIPELINE_TESTING
2283,B003,Maharashtra,Mumbai,744.045,754.045,10,IMT candidate,synthetic_not_verified,synthetic_observation,0,SYNTHETIC_FOR_PIPELINE_TESTING
2284,B012,Tamil Nadu,Chennai,3425.654,3426.654,1,IMT candidate,synthetic_not_verified,synthetic_observation,1,SYNTHETIC_FOR_PIPELINE_TESTING
2285,B018,Delhi,New Delhi,38906.946,38986.946,80,IMT candidate,synthetic_not_verified,synthetic_observation,1,SYNTHETIC_FOR_PIPELINE_TESTING
2286,B016,Delhi,New Delhi,7026.003,7036.003,10,IMT candidate,synthetic_not_verified,synthetic_observation,0,SYNTHETIC_FOR_PIPELINE_TESTING
2287,B020,Telangana,Hyderabad,66714.36,66734.36,20,IMT candidate,synthetic_not_verified,synthetic_observation,0,SYNTHETIC_FOR_PIPELINE_TESTING
2288,B004,Karnataka,Bengaluru,898.646,938.646,40,IMT candidate,synthetic_not_verified,synthetic_observation,0,SYNTHETIC_FOR_PIPELINE_TESTING
2289,B003,West Bengal,Kolkata,619.037,639.037,20,IMT candidate,synthetic_not_verified,synthetic_observation,0,SYNTHETIC_FOR_PIPELINE_TESTING
2290,B024,Tamil Nadu,Chennai,5489.152,5499.152,10,WAS/RLAN,synthetic_not_verified,synthetic_observation,1,SYNTHETIC_FOR_PIPELINE_TESTING
2291,B010,Tamil Nadu,Chennai,2504.421,2524.421,20,IMT candidate,synthetic_not_verified,synthetic_observation,1,SYNTHETIC_FOR_PIPELINE_TESTING
2292,B001,Rajasthan,Jaipur,503.125,513.125,10,IMT candidate,synthetic_not_verified,synthetic_observation,0,SYNTHETIC_FOR_PIPELINE_TESTING
2293,B017,Karnataka,Bengaluru,24967.66,24968.66,1,IMT candidate,synthetic_not_verified,synthetic_observation,0,SYNTHETIC_FOR_PIPELINE_TESTING
2294,B014,Telangana,Hyderabad,3605.726,3610.726,5,IMT candidate,synthetic_not_verified,synthetic_observation,0,SYNTHETIC_FOR_PIPELINE_TESTING
2295,B012,Karnataka,Bengaluru,3411.43,3421.43,10,IMT candidate,synthetic_not_verified,synthetic_observation,1,SYNTHETIC_FOR_PIPELINE_TESTING
2296,B017,West Bengal,Kolkata,25281.555,25282.555,1,IMT candidate,synthetic_not_verified,synthetic_observation,1,SYNTHETIC_FOR_PIPELINE_TESTING
2297,B015,Delhi,New Delhi,6792.682,6812.682,20,IMT candidate,synthetic_not_verified,synthetic_observation,0,SYNTHETIC_FOR_PIPELINE_TESTING
2298,B023,Rajasthan,Jaipur,5312.186,5313.186,1,WAS/RLAN,synthetic_not_verified,synthetic_observation,0,SYNTHETIC_FOR_PIPELINE_TESTING
2299,B018,Telangana,Hyderabad,37873.929,37874.929,1,IMT candidate,synthetic_not_verified,synthetic_observation,0,SYNTHETIC_FOR_PIPELINE_TESTING
2300,B002,Gujarat,Ahmedabad,585.0,610.0,80,IMT candidate,synthetic_not_verified,synthetic_observation,0,SYNTHETIC_FOR_PIPELINE_TESTING
2301,B011,Maharashtra,Mumbai,3319.044,3399.044,80,IMT candidate,synthetic_not_verified,synthetic_observation,1,SYNTHETIC_FOR_PIPELINE_TESTING
2302,B006,Delhi,New Delhi,1464.061,1469.061,5,IMT candidate,synthetic_not_verified,synthetic_observation,1,SYNTHETIC_FOR_PIPELINE_TESTING
2303,B009,Rajasthan,Jaipur,2342.314,2362.314,20,IMT candidate,synthetic_not_verified,synthetic_observation,1,SYNTHETIC_FOR_PIPELINE_TESTING
2304,B001,Maharashtra,Mumbai,496.129,501.129,5,IMT candidate,synthetic_not_verified,synthetic_observation,1,SYNTHETIC_FOR_PIPELINE_TESTING
2305,B020,West Bengal,Kolkata,67374.434,67379.434,5,IMT candidate,synthetic_not_verified,synthetic_observation,0,SYNTHETIC_FOR_PIPELINE_TESTING
2306,B005,Maharashtra,Mumbai,946.701,956.701,10,IMT candidate,synthetic_not_verified,synthetic_observation,1,SYNTHETIC_FOR_PIPELINE_TESTING
2307,B009,Delhi,New Delhi,2318.634,2398.634,80,IMT candidate,synthetic_not_verified,synthetic_observation,0,SYNTHETIC_FOR_PIPELINE_TESTING
2308,B012,Karnataka,Bengaluru,3478.948,3498.948,20,IMT candidate,synthetic_not_verified,synthetic_observation,0,SYNTHETIC_FOR_PIPELINE_TESTING
2309,B003,Karnataka,Bengaluru,715.723,795.723,80,IMT candidate,synthetic_not_verified,synthetic_observation,0,SYNTHETIC_FOR_PIPELINE_TESTING
2310,B007,Karnataka,Bengaluru,1883.339,1893.339,10,IMT candidate,synthetic_not_verified,synthetic_observation,0,SYNTHETIC_FOR_PIPELINE_TESTING
2311,B024,Rajasthan,Jaipur,5718.611,5723.611,5,WAS/RLAN,synthetic_not_verified,synthetic_observation,0,SYNTHETIC_FOR_PIPELINE_TESTING
2312,B017,Telangana,Hyderabad,24695.078,24700.078,5,IMT candidate,synthetic_not_verified,synthetic_observation,1,SYNTHETIC_FOR_PIPELINE_TESTING
2313,B005,West Bengal,Kolkata,949.569,959.569,10,IMT candidate,synthetic_not_verified,synthetic_observation,0,SYNTHETIC_FOR_PIPELINE_TESTING
2314,B004,Telangana,Hyderabad,894.644,914.644,20,IMT candidate,synthetic_not_verified,synthetic_observation,0,SYNTHETIC_FOR_PIPELINE_TESTING
2315,B025,Telangana,Hyderabad,5767.008,5777.008,10,WAS/RLAN,synthetic_not_verified,synthetic_observation,0,SYNTHETIC_FOR_PIPELINE_TESTING
2316,B023,West Bengal,Kolkata,5313.998,5314.998,1,WAS/RLAN,synthetic_not_verified,synthetic_observation,1,SYNTHETIC_FOR_PIPELINE_TESTING
2317,B009,West Bengal,Kolkata,2323.456,2363.456,40,IMT candidate,synthetic_not_verified,synthetic_observation,0,SYNTHETIC_FOR_PIPELINE_TESTING
2318,B010,Tamil Nadu,Chennai,2549.313,2554.313,5,IMT candidate,synthetic_not_verified,synthetic_observation,1,SYNTHETIC_FOR_PIPELINE_TESTING
2319,B020,Rajasthan,Jaipur,66129.863,66149.863,20,IMT candidate,synthetic_not_verified,synthetic_observation,0,SYNTHETIC_FOR_PIPELINE_TESTING
2320,B005,Rajasthan,Jaipur,942.0,960.0,20,IMT candidate,synthetic_not_verified,synthetic_observation,0,SYNTHETIC_FOR_PIPELINE_TESTING
2321,B023,Maharashtra,Mumbai,5278.78,5298.78,20,WAS/RLAN,synthetic_not_verified,synthetic_observation,1,SYNTHETIC_FOR_PIPELINE_TESTING
2322,B014,Gujarat,Ahmedabad,3610.717,3650.717,40,IMT candidate,synthetic_not_verified,synthetic_observation,0,SYNTHETIC_FOR_PIPELINE_TESTING
2323,B012,Delhi,New Delhi,3428.667,3448.667,20,IMT candidate,synthetic_not_verified,synthetic_observation,0,SYNTHETIC_FOR_PIPELINE_TESTING
2324,B006,Maharashtra,Mumbai,1431.763,1471.763,40,IMT candidate,synthetic_not_verified,synthetic_observation,0,SYNTHETIC_FOR_PIPELINE_TESTING
2325,B005,Maharashtra,Mumbai,942.0,960.0,20,IMT candidate,synthetic_not_verified,synthetic_observation,0,SYNTHETIC_FOR_PIPELINE_TESTING
2326,B024,Rajasthan,Jaipur,5562.804,5582.804,20,WAS/RLAN,synthetic_not_verified,synthetic_observation,1,SYNTHETIC_FOR_PIPELINE_TESTING
2327,B002,Karnataka,Bengaluru,593.123,603.123,10,IMT candidate,synthetic_not_verified,synthetic_observation,1,SYNTHETIC_FOR_PIPELINE_TESTING
2328,B017,Tamil Nadu,Chennai,26248.373,26288.373,40,IMT candidate,synthetic_not_verified,synthetic_observation,1,SYNTHETIC_FOR_PIPELINE_TESTING
2329,B023,Rajasthan,Jaipur,5331.353,5332.353,1,WAS/RLAN,synthetic_not_verified,synthetic_observation,1,SYNTHETIC_FOR_PIPELINE_TESTING
2330,B020,Tamil Nadu,Chennai,69074.093,69094.093,20,IMT candidate,synthetic_not_verified,synthetic_observation,1,SYNTHETIC_FOR_PIPELINE_TESTING
2331,B015,Rajasthan,Jaipur,6986.009,6996.009,10,IMT candidate,synthetic_not_verified,synthetic_observation,0,SYNTHETIC_FOR_PIPELINE_TESTING
2332,B006,Telangana,Hyderabad,1468.673,1488.673,20,IMT candidate,synthetic_not_verified,synthetic_observation,0,SYNTHETIC_FOR_PIPELINE_TESTING
2333,B021,Tamil Nadu,Chennai,2443.651,2444.651,1,Low Power / RLAN,synthetic_not_verified,synthetic_observation,1,SYNTHETIC_FOR_PIPELINE_TESTING
2334,B010,Maharashtra,Mumbai,2544.011,2564.011,20,IMT candidate,synthetic_not_verified,synthetic_observation,1,SYNTHETIC_FOR_PIPELINE_TESTING
2335,B019,Karnataka,Bengaluru,43058.238,43098.238,40,IMT candidate,synthetic_not_verified,synthetic_observation,1,SYNTHETIC_FOR_PIPELINE_TESTING
2336,B021,Gujarat,Ahmedabad,2438.928,2443.928,5,Low Power / RLAN,synthetic_not_verified,synthetic_observation,1,SYNTHETIC_FOR_PIPELINE_TESTING
2337,B025,Tamil Nadu,Chennai,5865.806,5870.806,5,WAS/RLAN,synthetic_not_verified,synthetic_observation,0,SYNTHETIC_FOR_PIPELINE_TESTING
2338,B020,Karnataka,Bengaluru,70872.962,70873.962,1,IMT candidate,synthetic_not_verified,synthetic_observation,0,SYNTHETIC_FOR_PIPELINE_TESTING
2339,B016,West Bengal,Kolkata,7056.075,7057.075,1,IMT candidate,synthetic_not_verified,synthetic_observation,1,SYNTHETIC_FOR_PIPELINE_TESTING
2340,B001,Rajasthan,Jaipur,515.337,535.337,20,IMT candidate,synthetic_not_verified,synthetic_observation,0,SYNTHETIC_FOR_PIPELINE_TESTING
2341,B022,Delhi,New Delhi,5177.544,5178.544,1,WAS/RLAN,synthetic_not_verified,synthetic_observation,0,SYNTHETIC_FOR_PIPELINE_TESTING
2342,B001,Delhi,New Delhi,499.27,509.27,10,IMT candidate,synthetic_not_verified,synthetic_observation,1,SYNTHETIC_FOR_PIPELINE_TESTING
2343,B004,Maharashtra,Mumbai,913.65,918.65,5,IMT candidate,synthetic_not_verified,synthetic_observation,0,SYNTHETIC_FOR_PIPELINE_TESTING
2344,B005,Delhi,New Delhi,942.0,960.0,40,IMT candidate,synthetic_not_verified,synthetic_observation,0,SYNTHETIC_FOR_PIPELINE_TESTING
2345,B009,Delhi,New Delhi,2318.488,2398.488,80,IMT candidate,synthetic_not_verified,synthetic_observation,1,SYNTHETIC_FOR_PIPELINE_TESTING
2346,B005,Tamil Nadu,Chennai,945.29,955.29,10,IMT candidate,synthetic_not_verified,synthetic_observation,0,SYNTHETIC_FOR_PIPELINE_TESTING
2347,B013,Telangana,Hyderabad,3513.884,3523.884,10,IMT candidate,synthetic_not_verified,synthetic_observation,1,SYNTHETIC_FOR_PIPELINE_TESTING
2348,B025,Karnataka,Bengaluru,5817.037,5827.037,10,WAS/RLAN,synthetic_not_verified,synthetic_observation,1,SYNTHETIC_FOR_PIPELINE_TESTING
2349,B025,Rajasthan,Jaipur,5727.226,5747.226,20,WAS/RLAN,synthetic_not_verified,synthetic_observation,0,SYNTHETIC_FOR_PIPELINE_TESTING
2350,B012,Gujarat,Ahmedabad,3429.248,3449.248,20,IMT candidate,synthetic_not_verified,synthetic_observation,0,SYNTHETIC_FOR_PIPELINE_TESTING
2351,B002,Karnataka,Bengaluru,595.069,605.069,10,IMT candidate,synthetic_not_verified,synthetic_observation,0,SYNTHETIC_FOR_PIPELINE_TESTING
2352,B011,Delhi,New Delhi,3309.611,3329.611,20,IMT candidate,synthetic_not_verified,synthetic_observation,1,SYNTHETIC_FOR_PIPELINE_TESTING
2353,B001,Karnataka,Bengaluru,517.55,522.55,5,IMT candidate,synthetic_not_verified,synthetic_observation,1,SYNTHETIC_FOR_PIPELINE_TESTING
2354,B019,Telangana,Hyderabad,43394.76,43434.76,40,IMT candidate,synthetic_not_verified,synthetic_observation,0,SYNTHETIC_FOR_PIPELINE_TESTING
2355,B016,Gujarat,Ahmedabad,7111.421,7116.421,5,IMT candidate,synthetic_not_verified,synthetic_observation,0,SYNTHETIC_FOR_PIPELINE_TESTING
2356,B014,Delhi,New Delhi,3629.091,3649.091,20,IMT candidate,synthetic_not_verified,synthetic_observation,0,SYNTHETIC_FOR_PIPELINE_TESTING
2357,B016,Gujarat,Ahmedabad,7102.986,7122.986,20,IMT candidate,synthetic_not_verified,synthetic_observation,0,SYNTHETIC_FOR_PIPELINE_TESTING
2358,B010,West Bengal,Kolkata,2648.065,2658.065,10,IMT candidate,synthetic_not_verified,synthetic_observation,0,SYNTHETIC_FOR_PIPELINE_TESTING
2359,B012,Rajasthan,Jaipur,3413.735,3453.735,40,IMT candidate,synthetic_not_verified,synthetic_observation,0,SYNTHETIC_FOR_PIPELINE_TESTING
2360,B021,West Bengal,Kolkata,2472.665,2477.665,5,Low Power / RLAN,synthetic_not_verified,synthetic_observation,1,SYNTHETIC_FOR_PIPELINE_TESTING
2361,B012,Delhi,New Delhi,3475.615,3485.615,10,IMT candidate,synthetic_not_verified,synthetic_observation,0,SYNTHETIC_FOR_PIPELINE_TESTING
2362,B020,Karnataka,Bengaluru,67413.633,67418.633,5,IMT candidate,synthetic_not_verified,synthetic_observation,1,SYNTHETIC_FOR_PIPELINE_TESTING
2363,B002,Rajasthan,Jaipur,589.225,599.225,10,IMT candidate,synthetic_not_verified,synthetic_observation,1,SYNTHETIC_FOR_PIPELINE_TESTING
2364,B002,Gujarat,Ahmedabad,585.903,605.903,20,IMT candidate,synthetic_not_verified,synthetic_observation,0,SYNTHETIC_FOR_PIPELINE_TESTING
2365,B011,Telangana,Hyderabad,3349.107,3369.107,20,IMT candidate,synthetic_not_verified,synthetic_observation,0,SYNTHETIC_FOR_PIPELINE_TESTING
2366,B013,Telangana,Hyderabad,3514.453,3554.453,40,IMT candidate,synthetic_not_verified,synthetic_observation,0,SYNTHETIC_FOR_PIPELINE_TESTING
2367,B024,Karnataka,Bengaluru,5544.82,5554.82,10,WAS/RLAN,synthetic_not_verified,synthetic_observation,1,SYNTHETIC_FOR_PIPELINE_TESTING
2368,B002,West Bengal,Kolkata,585.678,595.678,10,IMT candidate,synthetic_not_verified,synthetic_observation,1,SYNTHETIC_FOR_PIPELINE_TESTING
2369,B007,Telangana,Hyderabad,1762.246,1842.246,80,IMT candidate,synthetic_not_verified,synthetic_observation,0,SYNTHETIC_FOR_PIPELINE_TESTING
2370,B003,Telangana,Hyderabad,697.842,698.842,1,IMT candidate,synthetic_not_verified,synthetic_observation,0,SYNTHETIC_FOR_PIPELINE_TESTING
2371,B017,Maharashtra,Mumbai,26498.355,26499.355,1,IMT candidate,synthetic_not_verified,synthetic_observation,1,SYNTHETIC_FOR_PIPELINE_TESTING
2372,B004,Tamil Nadu,Chennai,900.777,910.777,10,IMT candidate,synthetic_not_verified,synthetic_observation,1,SYNTHETIC_FOR_PIPELINE_TESTING
2373,B021,Tamil Nadu,Chennai,2412.743,2417.743,5,Low Power / RLAN,synthetic_not_verified,synthetic_observation,0,SYNTHETIC_FOR_PIPELINE_TESTING
2374,B017,Rajasthan,Jaipur,25623.003,25643.003,20,IMT candidate,synthetic_not_verified,synthetic_observation,1,SYNTHETIC_FOR_PIPELINE_TESTING
2375,B016,West Bengal,Kolkata,7108.439,7118.439,10,IMT candidate,synthetic_not_verified,synthetic_observation,0,SYNTHETIC_FOR_PIPELINE_TESTING
2376,B004,Tamil Nadu,Chennai,890.0,942.0,80,IMT candidate,synthetic_not_verified,synthetic_observation,0,SYNTHETIC_FOR_PIPELINE_TESTING
2377,B006,Tamil Nadu,Chennai,1460.456,1500.456,40,IMT candidate,synthetic_not_verified,synthetic_observation,1,SYNTHETIC_FOR_PIPELINE_TESTING
2378,B023,Tamil Nadu,Chennai,5251.803,5331.803,80,WAS/RLAN,synthetic_not_verified,synthetic_observation,0,SYNTHETIC_FOR_PIPELINE_TESTING
2379,B021,Maharashtra,Mumbai,2467.904,2468.904,1,Low Power / RLAN,synthetic_not_verified,synthetic_observation,0,SYNTHETIC_FOR_PIPELINE_TESTING
2380,B018,Delhi,New Delhi,39183.024,39223.024,40,IMT candidate,synthetic_not_verified,synthetic_observation,0,SYNTHETIC_FOR_PIPELINE_TESTING
2381,B020,Tamil Nadu,Chennai,69990.429,70010.429,20,IMT candidate,synthetic_not_verified,synthetic_observation,1,SYNTHETIC_FOR_PIPELINE_TESTING
2382,B012,Gujarat,Ahmedabad,3416.786,3417.786,1,IMT candidate,synthetic_not_verified,synthetic_observation,0,SYNTHETIC_FOR_PIPELINE_TESTING
2383,B014,Maharashtra,Mumbai,3623.459,3643.459,20,IMT candidate,synthetic_not_verified,synthetic_observation,1,SYNTHETIC_FOR_PIPELINE_TESTING
2384,B010,Gujarat,Ahmedabad,2661.727,2666.727,5,IMT candidate,synthetic_not_verified,synthetic_observation,1,SYNTHETIC_FOR_PIPELINE_TESTING
2385,B015,Maharashtra,Mumbai,6474.988,6484.988,10,IMT candidate,synthetic_not_verified,synthetic_observation,0,SYNTHETIC_FOR_PIPELINE_TESTING
2386,B001,Maharashtra,Mumbai,551.183,561.183,10,IMT candidate,synthetic_not_verified,synthetic_observation,0,SYNTHETIC_FOR_PIPELINE_TESTING
2387,B010,Maharashtra,Mumbai,2604.89,2624.89,20,IMT candidate,synthetic_not_verified,synthetic_observation,0,SYNTHETIC_FOR_PIPELINE_TESTING
2388,B015,Gujarat,Ahmedabad,6826.566,6827.566,1,IMT candidate,synthetic_not_verified,synthetic_observation,0,SYNTHETIC_FOR_PIPELINE_TESTING
2389,B022,West Bengal,Kolkata,5206.602,5211.602,5,WAS/RLAN,synthetic_not_verified,synthetic_observation,0,SYNTHETIC_FOR_PIPELINE_TESTING
2390,B001,Karnataka,Bengaluru,495.12,575.12,80,IMT candidate,synthetic_not_verified,synthetic_observation,0,SYNTHETIC_FOR_PIPELINE_TESTING
2391,B013,Maharashtra,Mumbai,3534.242,3554.242,20,IMT candidate,synthetic_not_verified,synthetic_observation,0,SYNTHETIC_FOR_PIPELINE_TESTING
2392,B007,Telangana,Hyderabad,1854.154,1894.154,40,IMT candidate,synthetic_not_verified,synthetic_observation,0,SYNTHETIC_FOR_PIPELINE_TESTING
2393,B025,Tamil Nadu,Chennai,5752.975,5832.975,80,WAS/RLAN,synthetic_not_verified,synthetic_observation,0,SYNTHETIC_FOR_PIPELINE_TESTING
2394,B016,West Bengal,Kolkata,7076.327,7096.327,20,IMT candidate,synthetic_not_verified,synthetic_observation,0,SYNTHETIC_FOR_PIPELINE_TESTING
2395,B020,Rajasthan,Jaipur,68041.656,68121.656,80,IMT candidate,synthetic_not_verified,synthetic_observation,1,SYNTHETIC_FOR_PIPELINE_TESTING
2396,B008,Gujarat,Ahmedabad,2133.488,2173.488,40,IMT candidate,synthetic_not_verified,synthetic_observation,0,SYNTHETIC_FOR_PIPELINE_TESTING
2397,B005,Maharashtra,Mumbai,942.0,960.0,80,IMT candidate,synthetic_not_verified,synthetic_observation,1,SYNTHETIC_FOR_PIPELINE_TESTING
2398,B004,Karnataka,Bengaluru,933.902,938.902,5,IMT candidate,synthetic_not_verified,synthetic_observation,0,SYNTHETIC_FOR_PIPELINE_TESTING
2399,B001,West Bengal,Kolkata,502.567,512.567,10,IMT candidate,synthetic_not_verified,synthetic_observation,0,SYNTHETIC_FOR_PIPELINE_TESTING
2400,B005,Karnataka,Bengaluru,942.0,960.0,80,IMT candidate,synthetic_not_verified,synthetic_observation,0,SYNTHETIC_FOR_PIPELINE_TESTING
2401,B009,Rajasthan,Jaipur,2386.849,2396.849,10,IMT candidate,synthetic_not_verified,synthetic_observation,0,SYNTHETIC_FOR_PIPELINE_TESTING
2402,B005,Delhi,New Delhi,942.0,960.0,80,IMT candidate,synthetic_not_verified,synthetic_observation,0,SYNTHETIC_FOR_PIPELINE_TESTING
2403,B006,Karnataka,Bengaluru,1495.602,1505.602,10,IMT candidate,synthetic_not_verified,synthetic_observation,1,SYNTHETIC_FOR_PIPELINE_TESTING
2404,B009,Delhi,New Delhi,2311.024,2391.024,80,IMT candidate,synthetic_not_verified,synthetic_observation,1,SYNTHETIC_FOR_PIPELINE_TESTING
2405,B002,Tamil Nadu,Chennai,590.974,595.974,5,IMT candidate,synthetic_not_verified,synthetic_observation,0,SYNTHETIC_FOR_PIPELINE_TESTING
2406,B005,Tamil Nadu,Chennai,942.0,960.0,40,IMT candidate,synthetic_not_verified,synthetic_observation,0,SYNTHETIC_FOR_PIPELINE_TESTING
2407,B003,Karnataka,Bengaluru,778.73,858.73,80,IMT candidate,synthetic_not_verified,synthetic_observation,1,SYNTHETIC_FOR_PIPELINE_TESTING
2408,B024,Tamil Nadu,Chennai,5667.666,5707.666,40,WAS/RLAN,synthetic_not_verified,synthetic_observation,0,SYNTHETIC_FOR_PIPELINE_TESTING
2409,B016,Gujarat,Ahmedabad,7115.561,7120.561,5,IMT candidate,synthetic_not_verified,synthetic_observation,1,SYNTHETIC_FOR_PIPELINE_TESTING
2410,B022,Tamil Nadu,Chennai,5195.184,5200.184,5,WAS/RLAN,synthetic_not_verified,synthetic_observation,0,SYNTHETIC_FOR_PIPELINE_TESTING
2411,B011,Gujarat,Ahmedabad,3333.079,3373.079,40,IMT candidate,synthetic_not_verified,synthetic_observation,0,SYNTHETIC_FOR_PIPELINE_TESTING
2412,B015,Delhi,New Delhi,6450.676,6451.676,1,IMT candidate,synthetic_not_verified,synthetic_observation,1,SYNTHETIC_FOR_PIPELINE_TESTING
2413,B012,Maharashtra,Mumbai,3409.353,3489.353,80,IMT candidate,synthetic_not_verified,synthetic_observation,1,SYNTHETIC_FOR_PIPELINE_TESTING
2414,B018,Karnataka,Bengaluru,37766.495,37846.495,80,IMT candidate,synthetic_not_verified,synthetic_observation,0,SYNTHETIC_FOR_PIPELINE_TESTING
2415,B008,West Bengal,Kolkata,2172.419,2173.419,1,IMT candidate,synthetic_not_verified,synthetic_observation,0,SYNTHETIC_FOR_PIPELINE_TESTING
2416,B008,Telangana,Hyderabad,2154.245,2159.245,5,IMT candidate,synthetic_not_verified,synthetic_observation,0,SYNTHETIC_FOR_PIPELINE_TESTING
2417,B024,Karnataka,Bengaluru,5567.959,5587.959,20,WAS/RLAN,synthetic_not_verified,synthetic_observation,1,SYNTHETIC_FOR_PIPELINE_TESTING
2418,B009,Tamil Nadu,Chennai,2314.547,2334.547,20,IMT candidate,synthetic_not_verified,synthetic_observation,1,SYNTHETIC_FOR_PIPELINE_TESTING
2419,B019,Rajasthan,Jaipur,43409.246,43414.246,5,IMT candidate,synthetic_not_verified,synthetic_observation,0,SYNTHETIC_FOR_PIPELINE_TESTING
2420,B012,Telangana,Hyderabad,3415.898,3420.898,5,IMT candidate,synthetic_not_verified,synthetic_observation,0,SYNTHETIC_FOR_PIPELINE_TESTING
2421,B001,Delhi,New Delhi,566.389,576.389,10,IMT candidate,synthetic_not_verified,synthetic_observation,0,SYNTHETIC_FOR_PIPELINE_TESTING
2422,B003,West Bengal,Kolkata,880.101,881.101,1,IMT candidate,synthetic_not_verified,synthetic_observation,1,SYNTHETIC_FOR_PIPELINE_TESTING
2423,B008,West Bengal,Kolkata,2131.546,2141.546,10,IMT candidate,synthetic_not_verified,synthetic_observation,0,SYNTHETIC_FOR_PIPELINE_TESTING
2424,B018,Delhi,New Delhi,39594.785,39674.785,80,IMT candidate,synthetic_not_verified,synthetic_observation,0,SYNTHETIC_FOR_PIPELINE_TESTING
2425,B005,West Bengal,Kolkata,942.318,952.318,10,IMT candidate,synthetic_not_verified,synthetic_observation,1,SYNTHETIC_FOR_PIPELINE_TESTING
2426,B009,Tamil Nadu,Chennai,2345.784,2355.784,10,IMT candidate,synthetic_not_verified,synthetic_observation,0,SYNTHETIC_FOR_PIPELINE_TESTING
2427,B018,Maharashtra,Mumbai,38905.038,38910.038,5,IMT candidate,synthetic_not_verified,synthetic_observation,0,SYNTHETIC_FOR_PIPELINE_TESTING
2428,B018,Karnataka,Bengaluru,37938.127,37958.127,20,IMT candidate,synthetic_not_verified,synthetic_observation,0,SYNTHETIC_FOR_PIPELINE_TESTING
2429,B020,Rajasthan,Jaipur,68054.262,68055.262,1,IMT candidate,synthetic_not_verified,synthetic_observation,1,SYNTHETIC_FOR_PIPELINE_TESTING
2430,B005,Maharashtra,Mumbai,942.137,952.137,10,IMT candidate,synthetic_not_verified,synthetic_observation,1,SYNTHETIC_FOR_PIPELINE_TESTING
2431,B001,West Bengal,Kolkata,563.762,568.762,5,IMT candidate,synthetic_not_verified,synthetic_observation,1,SYNTHETIC_FOR_PIPELINE_TESTING
2432,B018,Telangana,Hyderabad,37550.656,37560.656,10,IMT candidate,synthetic_not_verified,synthetic_observation,1,SYNTHETIC_FOR_PIPELINE_TESTING
2433,B014,Rajasthan,Jaipur,3600.0,3670.0,80,IMT candidate,synthetic_not_verified,synthetic_observation,0,SYNTHETIC_FOR_PIPELINE_TESTING
2434,B001,West Bengal,Kolkata,515.864,555.864,40,IMT candidate,synthetic_not_verified,synthetic_observation,0,SYNTHETIC_FOR_PIPELINE_TESTING
2435,B001,Delhi,New Delhi,484.934,564.934,80,IMT candidate,synthetic_not_verified,synthetic_observation,0,SYNTHETIC_FOR_PIPELINE_TESTING
2436,B022,Rajasthan,Jaipur,5197.919,5198.919,1,WAS/RLAN,synthetic_not_verified,synthetic_observation,1,SYNTHETIC_FOR_PIPELINE_TESTING
2437,B004,Delhi,New Delhi,914.136,924.136,10,IMT candidate,synthetic_not_verified,synthetic_observation,0,SYNTHETIC_FOR_PIPELINE_TESTING
2438,B021,Karnataka,Bengaluru,2407.654,2427.654,20,Low Power / RLAN,synthetic_not_verified,synthetic_observation,0,SYNTHETIC_FOR_PIPELINE_TESTING
2439,B013,Maharashtra,Mumbai,3523.19,3524.19,1,IMT candidate,synthetic_not_verified,synthetic_observation,0,SYNTHETIC_FOR_PIPELINE_TESTING
2440,B022,Telangana,Hyderabad,5157.589,5162.589,5,WAS/RLAN,synthetic_not_verified,synthetic_observation,1,SYNTHETIC_FOR_PIPELINE_TESTING
2441,B016,Gujarat,Ahmedabad,7086.716,7087.716,1,IMT candidate,synthetic_not_verified,synthetic_observation,1,SYNTHETIC_FOR_PIPELINE_TESTING
2442,B019,West Bengal,Kolkata,43368.086,43373.086,5,IMT candidate,synthetic_not_verified,synthetic_observation,1,SYNTHETIC_FOR_PIPELINE_TESTING
2443,B016,West Bengal,Kolkata,7064.988,7084.988,20,IMT candidate,synthetic_not_verified,synthetic_observation,0,SYNTHETIC_FOR_PIPELINE_TESTING
2444,B023,West Bengal,Kolkata,5258.286,5263.286,5,WAS/RLAN,synthetic_not_verified,synthetic_observation,0,SYNTHETIC_FOR_PIPELINE_TESTING
2445,B025,Karnataka,Bengaluru,5836.389,5841.389,5,WAS/RLAN,synthetic_not_verified,synthetic_observation,0,SYNTHETIC_FOR_PIPELINE_TESTING
2446,B020,Delhi,New Delhi,66472.348,66552.348,80,IMT candidate,synthetic_not_verified,synthetic_observation,0,SYNTHETIC_FOR_PIPELINE_TESTING
2447,B005,West Bengal,Kolkata,942.0,960.0,80,IMT candidate,synthetic_not_verified,synthetic_observation,1,SYNTHETIC_FOR_PIPELINE_TESTING
2448,B012,Delhi,New Delhi,3410.72,3490.72,80,IMT candidate,synthetic_not_verified,synthetic_observation,1,SYNTHETIC_FOR_PIPELINE_TESTING
2449,B010,Tamil Nadu,Chennai,2557.87,2637.87,80,IMT candidate,synthetic_not_verified,synthetic_observation,1,SYNTHETIC_FOR_PIPELINE_TESTING
2450,B009,West Bengal,Kolkata,2358.156,2398.156,40,IMT candidate,synthetic_not_verified,synthetic_observation,1,SYNTHETIC_FOR_PIPELINE_TESTING
2451,B013,Rajasthan,Jaipur,3503.878,3508.878,5,IMT candidate,synthetic_not_verified,synthetic_observation,1,SYNTHETIC_FOR_PIPELINE_TESTING
2452,B012,Gujarat,Ahmedabad,3494.902,3495.902,1,IMT candidate,synthetic_not_verified,synthetic_observation,0,SYNTHETIC_FOR_PIPELINE_TESTING
2453,B024,West Bengal,Kolkata,5704.35,5709.35,5,WAS/RLAN,synthetic_not_verified,synthetic_observation,0,SYNTHETIC_FOR_PIPELINE_TESTING
2454,B009,Tamil Nadu,Chennai,2316.326,2396.326,80,IMT candidate,synthetic_not_verified,synthetic_observation,0,SYNTHETIC_FOR_PIPELINE_TESTING
2455,B019,Maharashtra,Mumbai,43012.862,43013.862,1,IMT candidate,synthetic_not_verified,synthetic_observation,0,SYNTHETIC_FOR_PIPELINE_TESTING
2456,B017,Gujarat,Ahmedabad,25647.304,25652.304,5,IMT candidate,synthetic_not_verified,synthetic_observation,0,SYNTHETIC_FOR_PIPELINE_TESTING
2457,B021,Karnataka,Bengaluru,2411.372,2431.372,20,Low Power / RLAN,synthetic_not_verified,synthetic_observation,0,SYNTHETIC_FOR_PIPELINE_TESTING
2458,B006,Maharashtra,Mumbai,1478.043,1479.043,1,IMT candidate,synthetic_not_verified,synthetic_observation,0,SYNTHETIC_FOR_PIPELINE_TESTING
2459,B021,West Bengal,Kolkata,2437.286,2442.286,5,Low Power / RLAN,synthetic_not_verified,synthetic_observation,0,SYNTHETIC_FOR_PIPELINE_TESTING
2460,B016,Telangana,Hyderabad,7077.908,7117.908,40,IMT candidate,synthetic_not_verified,synthetic_observation,0,SYNTHETIC_FOR_PIPELINE_TESTING
2461,B010,Gujarat,Ahmedabad,2635.87,2645.87,10,IMT candidate,synthetic_not_verified,synthetic_observation,1,SYNTHETIC_FOR_PIPELINE_TESTING
2462,B004,Tamil Nadu,Chennai,891.018,901.018,10,IMT candidate,synthetic_not_verified,synthetic_observation,1,SYNTHETIC_FOR_PIPELINE_TESTING
2463,B022,Rajasthan,Jaipur,5165.689,5245.689,80,WAS/RLAN,synthetic_not_verified,synthetic_observation,0,SYNTHETIC_FOR_PIPELINE_TESTING
2464,B008,Tamil Nadu,Chennai,2126.746,2146.746,20,IMT candidate,synthetic_not_verified,synthetic_observation,0,SYNTHETIC_FOR_PIPELINE_TESTING
2465,B023,Maharashtra,Mumbai,5252.633,5332.633,80,WAS/RLAN,synthetic_not_verified,synthetic_observation,0,SYNTHETIC_FOR_PIPELINE_TESTING
2466,B015,West Bengal,Kolkata,7000.23,7020.23,20,IMT candidate,synthetic_not_verified,synthetic_observation,0,SYNTHETIC_FOR_PIPELINE_TESTING
2467,B004,Tamil Nadu,Chennai,892.276,897.276,5,IMT candidate,synthetic_not_verified,synthetic_observation,0,SYNTHETIC_FOR_PIPELINE_TESTING
2468,B011,Delhi,New Delhi,3345.679,3350.679,5,IMT candidate,synthetic_not_verified,synthetic_observation,0,SYNTHETIC_FOR_PIPELINE_TESTING
2469,B024,Delhi,New Delhi,5674.907,5675.907,1,WAS/RLAN,synthetic_not_verified,synthetic_observation,1,SYNTHETIC_FOR_PIPELINE_TESTING
2470,B019,Rajasthan,Jaipur,43083.448,43088.448,5,IMT candidate,synthetic_not_verified,synthetic_observation,0,SYNTHETIC_FOR_PIPELINE_TESTING
2471,B022,Karnataka,Bengaluru,5222.026,5242.026,20,WAS/RLAN,synthetic_not_verified,synthetic_observation,0,SYNTHETIC_FOR_PIPELINE_TESTING
2472,B018,Maharashtra,Mumbai,39249.092,39254.092,5,IMT candidate,synthetic_not_verified,synthetic_observation,0,SYNTHETIC_FOR_PIPELINE_TESTING
2473,B012,Karnataka,Bengaluru,3448.087,3453.087,5,IMT candidate,synthetic_not_verified,synthetic_observation,1,SYNTHETIC_FOR_PIPELINE_TESTING
2474,B010,Gujarat,Ahmedabad,2616.217,2636.217,20,IMT candidate,synthetic_not_verified,synthetic_observation,1,SYNTHETIC_FOR_PIPELINE_TESTING
2475,B010,Maharashtra,Mumbai,2604.281,2644.281,40,IMT candidate,synthetic_not_verified,synthetic_observation,0,SYNTHETIC_FOR_PIPELINE_TESTING
2476,B020,Karnataka,Bengaluru,67884.351,67885.351,1,IMT candidate,synthetic_not_verified,synthetic_observation,0,SYNTHETIC_FOR_PIPELINE_TESTING
2477,B022,Gujarat,Ahmedabad,5172.886,5212.886,40,WAS/RLAN,synthetic_not_verified,synthetic_observation,0,SYNTHETIC_FOR_PIPELINE_TESTING
2478,B022,Gujarat,Ahmedabad,5153.3,5233.3,80,WAS/RLAN,synthetic_not_verified,synthetic_observation,0,SYNTHETIC_FOR_PIPELINE_TESTING
2479,B006,Karnataka,Bengaluru,1492.037,1512.037,20,IMT candidate,synthetic_not_verified,synthetic_observation,1,SYNTHETIC_FOR_PIPELINE_TESTING
2480,B014,Karnataka,Bengaluru,3647.144,3652.144,5,IMT candidate,synthetic_not_verified,synthetic_observation,1,SYNTHETIC_FOR_PIPELINE_TESTING
2481,B009,Maharashtra,Mumbai,2305.404,2385.404,80,IMT candidate,synthetic_not_verified,synthetic_observation,0,SYNTHETIC_FOR_PIPELINE_TESTING
2482,B003,Maharashtra,Mumbai,649.757,654.757,5,IMT candidate,synthetic_not_verified,synthetic_observation,0,SYNTHETIC_FOR_PIPELINE_TESTING
2483,B016,Tamil Nadu,Chennai,7109.042,7110.042,1,IMT candidate,synthetic_not_verified,synthetic_observation,1,SYNTHETIC_FOR_PIPELINE_TESTING
2484,B015,Delhi,New Delhi,6666.063,6746.063,80,IMT candidate,synthetic_not_verified,synthetic_observation,1,SYNTHETIC_FOR_PIPELINE_TESTING
2485,B015,Tamil Nadu,Chennai,6550.891,6590.891,40,IMT candidate,synthetic_not_verified,synthetic_observation,0,SYNTHETIC_FOR_PIPELINE_TESTING
2486,B008,Karnataka,Bengaluru,2118.789,2198.789,80,IMT candidate,synthetic_not_verified,synthetic_observation,1,SYNTHETIC_FOR_PIPELINE_TESTING
2487,B002,Maharashtra,Mumbai,585.0,610.0,80,IMT candidate,synthetic_not_verified,synthetic_observation,0,SYNTHETIC_FOR_PIPELINE_TESTING
2488,B024,West Bengal,Kolkata,5489.126,5529.126,40,WAS/RLAN,synthetic_not_verified,synthetic_observation,0,SYNTHETIC_FOR_PIPELINE_TESTING
2489,B017,Rajasthan,Jaipur,24303.681,24308.681,5,IMT candidate,synthetic_not_verified,synthetic_observation,0,SYNTHETIC_FOR_PIPELINE_TESTING
2490,B005,Rajasthan,Jaipur,950.183,955.183,5,IMT candidate,synthetic_not_verified,synthetic_observation,0,SYNTHETIC_FOR_PIPELINE_TESTING
2491,B001,Telangana,Hyderabad,486.133,496.133,10,IMT candidate,synthetic_not_verified,synthetic_observation,1,SYNTHETIC_FOR_PIPELINE_TESTING
2492,B012,Maharashtra,Mumbai,3400.493,3480.493,80,IMT candidate,synthetic_not_verified,synthetic_observation,0,SYNTHETIC_FOR_PIPELINE_TESTING
2493,B025,Tamil Nadu,Chennai,5821.199,5822.199,1,WAS/RLAN,synthetic_not_verified,synthetic_observation,1,SYNTHETIC_FOR_PIPELINE_TESTING
2494,B016,Gujarat,Ahmedabad,7035.936,7045.936,10,IMT candidate,synthetic_not_verified,synthetic_observation,1,SYNTHETIC_FOR_PIPELINE_TESTING
2495,B008,Delhi,New Delhi,2168.307,2178.307,10,IMT candidate,synthetic_not_verified,synthetic_observation,0,SYNTHETIC_FOR_PIPELINE_TESTING
2496,B002,Maharashtra,Mumbai,599.86,609.86,10,IMT candidate,synthetic_not_verified,synthetic_observation,0,SYNTHETIC_FOR_PIPELINE_TESTING
2497,B021,Maharashtra,Mumbai,2461.663,2481.663,20,Low Power / RLAN,synthetic_not_verified,synthetic_observation,0,SYNTHETIC_FOR_PIPELINE_TESTING
2498,B003,Telangana,Hyderabad,731.688,751.688,20,IMT candidate,synthetic_not_verified,synthetic_observation,0,SYNTHETIC_FOR_PIPELINE_TESTING
2499,B005,Delhi,New Delhi,958.964,959.964,1,IMT candidate,synthetic_not_verified,synthetic_observation,1,SYNTHETIC_FOR_PIPELINE_TESTING
2500,B019,Rajasthan,Jaipur,43099.836,43179.836,80,IMT candidate,synthetic_not_verified,synthetic_observation,0,SYNTHETIC_FOR_PIPELINE_TESTING
2501,B006,Delhi,New Delhi,1432.933,1512.933,80,IMT candidate,synthetic_not_verified,synthetic_observation,1,SYNTHETIC_FOR_PIPELINE_TESTING
2502,B002,Delhi,New Delhi,592.818,593.818,1,IMT candidate,synthetic_not_verified,synthetic_observation,0,SYNTHETIC_FOR_PIPELINE_TESTING
2503,B025,Delhi,New Delhi,5820.689,5830.689,10,WAS/RLAN,synthetic_not_verified,synthetic_observation,0,SYNTHETIC_FOR_PIPELINE_TESTING
2504,B008,Gujarat,Ahmedabad,2151.276,2152.276,1,IMT candidate,synthetic_not_verified,synthetic_observation,0,SYNTHETIC_FOR_PIPELINE_TESTING
2505,B013,Rajasthan,Jaipur,3544.955,3549.955,5,IMT candidate,synthetic_not_verified,synthetic_observation,0,SYNTHETIC_FOR_PIPELINE_TESTING
2506,B016,Tamil Nadu,Chennai,7042.584,7122.584,80,IMT candidate,synthetic_not_verified,synthetic_observation,0,SYNTHETIC_FOR_PIPELINE_TESTING
2507,B012,Maharashtra,Mumbai,3417.042,3497.042,80,IMT candidate,synthetic_not_verified,synthetic_observation,0,SYNTHETIC_FOR_PIPELINE_TESTING
2508,B017,West Bengal,Kolkata,25025.115,25065.115,40,IMT candidate,synthetic_not_verified,synthetic_observation,1,SYNTHETIC_FOR_PIPELINE_TESTING
2509,B025,Delhi,New Delhi,5758.163,5798.163,40,WAS/RLAN,synthetic_not_verified,synthetic_observation,0,SYNTHETIC_FOR_PIPELINE_TESTING
2510,B004,West Bengal,Kolkata,905.607,910.607,5,IMT candidate,synthetic_not_verified,synthetic_observation,0,SYNTHETIC_FOR_PIPELINE_TESTING
2511,B024,Rajasthan,Jaipur,5485.684,5565.684,80,WAS/RLAN,synthetic_not_verified,synthetic_observation,0,SYNTHETIC_FOR_PIPELINE_TESTING
2512,B013,West Bengal,Kolkata,3574.681,3579.681,5,IMT candidate,synthetic_not_verified,synthetic_observation,0,SYNTHETIC_FOR_PIPELINE_TESTING
2513,B002,West Bengal,Kolkata,585.0,610.0,40,IMT candidate,synthetic_not_verified,synthetic_observation,0,SYNTHETIC_FOR_PIPELINE_TESTING
2514,B019,West Bengal,Kolkata,42839.009,42859.009,20,IMT candidate,synthetic_not_verified,synthetic_observation,1,SYNTHETIC_FOR_PIPELINE_TESTING
2515,B004,Delhi,New Delhi,901.916,921.916,20,IMT candidate,synthetic_not_verified,synthetic_observation,0,SYNTHETIC_FOR_PIPELINE_TESTING
2516,B001,Tamil Nadu,Chennai,496.106,497.106,1,IMT candidate,synthetic_not_verified,synthetic_observation,0,SYNTHETIC_FOR_PIPELINE_TESTING
2517,B015,Gujarat,Ahmedabad,6503.869,6543.869,40,IMT candidate,synthetic_not_verified,synthetic_observation,1,SYNTHETIC_FOR_PIPELINE_TESTING
2518,B025,West Bengal,Kolkata,5838.057,5858.057,20,WAS/RLAN,synthetic_not_verified,synthetic_observation,0,SYNTHETIC_FOR_PIPELINE_TESTING
2519,B024,West Bengal,Kolkata,5550.978,5630.978,80,WAS/RLAN,synthetic_not_verified,synthetic_observation,1,SYNTHETIC_FOR_PIPELINE_TESTING
2520,B003,Karnataka,Bengaluru,730.347,731.347,1,IMT candidate,synthetic_not_verified,synthetic_observation,0,SYNTHETIC_FOR_PIPELINE_TESTING
2521,B010,Maharashtra,Mumbai,2512.177,2552.177,40,IMT candidate,synthetic_not_verified,synthetic_observation,0,SYNTHETIC_FOR_PIPELINE_TESTING
2522,B007,Rajasthan,Jaipur,1921.391,1961.391,40,IMT candidate,synthetic_not_verified,synthetic_observation,1,SYNTHETIC_FOR_PIPELINE_TESTING
2523,B021,Karnataka,Bengaluru,2440.773,2441.773,1,Low Power / RLAN,synthetic_not_verified,synthetic_observation,1,SYNTHETIC_FOR_PIPELINE_TESTING
2524,B017,Maharashtra,Mumbai,24806.693,24807.693,1,IMT candidate,synthetic_not_verified,synthetic_observation,0,SYNTHETIC_FOR_PIPELINE_TESTING
2525,B005,Maharashtra,Mumbai,942.0,960.0,20,IMT candidate,synthetic_not_verified,synthetic_observation,1,SYNTHETIC_FOR_PIPELINE_TESTING
2526,B018,Delhi,New Delhi,38146.386,38156.386,10,IMT candidate,synthetic_not_verified,synthetic_observation,0,SYNTHETIC_FOR_PIPELINE_TESTING
2527,B023,Gujarat,Ahmedabad,5262.551,5267.551,5,WAS/RLAN,synthetic_not_verified,synthetic_observation,0,SYNTHETIC_FOR_PIPELINE_TESTING
2528,B011,Delhi,New Delhi,3343.846,3363.846,20,IMT candidate,synthetic_not_verified,synthetic_observation,1,SYNTHETIC_FOR_PIPELINE_TESTING
2529,B019,West Bengal,Kolkata,43052.732,43062.732,10,IMT candidate,synthetic_not_verified,synthetic_observation,0,SYNTHETIC_FOR_PIPELINE_TESTING
2530,B004,Telangana,Hyderabad,927.732,937.732,10,IMT candidate,synthetic_not_verified,synthetic_observation,1,SYNTHETIC_FOR_PIPELINE_TESTING
2531,B025,Gujarat,Ahmedabad,5743.586,5753.586,10,WAS/RLAN,synthetic_not_verified,synthetic_observation,0,SYNTHETIC_FOR_PIPELINE_TESTING
2532,B012,Telangana,Hyderabad,3408.019,3488.019,80,IMT candidate,synthetic_not_verified,synthetic_observation,1,SYNTHETIC_FOR_PIPELINE_TESTING
2533,B020,Tamil Nadu,Chennai,69099.177,69119.177,20,IMT candidate,synthetic_not_verified,synthetic_observation,1,SYNTHETIC_FOR_PIPELINE_TESTING
2534,B023,Karnataka,Bengaluru,5254.122,5274.122,20,WAS/RLAN,synthetic_not_verified,synthetic_observation,0,SYNTHETIC_FOR_PIPELINE_TESTING
2535,B024,Gujarat,Ahmedabad,5489.191,5569.191,80,WAS/RLAN,synthetic_not_verified,synthetic_observation,1,SYNTHETIC_FOR_PIPELINE_TESTING
2536,B007,Gujarat,Ahmedabad,1926.164,1936.164,10,IMT candidate,synthetic_not_verified,synthetic_observation,0,SYNTHETIC_FOR_PIPELINE_TESTING
2537,B020,Karnataka,Bengaluru,68471.119,68511.119,40,IMT candidate,synthetic_not_verified,synthetic_observation,0,SYNTHETIC_FOR_PIPELINE_TESTING
2538,B023,Telangana,Hyderabad,5283.916,5288.916,5,WAS/RLAN,synthetic_not_verified,synthetic_observation,1,SYNTHETIC_FOR_PIPELINE_TESTING
2539,B015,West Bengal,Kolkata,6443.77,6453.77,10,IMT candidate,synthetic_not_verified,synthetic_observation,1,SYNTHETIC_FOR_PIPELINE_TESTING
2540,B022,Gujarat,Ahmedabad,5189.324,5229.324,40,WAS/RLAN,synthetic_not_verified,synthetic_observation,1,SYNTHETIC_FOR_PIPELINE_TESTING
2541,B014,Delhi,New Delhi,3634.662,3654.662,20,IMT candidate,synthetic_not_verified,synthetic_observation,0,SYNTHETIC_FOR_PIPELINE_TESTING
2542,B023,West Bengal,Kolkata,5283.771,5284.771,1,WAS/RLAN,synthetic_not_verified,synthetic_observation,0,SYNTHETIC_FOR_PIPELINE_TESTING
2543,B022,West Bengal,Kolkata,5151.773,5231.773,80,WAS/RLAN,synthetic_not_verified,synthetic_observation,1,SYNTHETIC_FOR_PIPELINE_TESTING
2544,B019,Delhi,New Delhi,42973.68,42993.68,20,IMT candidate,synthetic_not_verified,synthetic_observation,0,SYNTHETIC_FOR_PIPELINE_TESTING
2545,B019,Maharashtra,Mumbai,43495.303,43496.303,1,IMT candidate,synthetic_not_verified,synthetic_observation,1,SYNTHETIC_FOR_PIPELINE_TESTING
2546,B006,Gujarat,Ahmedabad,1494.716,1499.716,5,IMT candidate,synthetic_not_verified,synthetic_observation,1,SYNTHETIC_FOR_PIPELINE_TESTING
2547,B017,Rajasthan,Jaipur,25522.749,25527.749,5,IMT candidate,synthetic_not_verified,synthetic_observation,0,SYNTHETIC_FOR_PIPELINE_TESTING
2548,B022,Maharashtra,Mumbai,5205.387,5206.387,1,WAS/RLAN,synthetic_not_verified,synthetic_observation,1,SYNTHETIC_FOR_PIPELINE_TESTING
2549,B009,Delhi,New Delhi,2324.761,2325.761,1,IMT candidate,synthetic_not_verified,synthetic_observation,0,SYNTHETIC_FOR_PIPELINE_TESTING
2550,B020,Telangana,Hyderabad,69591.404,69631.404,40,IMT candidate,synthetic_not_verified,synthetic_observation,1,SYNTHETIC_FOR_PIPELINE_TESTING
2551,B002,Maharashtra,Mumbai,585.0,610.0,80,IMT candidate,synthetic_not_verified,synthetic_observation,0,SYNTHETIC_FOR_PIPELINE_TESTING
2552,B003,Delhi,New Delhi,621.855,631.855,10,IMT candidate,synthetic_not_verified,synthetic_observation,0,SYNTHETIC_FOR_PIPELINE_TESTING
2553,B017,Tamil Nadu,Chennai,26625.734,26645.734,20,IMT candidate,synthetic_not_verified,synthetic_observation,0,SYNTHETIC_FOR_PIPELINE_TESTING
2554,B019,Gujarat,Ahmedabad,42871.682,42951.682,80,IMT candidate,synthetic_not_verified,synthetic_observation,0,SYNTHETIC_FOR_PIPELINE_TESTING
2555,B021,Delhi,New Delhi,2403.382,2483.382,80,Low Power / RLAN,synthetic_not_verified,synthetic_observation,1,SYNTHETIC_FOR_PIPELINE_TESTING
2556,B015,Maharashtra,Mumbai,6588.631,6668.631,80,IMT candidate,synthetic_not_verified,synthetic_observation,1,SYNTHETIC_FOR_PIPELINE_TESTING
2557,B022,Tamil Nadu,Chennai,5167.146,5247.146,80,WAS/RLAN,synthetic_not_verified,synthetic_observation,0,SYNTHETIC_FOR_PIPELINE_TESTING
2558,B011,Rajasthan,Jaipur,3344.867,3349.867,5,IMT candidate,synthetic_not_verified,synthetic_observation,0,SYNTHETIC_FOR_PIPELINE_TESTING
2559,B020,Maharashtra,Mumbai,66907.917,66987.917,80,IMT candidate,synthetic_not_verified,synthetic_observation,0,SYNTHETIC_FOR_PIPELINE_TESTING
2560,B024,Gujarat,Ahmedabad,5637.936,5717.936,80,WAS/RLAN,synthetic_not_verified,synthetic_observation,0,SYNTHETIC_FOR_PIPELINE_TESTING
2561,B010,Telangana,Hyderabad,2523.288,2524.288,1,IMT candidate,synthetic_not_verified,synthetic_observation,0,SYNTHETIC_FOR_PIPELINE_TESTING
2562,B011,Delhi,New Delhi,3377.233,3387.233,10,IMT candidate,synthetic_not_verified,synthetic_observation,0,SYNTHETIC_FOR_PIPELINE_TESTING
2563,B001,Maharashtra,Mumbai,500.854,505.854,5,IMT candidate,synthetic_not_verified,synthetic_observation,1,SYNTHETIC_FOR_PIPELINE_TESTING
2564,B017,Gujarat,Ahmedabad,26775.368,26776.368,1,IMT candidate,synthetic_not_verified,synthetic_observation,1,SYNTHETIC_FOR_PIPELINE_TESTING
2565,B006,Karnataka,Bengaluru,1476.445,1516.445,40,IMT candidate,synthetic_not_verified,synthetic_observation,1,SYNTHETIC_FOR_PIPELINE_TESTING
2566,B011,Tamil Nadu,Chennai,3318.141,3358.141,40,IMT candidate,synthetic_not_verified,synthetic_observation,0,SYNTHETIC_FOR_PIPELINE_TESTING
2567,B012,West Bengal,Kolkata,3407.853,3487.853,80,IMT candidate,synthetic_not_verified,synthetic_observation,1,SYNTHETIC_FOR_PIPELINE_TESTING
2568,B006,West Bengal,Kolkata,1494.986,1514.986,20,IMT candidate,synthetic_not_verified,synthetic_observation,1,SYNTHETIC_FOR_PIPELINE_TESTING
2569,B025,Maharashtra,Mumbai,5768.979,5808.979,40,WAS/RLAN,synthetic_not_verified,synthetic_observation,0,SYNTHETIC_FOR_PIPELINE_TESTING
2570,B022,Rajasthan,Jaipur,5178.147,5198.147,20,WAS/RLAN,synthetic_not_verified,synthetic_observation,0,SYNTHETIC_FOR_PIPELINE_TESTING
2571,B019,Delhi,New Delhi,42659.221,42699.221,40,IMT candidate,synthetic_not_verified,synthetic_observation,0,SYNTHETIC_FOR_PIPELINE_TESTING
2572,B025,Telangana,Hyderabad,5775.787,5855.787,80,WAS/RLAN,synthetic_not_verified,synthetic_observation,0,SYNTHETIC_FOR_PIPELINE_TESTING
2573,B015,Rajasthan,Jaipur,6954.303,6955.303,1,IMT candidate,synthetic_not_verified,synthetic_observation,0,SYNTHETIC_FOR_PIPELINE_TESTING
2574,B005,Delhi,New Delhi,942.0,960.0,40,IMT candidate,synthetic_not_verified,synthetic_observation,0,SYNTHETIC_FOR_PIPELINE_TESTING
2575,B012,Gujarat,Ahmedabad,3402.482,3482.482,80,IMT candidate,synthetic_not_verified,synthetic_observation,0,SYNTHETIC_FOR_PIPELINE_TESTING
2576,B002,Delhi,New Delhi,585.0,610.0,80,IMT candidate,synthetic_not_verified,synthetic_observation,0,SYNTHETIC_FOR_PIPELINE_TESTING
2577,B005,Rajasthan,Jaipur,948.533,953.533,5,IMT candidate,synthetic_not_verified,synthetic_observation,0,SYNTHETIC_FOR_PIPELINE_TESTING
2578,B004,Delhi,New Delhi,940.169,941.169,1,IMT candidate,synthetic_not_verified,synthetic_observation,0,SYNTHETIC_FOR_PIPELINE_TESTING
2579,B009,Telangana,Hyderabad,2381.001,2391.001,10,IMT candidate,synthetic_not_verified,synthetic_observation,0,SYNTHETIC_FOR_PIPELINE_TESTING
2580,B012,Telangana,Hyderabad,3415.567,3495.567,80,IMT candidate,synthetic_not_verified,synthetic_observation,0,SYNTHETIC_FOR_PIPELINE_TESTING
2581,B010,Tamil Nadu,Chennai,2669.393,2689.393,20,IMT candidate,synthetic_not_verified,synthetic_observation,0,SYNTHETIC_FOR_PIPELINE_TESTING
2582,B021,Tamil Nadu,Chennai,2400.32,2480.32,80,Low Power / RLAN,synthetic_not_verified,synthetic_observation,0,SYNTHETIC_FOR_PIPELINE_TESTING
2583,B025,West Bengal,Kolkata,5730.786,5770.786,40,WAS/RLAN,synthetic_not_verified,synthetic_observation,0,SYNTHETIC_FOR_PIPELINE_TESTING
2584,B005,Tamil Nadu,Chennai,942.0,960.0,80,IMT candidate,synthetic_not_verified,synthetic_observation,1,SYNTHETIC_FOR_PIPELINE_TESTING
2585,B019,Gujarat,Ahmedabad,43409.514,43414.514,5,IMT candidate,synthetic_not_verified,synthetic_observation,1,SYNTHETIC_FOR_PIPELINE_TESTING
2586,B003,Delhi,New Delhi,718.53,798.53,80,IMT candidate,synthetic_not_verified,synthetic_observation,0,SYNTHETIC_FOR_PIPELINE_TESTING
2587,B007,Rajasthan,Jaipur,1784.525,1804.525,20,IMT candidate,synthetic_not_verified,synthetic_observation,0,SYNTHETIC_FOR_PIPELINE_TESTING
2588,B020,Maharashtra,Mumbai,70442.058,70482.058,40,IMT candidate,synthetic_not_verified,synthetic_observation,0,SYNTHETIC_FOR_PIPELINE_TESTING
2589,B025,Gujarat,Ahmedabad,5814.523,5824.523,10,WAS/RLAN,synthetic_not_verified,synthetic_observation,1,SYNTHETIC_FOR_PIPELINE_TESTING
2590,B002,Tamil Nadu,Chennai,603.0,604.0,1,IMT candidate,synthetic_not_verified,synthetic_observation,0,SYNTHETIC_FOR_PIPELINE_TESTING
2591,B021,Tamil Nadu,Chennai,2400.765,2440.765,40,Low Power / RLAN,synthetic_not_verified,synthetic_observation,0,SYNTHETIC_FOR_PIPELINE_TESTING
2592,B004,Delhi,New Delhi,896.166,906.166,10,IMT candidate,synthetic_not_verified,synthetic_observation,0,SYNTHETIC_FOR_PIPELINE_TESTING
2593,B005,Karnataka,Bengaluru,943.141,948.141,5,IMT candidate,synthetic_not_verified,synthetic_observation,1,SYNTHETIC_FOR_PIPELINE_TESTING
2594,B002,Rajasthan,Jaipur,602.993,603.993,1,IMT candidate,synthetic_not_verified,synthetic_observation,1,SYNTHETIC_FOR_PIPELINE_TESTING
2595,B004,Tamil Nadu,Chennai,890.0,942.0,80,IMT candidate,synthetic_not_verified,synthetic_observation,1,SYNTHETIC_FOR_PIPELINE_TESTING
2596,B004,Rajasthan,Jaipur,900.871,905.871,5,IMT candidate,synthetic_not_verified,synthetic_observation,0,SYNTHETIC_FOR_PIPELINE_TESTING
2597,B016,Karnataka,Bengaluru,7067.728,7068.728,1,IMT candidate,synthetic_not_verified,synthetic_observation,0,SYNTHETIC_FOR_PIPELINE_TESTING
2598,B002,Rajasthan,Jaipur,604.683,609.683,5,IMT candidate,synthetic_not_verified,synthetic_observation,1,SYNTHETIC_FOR_PIPELINE_TESTING
2599,B017,Delhi,New Delhi,26366.184,26406.184,40,IMT candidate,synthetic_not_verified,synthetic_observation,0,SYNTHETIC_FOR_PIPELINE_TESTING
2600,B005,West Bengal,Kolkata,942.0,960.0,80,IMT candidate,synthetic_not_verified,synthetic_observation,0,SYNTHETIC_FOR_PIPELINE_TESTING
2601,B025,West Bengal,Kolkata,5788.537,5808.537,20,WAS/RLAN,synthetic_not_verified,synthetic_observation,1,SYNTHETIC_FOR_PIPELINE_TESTING
2602,B009,Gujarat,Ahmedabad,2318.857,2319.857,1,IMT candidate,synthetic_not_verified,synthetic_observation,1,SYNTHETIC_FOR_PIPELINE_TESTING
2603,B007,Telangana,Hyderabad,1925.959,1945.959,20,IMT candidate,synthetic_not_verified,synthetic_observation,0,SYNTHETIC_FOR_PIPELINE_TESTING
2604,B006,Rajasthan,Jaipur,1468.858,1473.858,5,IMT candidate,synthetic_not_verified,synthetic_observation,0,SYNTHETIC_FOR_PIPELINE_TESTING
2605,B003,Karnataka,Bengaluru,721.809,741.809,20,IMT candidate,synthetic_not_verified,synthetic_observation,0,SYNTHETIC_FOR_PIPELINE_TESTING
2606,B004,Karnataka,Bengaluru,917.792,918.792,1,IMT candidate,synthetic_not_verified,synthetic_observation,0,SYNTHETIC_FOR_PIPELINE_TESTING
2607,B023,Telangana,Hyderabad,5294.498,5295.498,1,WAS/RLAN,synthetic_not_verified,synthetic_observation,0,SYNTHETIC_FOR_PIPELINE_TESTING
2608,B014,Maharashtra,Mumbai,3620.107,3660.107,40,IMT candidate,synthetic_not_verified,synthetic_observation,1,SYNTHETIC_FOR_PIPELINE_TESTING
2609,B022,West Bengal,Kolkata,5202.875,5242.875,40,WAS/RLAN,synthetic_not_verified,synthetic_observation,0,SYNTHETIC_FOR_PIPELINE_TESTING
2610,B011,Rajasthan,Jaipur,3315.574,3325.574,10,IMT candidate,synthetic_not_verified,synthetic_observation,0,SYNTHETIC_FOR_PIPELINE_TESTING
2611,B016,Rajasthan,Jaipur,7057.219,7058.219,1,IMT candidate,synthetic_not_verified,synthetic_observation,0,SYNTHETIC_FOR_PIPELINE_TESTING
2612,B002,Maharashtra,Mumbai,589.098,609.098,20,IMT candidate,synthetic_not_verified,synthetic_observation,0,SYNTHETIC_FOR_PIPELINE_TESTING
2613,B024,Rajasthan,Jaipur,5471.589,5476.589,5,WAS/RLAN,synthetic_not_verified,synthetic_observation,0,SYNTHETIC_FOR_PIPELINE_TESTING
2614,B017,Tamil Nadu,Chennai,25419.389,25459.389,40,IMT candidate,synthetic_not_verified,synthetic_observation,0,SYNTHETIC_FOR_PIPELINE_TESTING
2615,B010,Tamil Nadu,Chennai,2603.574,2643.574,40,IMT candidate,synthetic_not_verified,synthetic_observation,0,SYNTHETIC_FOR_PIPELINE_TESTING
2616,B023,Rajasthan,Jaipur,5326.28,5336.28,10,WAS/RLAN,synthetic_not_verified,synthetic_observation,0,SYNTHETIC_FOR_PIPELINE_TESTING
2617,B008,Maharashtra,Mumbai,2124.217,2144.217,20,IMT candidate,synthetic_not_verified,synthetic_observation,0,SYNTHETIC_FOR_PIPELINE_TESTING
2618,B010,Gujarat,Ahmedabad,2632.296,2633.296,1,IMT candidate,synthetic_not_verified,synthetic_observation,0,SYNTHETIC_FOR_PIPELINE_TESTING
2619,B009,West Bengal,Kolkata,2314.682,2324.682,10,IMT candidate,synthetic_not_verified,synthetic_observation,0,SYNTHETIC_FOR_PIPELINE_TESTING
2620,B016,Maharashtra,Mumbai,7027.472,7067.472,40,IMT candidate,synthetic_not_verified,synthetic_observation,1,SYNTHETIC_FOR_PIPELINE_TESTING
2621,B022,Rajasthan,Jaipur,5164.186,5169.186,5,WAS/RLAN,synthetic_not_verified,synthetic_observation,0,SYNTHETIC_FOR_PIPELINE_TESTING
2622,B010,Telangana,Hyderabad,2524.845,2604.845,80,IMT candidate,synthetic_not_verified,synthetic_observation,0,SYNTHETIC_FOR_PIPELINE_TESTING
2623,B024,Rajasthan,Jaipur,5717.537,5722.537,5,WAS/RLAN,synthetic_not_verified,synthetic_observation,1,SYNTHETIC_FOR_PIPELINE_TESTING
2624,B018,Delhi,New Delhi,39518.74,39598.74,80,IMT candidate,synthetic_not_verified,synthetic_observation,0,SYNTHETIC_FOR_PIPELINE_TESTING
2625,B024,Gujarat,Ahmedabad,5539.26,5619.26,80,WAS/RLAN,synthetic_not_verified,synthetic_observation,0,SYNTHETIC_FOR_PIPELINE_TESTING
2626,B011,Gujarat,Ahmedabad,3309.911,3389.911,80,IMT candidate,synthetic_not_verified,synthetic_observation,0,SYNTHETIC_FOR_PIPELINE_TESTING
2627,B020,Rajasthan,Jaipur,70979.312,70980.312,1,IMT candidate,synthetic_not_verified,synthetic_observation,0,SYNTHETIC_FOR_PIPELINE_TESTING
2628,B006,Karnataka,Bengaluru,1459.477,1464.477,5,IMT candidate,synthetic_not_verified,synthetic_observation,0,SYNTHETIC_FOR_PIPELINE_TESTING
2629,B013,Delhi,New Delhi,3573.009,3583.009,10,IMT candidate,synthetic_not_verified,synthetic_observation,0,SYNTHETIC_FOR_PIPELINE_TESTING
2630,B025,Gujarat,Ahmedabad,5795.214,5800.214,5,WAS/RLAN,synthetic_not_verified,synthetic_observation,1,SYNTHETIC_FOR_PIPELINE_TESTING
2631,B023,West Bengal,Kolkata,5303.871,5343.871,40,WAS/RLAN,synthetic_not_verified,synthetic_observation,1,SYNTHETIC_FOR_PIPELINE_TESTING
2632,B021,Tamil Nadu,Chennai,2412.507,2422.507,10,Low Power / RLAN,synthetic_not_verified,synthetic_observation,0,SYNTHETIC_FOR_PIPELINE_TESTING
2633,B011,Tamil Nadu,Chennai,3330.411,3340.411,10,IMT candidate,synthetic_not_verified,synthetic_observation,0,SYNTHETIC_FOR_PIPELINE_TESTING
2634,B010,Delhi,New Delhi,2509.375,2529.375,20,IMT candidate,synthetic_not_verified,synthetic_observation,0,SYNTHETIC_FOR_PIPELINE_TESTING
2635,B004,Karnataka,Bengaluru,916.034,936.034,20,IMT candidate,synthetic_not_verified,synthetic_observation,1,SYNTHETIC_FOR_PIPELINE_TESTING
2636,B023,Delhi,New Delhi,5253.299,5258.299,5,WAS/RLAN,synthetic_not_verified,synthetic_observation,1,SYNTHETIC_FOR_PIPELINE_TESTING
2637,B011,Telangana,Hyderabad,3368.215,3369.215,1,IMT candidate,synthetic_not_verified,synthetic_observation,0,SYNTHETIC_FOR_PIPELINE_TESTING
2638,B010,West Bengal,Kolkata,2516.138,2596.138,80,IMT candidate,synthetic_not_verified,synthetic_observation,1,SYNTHETIC_FOR_PIPELINE_TESTING
2639,B013,Maharashtra,Mumbai,3507.497,3587.497,80,IMT candidate,synthetic_not_verified,synthetic_observation,0,SYNTHETIC_FOR_PIPELINE_TESTING
2640,B006,Rajasthan,Jaipur,1449.196,1459.196,10,IMT candidate,synthetic_not_verified,synthetic_observation,1,SYNTHETIC_FOR_PIPELINE_TESTING
2641,B004,Gujarat,Ahmedabad,921.524,941.524,20,IMT candidate,synthetic_not_verified,synthetic_observation,1,SYNTHETIC_FOR_PIPELINE_TESTING
2642,B018,Tamil Nadu,Chennai,38768.507,38788.507,20,IMT candidate,synthetic_not_verified,synthetic_observation,1,SYNTHETIC_FOR_PIPELINE_TESTING
2643,B011,Karnataka,Bengaluru,3319.626,3359.626,40,IMT candidate,synthetic_not_verified,synthetic_observation,0,SYNTHETIC_FOR_PIPELINE_TESTING
2644,B011,Maharashtra,Mumbai,3371.319,3376.319,5,IMT candidate,synthetic_not_verified,synthetic_observation,1,SYNTHETIC_FOR_PIPELINE_TESTING
2645,B003,Rajasthan,Jaipur,780.858,860.858,80,IMT candidate,synthetic_not_verified,synthetic_observation,1,SYNTHETIC_FOR_PIPELINE_TESTING
2646,B004,Maharashtra,Mumbai,898.696,903.696,5,IMT candidate,synthetic_not_verified,synthetic_observation,0,SYNTHETIC_FOR_PIPELINE_TESTING
2647,B011,Karnataka,Bengaluru,3360.681,3361.681,1,IMT candidate,synthetic_not_verified,synthetic_observation,0,SYNTHETIC_FOR_PIPELINE_TESTING
2648,B020,Tamil Nadu,Chennai,67685.892,67686.892,1,IMT candidate,synthetic_not_verified,synthetic_observation,0,SYNTHETIC_FOR_PIPELINE_TESTING
2649,B006,Karnataka,Bengaluru,1470.694,1490.694,20,IMT candidate,synthetic_not_verified,synthetic_observation,0,SYNTHETIC_FOR_PIPELINE_TESTING
2650,B021,Tamil Nadu,Chennai,2418.599,2419.599,1,Low Power / RLAN,synthetic_not_verified,synthetic_observation,1,SYNTHETIC_FOR_PIPELINE_TESTING
2651,B021,Rajasthan,Jaipur,2441.205,2446.205,5,Low Power / RLAN,synthetic_not_verified,synthetic_observation,1,SYNTHETIC_FOR_PIPELINE_TESTING
2652,B016,Gujarat,Ahmedabad,7040.154,7050.154,10,IMT candidate,synthetic_not_verified,synthetic_observation,1,SYNTHETIC_FOR_PIPELINE_TESTING
2653,B006,Delhi,New Delhi,1480.831,1481.831,1,IMT candidate,synthetic_not_verified,synthetic_observation,0,SYNTHETIC_FOR_PIPELINE_TESTING
2654,B015,West Bengal,Kolkata,6547.826,6552.826,5,IMT candidate,synthetic_not_verified,synthetic_observation,1,SYNTHETIC_FOR_PIPELINE_TESTING
2655,B011,Karnataka,Bengaluru,3371.46,3381.46,10,IMT candidate,synthetic_not_verified,synthetic_observation,0,SYNTHETIC_FOR_PIPELINE_TESTING
2656,B016,West Bengal,Kolkata,7034.215,7114.215,80,IMT candidate,synthetic_not_verified,synthetic_observation,1,SYNTHETIC_FOR_PIPELINE_TESTING
2657,B002,Gujarat,Ahmedabad,585.0,610.0,40,IMT candidate,synthetic_not_verified,synthetic_observation,1,SYNTHETIC_FOR_PIPELINE_TESTING
2658,B004,West Bengal,Kolkata,916.909,936.909,20,IMT candidate,synthetic_not_verified,synthetic_observation,1,SYNTHETIC_FOR_PIPELINE_TESTING
2659,B004,Maharashtra,Mumbai,908.949,928.949,20,IMT candidate,synthetic_not_verified,synthetic_observation,0,SYNTHETIC_FOR_PIPELINE_TESTING
2660,B007,Maharashtra,Mumbai,1876.216,1881.216,5,IMT candidate,synthetic_not_verified,synthetic_observation,0,SYNTHETIC_FOR_PIPELINE_TESTING
2661,B013,Rajasthan,Jaipur,3509.668,3519.668,10,IMT candidate,synthetic_not_verified,synthetic_observation,0,SYNTHETIC_FOR_PIPELINE_TESTING
2662,B012,Rajasthan,Jaipur,3434.48,3439.48,5,IMT candidate,synthetic_not_verified,synthetic_observation,0,SYNTHETIC_FOR_PIPELINE_TESTING
2663,B004,West Bengal,Kolkata,900.679,940.679,40,IMT candidate,synthetic_not_verified,synthetic_observation,1,SYNTHETIC_FOR_PIPELINE_TESTING
2664,B019,Tamil Nadu,Chennai,42735.323,42740.323,5,IMT candidate,synthetic_not_verified,synthetic_observation,1,SYNTHETIC_FOR_PIPELINE_TESTING
2665,B003,Gujarat,Ahmedabad,645.244,725.244,80,IMT candidate,synthetic_not_verified,synthetic_observation,1,SYNTHETIC_FOR_PIPELINE_TESTING
2666,B014,Tamil Nadu,Chennai,3600.0,3670.0,80,IMT candidate,synthetic_not_verified,synthetic_observation,0,SYNTHETIC_FOR_PIPELINE_TESTING
2667,B001,Maharashtra,Mumbai,498.274,499.274,1,IMT candidate,synthetic_not_verified,synthetic_observation,0,SYNTHETIC_FOR_PIPELINE_TESTING
2668,B015,Maharashtra,Mumbai,6887.86,6892.86,5,IMT candidate,synthetic_not_verified,synthetic_observation,0,SYNTHETIC_FOR_PIPELINE_TESTING
2669,B017,Maharashtra,Mumbai,25826.367,25836.367,10,IMT candidate,synthetic_not_verified,synthetic_observation,0,SYNTHETIC_FOR_PIPELINE_TESTING
2670,B019,Gujarat,Ahmedabad,43288.634,43293.634,5,IMT candidate,synthetic_not_verified,synthetic_observation,0,SYNTHETIC_FOR_PIPELINE_TESTING
2671,B022,Tamil Nadu,Chennai,5186.998,5206.998,20,WAS/RLAN,synthetic_not_verified,synthetic_observation,0,SYNTHETIC_FOR_PIPELINE_TESTING
2672,B005,Gujarat,Ahmedabad,942.0,960.0,20,IMT candidate,synthetic_not_verified,synthetic_observation,1,SYNTHETIC_FOR_PIPELINE_TESTING
2673,B012,Tamil Nadu,Chennai,3433.312,3473.312,40,IMT candidate,synthetic_not_verified,synthetic_observation,0,SYNTHETIC_FOR_PIPELINE_TESTING
2674,B008,Rajasthan,Jaipur,2120.624,2121.624,1,IMT candidate,synthetic_not_verified,synthetic_observation,0,SYNTHETIC_FOR_PIPELINE_TESTING
2675,B010,Karnataka,Bengaluru,2522.13,2532.13,10,IMT candidate,synthetic_not_verified,synthetic_observation,1,SYNTHETIC_FOR_PIPELINE_TESTING
2676,B008,Gujarat,Ahmedabad,2146.032,2166.032,20,IMT candidate,synthetic_not_verified,synthetic_observation,0,SYNTHETIC_FOR_PIPELINE_TESTING
2677,B001,Maharashtra,Mumbai,508.659,528.659,20,IMT candidate,synthetic_not_verified,synthetic_observation,0,SYNTHETIC_FOR_PIPELINE_TESTING
2678,B004,Maharashtra,Mumbai,922.578,927.578,5,IMT candidate,synthetic_not_verified,synthetic_observation,1,SYNTHETIC_FOR_PIPELINE_TESTING
2679,B012,Karnataka,Bengaluru,3452.694,3462.694,10,IMT candidate,synthetic_not_verified,synthetic_observation,0,SYNTHETIC_FOR_PIPELINE_TESTING
2680,B004,Tamil Nadu,Chennai,893.854,933.854,40,IMT candidate,synthetic_not_verified,synthetic_observation,0,SYNTHETIC_FOR_PIPELINE_TESTING
2681,B025,Maharashtra,Mumbai,5818.797,5838.797,20,WAS/RLAN,synthetic_not_verified,synthetic_observation,0,SYNTHETIC_FOR_PIPELINE_TESTING
2682,B001,Maharashtra,Mumbai,504.982,544.982,40,IMT candidate,synthetic_not_verified,synthetic_observation,0,SYNTHETIC_FOR_PIPELINE_TESTING
2683,B003,Delhi,New Delhi,710.499,711.499,1,IMT candidate,synthetic_not_verified,synthetic_observation,0,SYNTHETIC_FOR_PIPELINE_TESTING
2684,B022,West Bengal,Kolkata,5166.232,5186.232,20,WAS/RLAN,synthetic_not_verified,synthetic_observation,0,SYNTHETIC_FOR_PIPELINE_TESTING
2685,B023,Tamil Nadu,Chennai,5263.977,5343.977,80,WAS/RLAN,synthetic_not_verified,synthetic_observation,1,SYNTHETIC_FOR_PIPELINE_TESTING
2686,B015,Delhi,New Delhi,6503.729,6513.729,10,IMT candidate,synthetic_not_verified,synthetic_observation,0,SYNTHETIC_FOR_PIPELINE_TESTING
2687,B003,Karnataka,Bengaluru,790.371,795.371,5,IMT candidate,synthetic_not_verified,synthetic_observation,0,SYNTHETIC_FOR_PIPELINE_TESTING
2688,B001,Maharashtra,Mumbai,531.763,571.763,40,IMT candidate,synthetic_not_verified,synthetic_observation,0,SYNTHETIC_FOR_PIPELINE_TESTING
2689,B005,Tamil Nadu,Chennai,942.0,960.0,80,IMT candidate,synthetic_not_verified,synthetic_observation,0,SYNTHETIC_FOR_PIPELINE_TESTING
2690,B016,Rajasthan,Jaipur,7076.514,7096.514,20,IMT candidate,synthetic_not_verified,synthetic_observation,0,SYNTHETIC_FOR_PIPELINE_TESTING
2691,B023,West Bengal,Kolkata,5286.782,5306.782,20,WAS/RLAN,synthetic_not_verified,synthetic_observation,0,SYNTHETIC_FOR_PIPELINE_TESTING
2692,B017,Delhi,New Delhi,25316.399,25317.399,1,IMT candidate,synthetic_not_verified,synthetic_observation,0,SYNTHETIC_FOR_PIPELINE_TESTING
2693,B007,Gujarat,Ahmedabad,1783.368,1863.368,80,IMT candidate,synthetic_not_verified,synthetic_observation,0,SYNTHETIC_FOR_PIPELINE_TESTING
2694,B018,Telangana,Hyderabad,37963.723,38003.723,40,IMT candidate,synthetic_not_verified,synthetic_observation,0,SYNTHETIC_FOR_PIPELINE_TESTING
2695,B023,Karnataka,Bengaluru,5329.937,5349.937,20,WAS/RLAN,synthetic_not_verified,synthetic_observation,0,SYNTHETIC_FOR_PIPELINE_TESTING
2696,B002,Karnataka,Bengaluru,602.101,603.101,1,IMT candidate,synthetic_not_verified,synthetic_observation,1,SYNTHETIC_FOR_PIPELINE_TESTING
2697,B021,Tamil Nadu,Chennai,2414.598,2434.598,20,Low Power / RLAN,synthetic_not_verified,synthetic_observation,0,SYNTHETIC_FOR_PIPELINE_TESTING
2698,B023,Maharashtra,Mumbai,5269.957,5349.957,80,WAS/RLAN,synthetic_not_verified,synthetic_observation,0,SYNTHETIC_FOR_PIPELINE_TESTING
2699,B013,West Bengal,Kolkata,3541.908,3561.908,20,IMT candidate,synthetic_not_verified,synthetic_observation,0,SYNTHETIC_FOR_PIPELINE_TESTING
2700,B006,Maharashtra,Mumbai,1432.394,1472.394,40,IMT candidate,synthetic_not_verified,synthetic_observation,0,SYNTHETIC_FOR_PIPELINE_TESTING
2701,B001,Karnataka,Bengaluru,497.056,502.056,5,IMT candidate,synthetic_not_verified,synthetic_observation,1,SYNTHETIC_FOR_PIPELINE_TESTING
2702,B011,Rajasthan,Jaipur,3309.369,3389.369,80,IMT candidate,synthetic_not_verified,synthetic_observation,0,SYNTHETIC_FOR_PIPELINE_TESTING
2703,B024,Telangana,Hyderabad,5524.535,5529.535,5,WAS/RLAN,synthetic_not_verified,synthetic_observation,0,SYNTHETIC_FOR_PIPELINE_TESTING
2704,B001,Rajasthan,Jaipur,577.127,578.127,1,IMT candidate,synthetic_not_verified,synthetic_observation,0,SYNTHETIC_FOR_PIPELINE_TESTING
2705,B004,West Bengal,Kolkata,927.003,932.003,5,IMT candidate,synthetic_not_verified,synthetic_observation,1,SYNTHETIC_FOR_PIPELINE_TESTING
2706,B017,Karnataka,Bengaluru,26458.311,26468.311,10,IMT candidate,synthetic_not_verified,synthetic_observation,0,SYNTHETIC_FOR_PIPELINE_TESTING
2707,B009,Rajasthan,Jaipur,2377.408,2387.408,10,IMT candidate,synthetic_not_verified,synthetic_observation,1,SYNTHETIC_FOR_PIPELINE_TESTING
2708,B018,Maharashtra,Mumbai,37742.298,37743.298,1,IMT candidate,synthetic_not_verified,synthetic_observation,1,SYNTHETIC_FOR_PIPELINE_TESTING
2709,B024,West Bengal,Kolkata,5488.272,5568.272,80,WAS/RLAN,synthetic_not_verified,synthetic_observation,0,SYNTHETIC_FOR_PIPELINE_TESTING
2710,B024,Gujarat,Ahmedabad,5509.273,5510.273,1,WAS/RLAN,synthetic_not_verified,synthetic_observation,0,SYNTHETIC_FOR_PIPELINE_TESTING
2711,B017,Rajasthan,Jaipur,27159.441,27179.441,20,IMT candidate,synthetic_not_verified,synthetic_observation,1,SYNTHETIC_FOR_PIPELINE_TESTING
2712,B019,West Bengal,Kolkata,43392.903,43397.903,5,IMT candidate,synthetic_not_verified,synthetic_observation,0,SYNTHETIC_FOR_PIPELINE_TESTING
2713,B009,Delhi,New Delhi,2374.173,2384.173,10,IMT candidate,synthetic_not_verified,synthetic_observation,0,SYNTHETIC_FOR_PIPELINE_TESTING
2714,B018,Tamil Nadu,Chennai,38430.426,38431.426,1,IMT candidate,synthetic_not_verified,synthetic_observation,0,SYNTHETIC_FOR_PIPELINE_TESTING
2715,B011,Karnataka,Bengaluru,3319.191,3359.191,40,IMT candidate,synthetic_not_verified,synthetic_observation,0,SYNTHETIC_FOR_PIPELINE_TESTING
2716,B019,Tamil Nadu,Chennai,42542.36,42543.36,1,IMT candidate,synthetic_not_verified,synthetic_observation,0,SYNTHETIC_FOR_PIPELINE_TESTING
2717,B024,West Bengal,Kolkata,5505.38,5545.38,40,WAS/RLAN,synthetic_not_verified,synthetic_observation,0,SYNTHETIC_FOR_PIPELINE_TESTING
2718,B009,Delhi,New Delhi,2308.449,2388.449,80,IMT candidate,synthetic_not_verified,synthetic_observation,0,SYNTHETIC_FOR_PIPELINE_TESTING
2719,B025,Delhi,New Delhi,5791.601,5811.601,20,WAS/RLAN,synthetic_not_verified,synthetic_observation,1,SYNTHETIC_FOR_PIPELINE_TESTING
2720,B014,Gujarat,Ahmedabad,3619.842,3639.842,20,IMT candidate,synthetic_not_verified,synthetic_observation,0,SYNTHETIC_FOR_PIPELINE_TESTING
2721,B016,Karnataka,Bengaluru,7058.793,7059.793,1,IMT candidate,synthetic_not_verified,synthetic_observation,0,SYNTHETIC_FOR_PIPELINE_TESTING
2722,B002,Rajasthan,Jaipur,585.0,610.0,80,IMT candidate,synthetic_not_verified,synthetic_observation,1,SYNTHETIC_FOR_PIPELINE_TESTING
2723,B023,Maharashtra,Mumbai,5291.014,5311.014,20,WAS/RLAN,synthetic_not_verified,synthetic_observation,1,SYNTHETIC_FOR_PIPELINE_TESTING
2724,B001,Karnataka,Bengaluru,547.217,552.217,5,IMT candidate,synthetic_not_verified,synthetic_observation,0,SYNTHETIC_FOR_PIPELINE_TESTING
2725,B020,Gujarat,Ahmedabad,70263.978,70273.978,10,IMT candidate,synthetic_not_verified,synthetic_observation,0,SYNTHETIC_FOR_PIPELINE_TESTING
2726,B023,Telangana,Hyderabad,5328.853,5329.853,1,WAS/RLAN,synthetic_not_verified,synthetic_observation,1,SYNTHETIC_FOR_PIPELINE_TESTING
2727,B024,Karnataka,Bengaluru,5509.997,5519.997,10,WAS/RLAN,synthetic_not_verified,synthetic_observation,0,SYNTHETIC_FOR_PIPELINE_TESTING
2728,B022,Tamil Nadu,Chennai,5172.215,5182.215,10,WAS/RLAN,synthetic_not_verified,synthetic_observation,0,SYNTHETIC_FOR_PIPELINE_TESTING
2729,B005,Tamil Nadu,Chennai,942.0,960.0,80,IMT candidate,synthetic_not_verified,synthetic_observation,0,SYNTHETIC_FOR_PIPELINE_TESTING
2730,B004,West Bengal,Kolkata,934.992,939.992,5,IMT candidate,synthetic_not_verified,synthetic_observation,1,SYNTHETIC_FOR_PIPELINE_TESTING
2731,B005,Maharashtra,Mumbai,957.445,958.445,1,IMT candidate,synthetic_not_verified,synthetic_observation,1,SYNTHETIC_FOR_PIPELINE_TESTING
2732,B017,Gujarat,Ahmedabad,24553.957,24633.957,80,IMT candidate,synthetic_not_verified,synthetic_observation,0,SYNTHETIC_FOR_PIPELINE_TESTING
2733,B003,Tamil Nadu,Chennai,645.124,685.124,40,IMT candidate,synthetic_not_verified,synthetic_observation,0,SYNTHETIC_FOR_PIPELINE_TESTING
2734,B001,Gujarat,Ahmedabad,506.098,507.098,1,IMT candidate,synthetic_not_verified,synthetic_observation,0,SYNTHETIC_FOR_PIPELINE_TESTING
2735,B001,Maharashtra,Mumbai,515.508,525.508,10,IMT candidate,synthetic_not_verified,synthetic_observation,1,SYNTHETIC_FOR_PIPELINE_TESTING
2736,B017,Telangana,Hyderabad,25370.023,25410.023,40,IMT candidate,synthetic_not_verified,synthetic_observation,1,SYNTHETIC_FOR_PIPELINE_TESTING
2737,B001,Rajasthan,Jaipur,485.602,486.602,1,IMT candidate,synthetic_not_verified,synthetic_observation,0,SYNTHETIC_FOR_PIPELINE_TESTING
2738,B009,Delhi,New Delhi,2364.931,2374.931,10,IMT candidate,synthetic_not_verified,synthetic_observation,0,SYNTHETIC_FOR_PIPELINE_TESTING
2739,B002,Tamil Nadu,Chennai,590.346,600.346,10,IMT candidate,synthetic_not_verified,synthetic_observation,1,SYNTHETIC_FOR_PIPELINE_TESTING
2740,B012,Karnataka,Bengaluru,3402.308,3442.308,40,IMT candidate,synthetic_not_verified,synthetic_observation,0,SYNTHETIC_FOR_PIPELINE_TESTING
2741,B022,Tamil Nadu,Chennai,5215.314,5216.314,1,WAS/RLAN,synthetic_not_verified,synthetic_observation,0,SYNTHETIC_FOR_PIPELINE_TESTING
2742,B020,Rajasthan,Jaipur,69282.491,69322.491,40,IMT candidate,synthetic_not_verified,synthetic_observation,1,SYNTHETIC_FOR_PIPELINE_TESTING
2743,B019,Rajasthan,Jaipur,42752.854,42772.854,20,IMT candidate,synthetic_not_verified,synthetic_observation,0,SYNTHETIC_FOR_PIPELINE_TESTING
2744,B024,Telangana,Hyderabad,5516.06,5536.06,20,WAS/RLAN,synthetic_not_verified,synthetic_observation,0,SYNTHETIC_FOR_PIPELINE_TESTING
2745,B011,Telangana,Hyderabad,3332.75,3372.75,40,IMT candidate,synthetic_not_verified,synthetic_observation,1,SYNTHETIC_FOR_PIPELINE_TESTING
2746,B003,Telangana,Hyderabad,752.026,753.026,1,IMT candidate,synthetic_not_verified,synthetic_observation,0,SYNTHETIC_FOR_PIPELINE_TESTING
2747,B002,Tamil Nadu,Chennai,601.572,606.572,5,IMT candidate,synthetic_not_verified,synthetic_observation,0,SYNTHETIC_FOR_PIPELINE_TESTING
2748,B016,Tamil Nadu,Chennai,7039.252,7079.252,40,IMT candidate,synthetic_not_verified,synthetic_observation,0,SYNTHETIC_FOR_PIPELINE_TESTING
2749,B025,Rajasthan,Jaipur,5825.245,5845.245,20,WAS/RLAN,synthetic_not_verified,synthetic_observation,0,SYNTHETIC_FOR_PIPELINE_TESTING
2750,B001,Rajasthan,Jaipur,500.105,580.105,80,IMT candidate,synthetic_not_verified,synthetic_observation,0,SYNTHETIC_FOR_PIPELINE_TESTING
2751,B016,Telangana,Hyderabad,7047.612,7067.612,20,IMT candidate,synthetic_not_verified,synthetic_observation,1,SYNTHETIC_FOR_PIPELINE_TESTING
2752,B014,Maharashtra,Mumbai,3622.321,3623.321,1,IMT candidate,synthetic_not_verified,synthetic_observation,0,SYNTHETIC_FOR_PIPELINE_TESTING
2753,B012,West Bengal,Kolkata,3449.561,3454.561,5,IMT candidate,synthetic_not_verified,synthetic_observation,0,SYNTHETIC_FOR_PIPELINE_TESTING
2754,B012,Delhi,New Delhi,3435.5,3436.5,1,IMT candidate,synthetic_not_verified,synthetic_observation,0,SYNTHETIC_FOR_PIPELINE_TESTING
2755,B002,West Bengal,Kolkata,585.0,610.0,40,IMT candidate,synthetic_not_verified,synthetic_observation,0,SYNTHETIC_FOR_PIPELINE_TESTING
2756,B004,Maharashtra,Mumbai,911.676,916.676,5,IMT candidate,synthetic_not_verified,synthetic_observation,0,SYNTHETIC_FOR_PIPELINE_TESTING
2757,B010,Maharashtra,Mumbai,2582.301,2587.301,5,IMT candidate,synthetic_not_verified,synthetic_observation,0,SYNTHETIC_FOR_PIPELINE_TESTING
2758,B025,Maharashtra,Mumbai,5743.483,5823.483,80,WAS/RLAN,synthetic_not_verified,synthetic_observation,0,SYNTHETIC_FOR_PIPELINE_TESTING
2759,B004,Maharashtra,Mumbai,894.886,914.886,20,IMT candidate,synthetic_not_verified,synthetic_observation,0,SYNTHETIC_FOR_PIPELINE_TESTING
2760,B003,Delhi,New Delhi,827.778,847.778,20,IMT candidate,synthetic_not_verified,synthetic_observation,1,SYNTHETIC_FOR_PIPELINE_TESTING
2761,B003,Telangana,Hyderabad,829.083,849.083,20,IMT candidate,synthetic_not_verified,synthetic_observation,1,SYNTHETIC_FOR_PIPELINE_TESTING
2762,B009,Telangana,Hyderabad,2354.01,2374.01,20,IMT candidate,synthetic_not_verified,synthetic_observation,1,SYNTHETIC_FOR_PIPELINE_TESTING
2763,B017,Gujarat,Ahmedabad,26960.154,26961.154,1,IMT candidate,synthetic_not_verified,synthetic_observation,0,SYNTHETIC_FOR_PIPELINE_TESTING
2764,B021,Telangana,Hyderabad,2450.159,2451.159,1,Low Power / RLAN,synthetic_not_verified,synthetic_observation,0,SYNTHETIC_FOR_PIPELINE_TESTING
2765,B012,Rajasthan,Jaipur,3404.201,3424.201,20,IMT candidate,synthetic_not_verified,synthetic_observation,0,SYNTHETIC_FOR_PIPELINE_TESTING
2766,B016,Tamil Nadu,Chennai,7036.063,7076.063,40,IMT candidate,synthetic_not_verified,synthetic_observation,0,SYNTHETIC_FOR_PIPELINE_TESTING
2767,B007,Telangana,Hyderabad,1731.411,1732.411,1,IMT candidate,synthetic_not_verified,synthetic_observation,0,SYNTHETIC_FOR_PIPELINE_TESTING
2768,B017,Telangana,Hyderabad,27316.099,27336.099,20,IMT candidate,synthetic_not_verified,synthetic_observation,0,SYNTHETIC_FOR_PIPELINE_TESTING
2769,B017,Tamil Nadu,Chennai,25543.965,25563.965,20,IMT candidate,synthetic_not_verified,synthetic_observation,0,SYNTHETIC_FOR_PIPELINE_TESTING
2770,B021,Delhi,New Delhi,2459.125,2460.125,1,Low Power / RLAN,synthetic_not_verified,synthetic_observation,0,SYNTHETIC_FOR_PIPELINE_TESTING
2771,B007,Karnataka,Bengaluru,1844.605,1924.605,80,IMT candidate,synthetic_not_verified,synthetic_observation,1,SYNTHETIC_FOR_PIPELINE_TESTING
2772,B006,Maharashtra,Mumbai,1491.27,1501.27,10,IMT candidate,synthetic_not_verified,synthetic_observation,0,SYNTHETIC_FOR_PIPELINE_TESTING
2773,B012,Telangana,Hyderabad,3443.658,3483.658,40,IMT candidate,synthetic_not_verified,synthetic_observation,0,SYNTHETIC_FOR_PIPELINE_TESTING
2774,B020,Maharashtra,Mumbai,67881.738,67882.738,1,IMT candidate,synthetic_not_verified,synthetic_observation,0,SYNTHETIC_FOR_PIPELINE_TESTING
2775,B022,Delhi,New Delhi,5159.43,5239.43,80,WAS/RLAN,synthetic_not_verified,synthetic_observation,0,SYNTHETIC_FOR_PIPELINE_TESTING
2776,B008,Delhi,New Delhi,2127.4,2147.4,20,IMT candidate,synthetic_not_verified,synthetic_observation,1,SYNTHETIC_FOR_PIPELINE_TESTING
2777,B023,Delhi,New Delhi,5277.226,5317.226,40,WAS/RLAN,synthetic_not_verified,synthetic_observation,0,SYNTHETIC_FOR_PIPELINE_TESTING
2778,B001,Delhi,New Delhi,507.051,547.051,40,IMT candidate,synthetic_not_verified,synthetic_observation,1,SYNTHETIC_FOR_PIPELINE_TESTING
2779,B004,Tamil Nadu,Chennai,907.883,908.883,1,IMT candidate,synthetic_not_verified,synthetic_observation,0,SYNTHETIC_FOR_PIPELINE_TESTING
2780,B001,Telangana,Hyderabad,502.5,582.5,80,IMT candidate,synthetic_not_verified,synthetic_observation,0,SYNTHETIC_FOR_PIPELINE_TESTING
2781,B020,Delhi,New Delhi,69355.291,69356.291,1,IMT candidate,synthetic_not_verified,synthetic_observation,1,SYNTHETIC_FOR_PIPELINE_TESTING
2782,B008,Tamil Nadu,Chennai,2168.391,2169.391,1,IMT candidate,synthetic_not_verified,synthetic_observation,0,SYNTHETIC_FOR_PIPELINE_TESTING
2783,B017,Telangana,Hyderabad,26110.214,26115.214,5,IMT candidate,synthetic_not_verified,synthetic_observation,0,SYNTHETIC_FOR_PIPELINE_TESTING
2784,B007,Karnataka,Bengaluru,1922.334,1962.334,40,IMT candidate,synthetic_not_verified,synthetic_observation,1,SYNTHETIC_FOR_PIPELINE_TESTING
2785,B003,Maharashtra,Mumbai,673.532,678.532,5,IMT candidate,synthetic_not_verified,synthetic_observation,0,SYNTHETIC_FOR_PIPELINE_TESTING
2786,B002,Karnataka,Bengaluru,585.0,610.0,40,IMT candidate,synthetic_not_verified,synthetic_observation,1,SYNTHETIC_FOR_PIPELINE_TESTING
2787,B010,Maharashtra,Mumbai,2545.412,2625.412,80,IMT candidate,synthetic_not_verified,synthetic_observation,0,SYNTHETIC_FOR_PIPELINE_TESTING
2788,B017,Rajasthan,Jaipur,26358.257,26398.257,40,IMT candidate,synthetic_not_verified,synthetic_observation,0,SYNTHETIC_FOR_PIPELINE_TESTING
2789,B004,Telangana,Hyderabad,904.089,914.089,10,IMT candidate,synthetic_not_verified,synthetic_observation,0,SYNTHETIC_FOR_PIPELINE_TESTING
2790,B018,Gujarat,Ahmedabad,38446.322,38526.322,80,IMT candidate,synthetic_not_verified,synthetic_observation,1,SYNTHETIC_FOR_PIPELINE_TESTING
2791,B018,Rajasthan,Jaipur,39299.024,39319.024,20,IMT candidate,synthetic_not_verified,synthetic_observation,1,SYNTHETIC_FOR_PIPELINE_TESTING
2792,B015,Karnataka,Bengaluru,6924.218,6944.218,20,IMT candidate,synthetic_not_verified,synthetic_observation,0,SYNTHETIC_FOR_PIPELINE_TESTING
2793,B013,Delhi,New Delhi,3524.808,3564.808,40,IMT candidate,synthetic_not_verified,synthetic_observation,0,SYNTHETIC_FOR_PIPELINE_TESTING
2794,B023,Maharashtra,Mumbai,5264.673,5265.673,1,WAS/RLAN,synthetic_not_verified,synthetic_observation,0,SYNTHETIC_FOR_PIPELINE_TESTING
2795,B004,Delhi,New Delhi,908.455,928.455,20,IMT candidate,synthetic_not_verified,synthetic_observation,0,SYNTHETIC_FOR_PIPELINE_TESTING
2796,B024,West Bengal,Kolkata,5489.599,5499.599,10,WAS/RLAN,synthetic_not_verified,synthetic_observation,0,SYNTHETIC_FOR_PIPELINE_TESTING
2797,B017,Karnataka,Bengaluru,24569.341,24570.341,1,IMT candidate,synthetic_not_verified,synthetic_observation,0,SYNTHETIC_FOR_PIPELINE_TESTING
2798,B015,Gujarat,Ahmedabad,6451.072,6491.072,40,IMT candidate,synthetic_not_verified,synthetic_observation,0,SYNTHETIC_FOR_PIPELINE_TESTING
2799,B022,Delhi,New Delhi,5175.171,5195.171,20,WAS/RLAN,synthetic_not_verified,synthetic_observation,0,SYNTHETIC_FOR_PIPELINE_TESTING
2800,B006,Rajasthan,Jaipur,1433.743,1513.743,80,IMT candidate,synthetic_not_verified,synthetic_observation,0,SYNTHETIC_FOR_PIPELINE_TESTING
2801,B025,Delhi,New Delhi,5766.608,5846.608,80,WAS/RLAN,synthetic_not_verified,synthetic_observation,0,SYNTHETIC_FOR_PIPELINE_TESTING
2802,B004,Maharashtra,Mumbai,921.221,941.221,20,IMT candidate,synthetic_not_verified,synthetic_observation,0,SYNTHETIC_FOR_PIPELINE_TESTING
2803,B002,Rajasthan,Jaipur,586.638,587.638,1,IMT candidate,synthetic_not_verified,synthetic_observation,0,SYNTHETIC_FOR_PIPELINE_TESTING
2804,B011,Gujarat,Ahmedabad,3311.064,3312.064,1,IMT candidate,synthetic_not_verified,synthetic_observation,0,SYNTHETIC_FOR_PIPELINE_TESTING
2805,B020,Rajasthan,Jaipur,67439.25,67459.25,20,IMT candidate,synthetic_not_verified,synthetic_observation,0,SYNTHETIC_FOR_PIPELINE_TESTING
2806,B002,West Bengal,Kolkata,585.0,610.0,40,IMT candidate,synthetic_not_verified,synthetic_observation,1,SYNTHETIC_FOR_PIPELINE_TESTING
2807,B011,Rajasthan,Jaipur,3360.116,3365.116,5,IMT candidate,synthetic_not_verified,synthetic_observation,0,SYNTHETIC_FOR_PIPELINE_TESTING
2808,B025,Rajasthan,Jaipur,5750.446,5830.446,80,WAS/RLAN,synthetic_not_verified,synthetic_observation,0,SYNTHETIC_FOR_PIPELINE_TESTING
2809,B024,Tamil Nadu,Chennai,5676.298,5686.298,10,WAS/RLAN,synthetic_not_verified,synthetic_observation,0,SYNTHETIC_FOR_PIPELINE_TESTING
2810,B011,Tamil Nadu,Chennai,3341.417,3351.417,10,IMT candidate,synthetic_not_verified,synthetic_observation,0,SYNTHETIC_FOR_PIPELINE_TESTING
2811,B017,Tamil Nadu,Chennai,25605.184,25645.184,40,IMT candidate,synthetic_not_verified,synthetic_observation,1,SYNTHETIC_FOR_PIPELINE_TESTING
2812,B020,Gujarat,Ahmedabad,69136.222,69146.222,10,IMT candidate,synthetic_not_verified,synthetic_observation,1,SYNTHETIC_FOR_PIPELINE_TESTING
2813,B024,Tamil Nadu,Chennai,5586.992,5587.992,1,WAS/RLAN,synthetic_not_verified,synthetic_observation,0,SYNTHETIC_FOR_PIPELINE_TESTING
2814,B018,Maharashtra,Mumbai,37969.282,38009.282,40,IMT candidate,synthetic_not_verified,synthetic_observation,1,SYNTHETIC_FOR_PIPELINE_TESTING
2815,B019,West Bengal,Kolkata,42889.329,42929.329,40,IMT candidate,synthetic_not_verified,synthetic_observation,0,SYNTHETIC_FOR_PIPELINE_TESTING
2816,B024,Rajasthan,Jaipur,5470.141,5490.141,20,WAS/RLAN,synthetic_not_verified,synthetic_observation,0,SYNTHETIC_FOR_PIPELINE_TESTING
2817,B019,Tamil Nadu,Chennai,42558.685,42598.685,40,IMT candidate,synthetic_not_verified,synthetic_observation,0,SYNTHETIC_FOR_PIPELINE_TESTING
2818,B025,Telangana,Hyderabad,5828.368,5848.368,20,WAS/RLAN,synthetic_not_verified,synthetic_observation,1,SYNTHETIC_FOR_PIPELINE_TESTING
2819,B025,Tamil Nadu,Chennai,5834.948,5874.948,40,WAS/RLAN,synthetic_not_verified,synthetic_observation,0,SYNTHETIC_FOR_PIPELINE_TESTING
2820,B005,Delhi,New Delhi,942.0,960.0,80,IMT candidate,synthetic_not_verified,synthetic_observation,0,SYNTHETIC_FOR_PIPELINE_TESTING
2821,B011,Delhi,New Delhi,3349.04,3369.04,20,IMT candidate,synthetic_not_verified,synthetic_observation,0,SYNTHETIC_FOR_PIPELINE_TESTING
2822,B005,Delhi,New Delhi,942.0,960.0,80,IMT candidate,synthetic_not_verified,synthetic_observation,1,SYNTHETIC_FOR_PIPELINE_TESTING
2823,B024,Karnataka,Bengaluru,5486.477,5496.477,10,WAS/RLAN,synthetic_not_verified,synthetic_observation,1,SYNTHETIC_FOR_PIPELINE_TESTING
2824,B021,Maharashtra,Mumbai,2418.263,2428.263,10,Low Power / RLAN,synthetic_not_verified,synthetic_observation,0,SYNTHETIC_FOR_PIPELINE_TESTING
2825,B015,West Bengal,Kolkata,6577.583,6587.583,10,IMT candidate,synthetic_not_verified,synthetic_observation,1,SYNTHETIC_FOR_PIPELINE_TESTING
2826,B012,Telangana,Hyderabad,3405.607,3425.607,20,IMT candidate,synthetic_not_verified,synthetic_observation,1,SYNTHETIC_FOR_PIPELINE_TESTING
2827,B002,Delhi,New Delhi,585.0,610.0,80,IMT candidate,synthetic_not_verified,synthetic_observation,0,SYNTHETIC_FOR_PIPELINE_TESTING
2828,B025,West Bengal,Kolkata,5832.791,5842.791,10,WAS/RLAN,synthetic_not_verified,synthetic_observation,0,SYNTHETIC_FOR_PIPELINE_TESTING
2829,B005,Rajasthan,Jaipur,951.439,952.439,1,IMT candidate,synthetic_not_verified,synthetic_observation,0,SYNTHETIC_FOR_PIPELINE_TESTING
2830,B024,West Bengal,Kolkata,5507.511,5512.511,5,WAS/RLAN,synthetic_not_verified,synthetic_observation,1,SYNTHETIC_FOR_PIPELINE_TESTING
2831,B002,Tamil Nadu,Chennai,589.566,609.566,20,IMT candidate,synthetic_not_verified,synthetic_observation,0,SYNTHETIC_FOR_PIPELINE_TESTING
2832,B005,Delhi,New Delhi,942.0,960.0,40,IMT candidate,synthetic_not_verified,synthetic_observation,0,SYNTHETIC_FOR_PIPELINE_TESTING
2833,B020,Tamil Nadu,Chennai,69990.011,69991.011,1,IMT candidate,synthetic_not_verified,synthetic_observation,0,SYNTHETIC_FOR_PIPELINE_TESTING
2834,B013,Tamil Nadu,Chennai,3555.267,3575.267,20,IMT candidate,synthetic_not_verified,synthetic_observation,1,SYNTHETIC_FOR_PIPELINE_TESTING
2835,B018,Tamil Nadu,Chennai,38499.875,38519.875,20,IMT candidate,synthetic_not_verified,synthetic_observation,0,SYNTHETIC_FOR_PIPELINE_TESTING
2836,B024,Delhi,New Delhi,5533.647,5534.647,1,WAS/RLAN,synthetic_not_verified,synthetic_observation,1,SYNTHETIC_FOR_PIPELINE_TESTING
2837,B007,Gujarat,Ahmedabad,1932.375,1942.375,10,IMT candidate,synthetic_not_verified,synthetic_observation,0,SYNTHETIC_FOR_PIPELINE_TESTING
2838,B004,Gujarat,Ahmedabad,891.736,892.736,1,IMT candidate,synthetic_not_verified,synthetic_observation,0,SYNTHETIC_FOR_PIPELINE_TESTING
2839,B006,Maharashtra,Mumbai,1472.744,1512.744,40,IMT candidate,synthetic_not_verified,synthetic_observation,1,SYNTHETIC_FOR_PIPELINE_TESTING
2840,B006,Delhi,New Delhi,1503.847,1504.847,1,IMT candidate,synthetic_not_verified,synthetic_observation,0,SYNTHETIC_FOR_PIPELINE_TESTING
2841,B003,Rajasthan,Jaipur,691.199,701.199,10,IMT candidate,synthetic_not_verified,synthetic_observation,1,SYNTHETIC_FOR_PIPELINE_TESTING
2842,B010,Maharashtra,Mumbai,2584.885,2664.885,80,IMT candidate,synthetic_not_verified,synthetic_observation,0,SYNTHETIC_FOR_PIPELINE_TESTING
2843,B015,West Bengal,Kolkata,6685.271,6686.271,1,IMT candidate,synthetic_not_verified,synthetic_observation,0,SYNTHETIC_FOR_PIPELINE_TESTING
2844,B015,Tamil Nadu,Chennai,6602.037,6612.037,10,IMT candidate,synthetic_not_verified,synthetic_observation,1,SYNTHETIC_FOR_PIPELINE_TESTING
2845,B010,Karnataka,Bengaluru,2571.812,2611.812,40,IMT candidate,synthetic_not_verified,synthetic_observation,0,SYNTHETIC_FOR_PIPELINE_TESTING
2846,B009,Telangana,Hyderabad,2332.958,2333.958,1,IMT candidate,synthetic_not_verified,synthetic_observation,0,SYNTHETIC_FOR_PIPELINE_TESTING
2847,B015,Maharashtra,Mumbai,6859.779,6939.779,80,IMT candidate,synthetic_not_verified,synthetic_observation,1,SYNTHETIC_FOR_PIPELINE_TESTING
2848,B013,Telangana,Hyderabad,3525.454,3545.454,20,IMT candidate,synthetic_not_verified,synthetic_observation,0,SYNTHETIC_FOR_PIPELINE_TESTING
2849,B017,Tamil Nadu,Chennai,24980.607,24990.607,10,IMT candidate,synthetic_not_verified,synthetic_observation,0,SYNTHETIC_FOR_PIPELINE_TESTING
2850,B015,West Bengal,Kolkata,6595.563,6605.563,10,IMT candidate,synthetic_not_verified,synthetic_observation,1,SYNTHETIC_FOR_PIPELINE_TESTING
2851,B014,Maharashtra,Mumbai,3600.917,3640.917,40,IMT candidate,synthetic_not_verified,synthetic_observation,1,SYNTHETIC_FOR_PIPELINE_TESTING
2852,B009,Delhi,New Delhi,2361.291,2362.291,1,IMT candidate,synthetic_not_verified,synthetic_observation,1,SYNTHETIC_FOR_PIPELINE_TESTING
2853,B024,Karnataka,Bengaluru,5662.378,5663.378,1,WAS/RLAN,synthetic_not_verified,synthetic_observation,1,SYNTHETIC_FOR_PIPELINE_TESTING
2854,B005,Telangana,Hyderabad,942.0,960.0,80,IMT candidate,synthetic_not_verified,synthetic_observation,0,SYNTHETIC_FOR_PIPELINE_TESTING
2855,B007,Tamil Nadu,Chennai,1744.204,1764.204,20,IMT candidate,synthetic_not_verified,synthetic_observation,0,SYNTHETIC_FOR_PIPELINE_TESTING
2856,B003,Karnataka,Bengaluru,743.287,763.287,20,IMT candidate,synthetic_not_verified,synthetic_observation,0,SYNTHETIC_FOR_PIPELINE_TESTING
2857,B018,Rajasthan,Jaipur,38088.408,38168.408,80,IMT candidate,synthetic_not_verified,synthetic_observation,0,SYNTHETIC_FOR_PIPELINE_TESTING
2858,B007,Maharashtra,Mumbai,1855.52,1860.52,5,IMT candidate,synthetic_not_verified,synthetic_observation,0,SYNTHETIC_FOR_PIPELINE_TESTING
2859,B006,Telangana,Hyderabad,1429.477,1509.477,80,IMT candidate,synthetic_not_verified,synthetic_observation,0,SYNTHETIC_FOR_PIPELINE_TESTING
2860,B001,Telangana,Hyderabad,562.016,582.016,20,IMT candidate,synthetic_not_verified,synthetic_observation,0,SYNTHETIC_FOR_PIPELINE_TESTING
2861,B003,Telangana,Hyderabad,830.203,835.203,5,IMT candidate,synthetic_not_verified,synthetic_observation,1,SYNTHETIC_FOR_PIPELINE_TESTING
2862,B023,Maharashtra,Mumbai,5334.425,5339.425,5,WAS/RLAN,synthetic_not_verified,synthetic_observation,1,SYNTHETIC_FOR_PIPELINE_TESTING
2863,B015,West Bengal,Kolkata,6518.393,6538.393,20,IMT candidate,synthetic_not_verified,synthetic_observation,1,SYNTHETIC_FOR_PIPELINE_TESTING
2864,B019,Tamil Nadu,Chennai,43098.337,43118.337,20,IMT candidate,synthetic_not_verified,synthetic_observation,0,SYNTHETIC_FOR_PIPELINE_TESTING
2865,B021,Maharashtra,Mumbai,2439.467,2479.467,40,Low Power / RLAN,synthetic_not_verified,synthetic_observation,0,SYNTHETIC_FOR_PIPELINE_TESTING
2866,B011,Telangana,Hyderabad,3352.608,3372.608,20,IMT candidate,synthetic_not_verified,synthetic_observation,0,SYNTHETIC_FOR_PIPELINE_TESTING
2867,B016,West Bengal,Kolkata,7066.957,7106.957,40,IMT candidate,synthetic_not_verified,synthetic_observation,0,SYNTHETIC_FOR_PIPELINE_TESTING
2868,B022,Telangana,Hyderabad,5208.255,5218.255,10,WAS/RLAN,synthetic_not_verified,synthetic_observation,1,SYNTHETIC_FOR_PIPELINE_TESTING
2869,B005,Rajasthan,Jaipur,942.0,960.0,80,IMT candidate,synthetic_not_verified,synthetic_observation,0,SYNTHETIC_FOR_PIPELINE_TESTING
2870,B014,Tamil Nadu,Chennai,3620.125,3630.125,10,IMT candidate,synthetic_not_verified,synthetic_observation,0,SYNTHETIC_FOR_PIPELINE_TESTING
2871,B004,Delhi,New Delhi,890.0,942.0,80,IMT candidate,synthetic_not_verified,synthetic_observation,1,SYNTHETIC_FOR_PIPELINE_TESTING
2872,B002,West Bengal,Kolkata,585.0,610.0,40,IMT candidate,synthetic_not_verified,synthetic_observation,0,SYNTHETIC_FOR_PIPELINE_TESTING
2873,B006,West Bengal,Kolkata,1448.629,1488.629,40,IMT candidate,synthetic_not_verified,synthetic_observation,0,SYNTHETIC_FOR_PIPELINE_TESTING
2874,B012,Tamil Nadu,Chennai,3406.644,3411.644,5,IMT candidate,synthetic_not_verified,synthetic_observation,0,SYNTHETIC_FOR_PIPELINE_TESTING
2875,B001,Telangana,Hyderabad,513.92,553.92,40,IMT candidate,synthetic_not_verified,synthetic_observation,1,SYNTHETIC_FOR_PIPELINE_TESTING
2876,B015,Telangana,Hyderabad,6776.256,6777.256,1,IMT candidate,synthetic_not_verified,synthetic_observation,0,SYNTHETIC_FOR_PIPELINE_TESTING
2877,B006,Karnataka,Bengaluru,1462.256,1467.256,5,IMT candidate,synthetic_not_verified,synthetic_observation,0,SYNTHETIC_FOR_PIPELINE_TESTING
2878,B024,Delhi,New Delhi,5545.695,5625.695,80,WAS/RLAN,synthetic_not_verified,synthetic_observation,1,SYNTHETIC_FOR_PIPELINE_TESTING
2879,B018,Telangana,Hyderabad,37141.564,37181.564,40,IMT candidate,synthetic_not_verified,synthetic_observation,0,SYNTHETIC_FOR_PIPELINE_TESTING
2880,B009,West Bengal,Kolkata,2327.714,2367.714,40,IMT candidate,synthetic_not_verified,synthetic_observation,0,SYNTHETIC_FOR_PIPELINE_TESTING
2881,B007,Maharashtra,Mumbai,1725.85,1735.85,10,IMT candidate,synthetic_not_verified,synthetic_observation,0,SYNTHETIC_FOR_PIPELINE_TESTING
2882,B013,Gujarat,Ahmedabad,3507.895,3587.895,80,IMT candidate,synthetic_not_verified,synthetic_observation,1,SYNTHETIC_FOR_PIPELINE_TESTING
2883,B022,Gujarat,Ahmedabad,5160.616,5200.616,40,WAS/RLAN,synthetic_not_verified,synthetic_observation,0,SYNTHETIC_FOR_PIPELINE_TESTING
2884,B003,Karnataka,Bengaluru,615.291,695.291,80,IMT candidate,synthetic_not_verified,synthetic_observation,1,SYNTHETIC_FOR_PIPELINE_TESTING
2885,B005,Gujarat,Ahmedabad,945.833,950.833,5,IMT candidate,synthetic_not_verified,synthetic_observation,0,SYNTHETIC_FOR_PIPELINE_TESTING
2886,B001,Maharashtra,Mumbai,515.031,555.031,40,IMT candidate,synthetic_not_verified,synthetic_observation,0,SYNTHETIC_FOR_PIPELINE_TESTING
2887,B005,Telangana,Hyderabad,949.832,954.832,5,IMT candidate,synthetic_not_verified,synthetic_observation,1,SYNTHETIC_FOR_PIPELINE_TESTING
2888,B011,Gujarat,Ahmedabad,3318.83,3398.83,80,IMT candidate,synthetic_not_verified,synthetic_observation,0,SYNTHETIC_FOR_PIPELINE_TESTING
2889,B024,Karnataka,Bengaluru,5527.107,5528.107,1,WAS/RLAN,synthetic_not_verified,synthetic_observation,0,SYNTHETIC_FOR_PIPELINE_TESTING
2890,B009,West Bengal,Kolkata,2306.638,2311.638,5,IMT candidate,synthetic_not_verified,synthetic_observation,0,SYNTHETIC_FOR_PIPELINE_TESTING
2891,B014,Karnataka,Bengaluru,3623.497,3663.497,40,IMT candidate,synthetic_not_verified,synthetic_observation,0,SYNTHETIC_FOR_PIPELINE_TESTING
2892,B007,Delhi,New Delhi,1994.584,1999.584,5,IMT candidate,synthetic_not_verified,synthetic_observation,0,SYNTHETIC_FOR_PIPELINE_TESTING
2893,B017,Telangana,Hyderabad,26800.379,26840.379,40,IMT candidate,synthetic_not_verified,synthetic_observation,0,SYNTHETIC_FOR_PIPELINE_TESTING
2894,B024,Maharashtra,Mumbai,5703.732,5713.732,10,WAS/RLAN,synthetic_not_verified,synthetic_observation,0,SYNTHETIC_FOR_PIPELINE_TESTING
2895,B016,Karnataka,Bengaluru,7075.611,7095.611,20,IMT candidate,synthetic_not_verified,synthetic_observation,0,SYNTHETIC_FOR_PIPELINE_TESTING
2896,B012,Tamil Nadu,Chennai,3463.932,3464.932,1,IMT candidate,synthetic_not_verified,synthetic_observation,1,SYNTHETIC_FOR_PIPELINE_TESTING
2897,B014,West Bengal,Kolkata,3618.482,3623.482,5,IMT candidate,synthetic_not_verified,synthetic_observation,0,SYNTHETIC_FOR_PIPELINE_TESTING
2898,B002,Telangana,Hyderabad,590.451,600.451,10,IMT candidate,synthetic_not_verified,synthetic_observation,1,SYNTHETIC_FOR_PIPELINE_TESTING
2899,B016,Telangana,Hyderabad,7072.873,7073.873,1,IMT candidate,synthetic_not_verified,synthetic_observation,0,SYNTHETIC_FOR_PIPELINE_TESTING
2900,B020,Telangana,Hyderabad,67553.723,67593.723,40,IMT candidate,synthetic_not_verified,synthetic_observation,0,SYNTHETIC_FOR_PIPELINE_TESTING
2901,B024,Karnataka,Bengaluru,5510.232,5511.232,1,WAS/RLAN,synthetic_not_verified,synthetic_observation,0,SYNTHETIC_FOR_PIPELINE_TESTING
2902,B004,Karnataka,Bengaluru,890.0,942.0,80,IMT candidate,synthetic_not_verified,synthetic_observation,0,SYNTHETIC_FOR_PIPELINE_TESTING
2903,B018,Rajasthan,Jaipur,39199.464,39219.464,20,IMT candidate,synthetic_not_verified,synthetic_observation,0,SYNTHETIC_FOR_PIPELINE_TESTING
2904,B002,Tamil Nadu,Chennai,585.0,610.0,80,IMT candidate,synthetic_not_verified,synthetic_observation,0,SYNTHETIC_FOR_PIPELINE_TESTING
2905,B001,Maharashtra,Mumbai,542.666,543.666,1,IMT candidate,synthetic_not_verified,synthetic_observation,0,SYNTHETIC_FOR_PIPELINE_TESTING
2906,B007,Karnataka,Bengaluru,1729.502,1739.502,10,IMT candidate,synthetic_not_verified,synthetic_observation,0,SYNTHETIC_FOR_PIPELINE_TESTING
2907,B022,Delhi,New Delhi,5186.047,5206.047,20,WAS/RLAN,synthetic_not_verified,synthetic_observation,1,SYNTHETIC_FOR_PIPELINE_TESTING
2908,B014,West Bengal,Kolkata,3642.157,3647.157,5,IMT candidate,synthetic_not_verified,synthetic_observation,1,SYNTHETIC_FOR_PIPELINE_TESTING
2909,B024,Karnataka,Bengaluru,5484.638,5564.638,80,WAS/RLAN,synthetic_not_verified,synthetic_observation,0,SYNTHETIC_FOR_PIPELINE_TESTING
2910,B013,Rajasthan,Jaipur,3523.788,3524.788,1,IMT candidate,synthetic_not_verified,synthetic_observation,1,SYNTHETIC_FOR_PIPELINE_TESTING
2911,B019,Karnataka,Bengaluru,43442.565,43447.565,5,IMT candidate,synthetic_not_verified,synthetic_observation,0,SYNTHETIC_FOR_PIPELINE_TESTING
2912,B006,Delhi,New Delhi,1494.488,1514.488,20,IMT candidate,synthetic_not_verified,synthetic_observation,0,SYNTHETIC_FOR_PIPELINE_TESTING
2913,B018,Maharashtra,Mumbai,38308.538,38313.538,5,IMT candidate,synthetic_not_verified,synthetic_observation,1,SYNTHETIC_FOR_PIPELINE_TESTING
2914,B007,Gujarat,Ahmedabad,1725.111,1765.111,40,IMT candidate,synthetic_not_verified,synthetic_observation,1,SYNTHETIC_FOR_PIPELINE_TESTING
2915,B019,Tamil Nadu,Chennai,42653.559,42733.559,80,IMT candidate,synthetic_not_verified,synthetic_observation,1,SYNTHETIC_FOR_PIPELINE_TESTING
2916,B019,Delhi,New Delhi,42615.144,42616.144,1,IMT candidate,synthetic_not_verified,synthetic_observation,0,SYNTHETIC_FOR_PIPELINE_TESTING
2917,B024,West Bengal,Kolkata,5518.798,5519.798,1,WAS/RLAN,synthetic_not_verified,synthetic_observation,0,SYNTHETIC_FOR_PIPELINE_TESTING
2918,B022,Tamil Nadu,Chennai,5188.755,5228.755,40,WAS/RLAN,synthetic_not_verified,synthetic_observation,1,SYNTHETIC_FOR_PIPELINE_TESTING
2919,B015,West Bengal,Kolkata,6880.206,6920.206,40,IMT candidate,synthetic_not_verified,synthetic_observation,0,SYNTHETIC_FOR_PIPELINE_TESTING
2920,B009,Gujarat,Ahmedabad,2352.163,2353.163,1,IMT candidate,synthetic_not_verified,synthetic_observation,0,SYNTHETIC_FOR_PIPELINE_TESTING
2921,B007,Rajasthan,Jaipur,1802.351,1803.351,1,IMT candidate,synthetic_not_verified,synthetic_observation,0,SYNTHETIC_FOR_PIPELINE_TESTING
2922,B015,Gujarat,Ahmedabad,6604.348,6609.348,5,IMT candidate,synthetic_not_verified,synthetic_observation,1,SYNTHETIC_FOR_PIPELINE_TESTING
2923,B009,Telangana,Hyderabad,2370.966,2371.966,1,IMT candidate,synthetic_not_verified,synthetic_observation,0,SYNTHETIC_FOR_PIPELINE_TESTING
2924,B003,Delhi,New Delhi,698.398,738.398,40,IMT candidate,synthetic_not_verified,synthetic_observation,0,SYNTHETIC_FOR_PIPELINE_TESTING
2925,B003,Karnataka,Bengaluru,660.547,700.547,40,IMT candidate,synthetic_not_verified,synthetic_observation,0,SYNTHETIC_FOR_PIPELINE_TESTING
2926,B015,Delhi,New Delhi,6671.318,6691.318,20,IMT candidate,synthetic_not_verified,synthetic_observation,1,SYNTHETIC_FOR_PIPELINE_TESTING
2927,B017,West Bengal,Kolkata,26663.813,26683.813,20,IMT candidate,synthetic_not_verified,synthetic_observation,1,SYNTHETIC_FOR_PIPELINE_TESTING
2928,B009,Tamil Nadu,Chennai,2388.109,2393.109,5,IMT candidate,synthetic_not_verified,synthetic_observation,0,SYNTHETIC_FOR_PIPELINE_TESTING
2929,B020,Telangana,Hyderabad,66302.694,66312.694,10,IMT candidate,synthetic_not_verified,synthetic_observation,1,SYNTHETIC_FOR_PIPELINE_TESTING
2930,B023,Maharashtra,Mumbai,5254.272,5294.272,40,WAS/RLAN,synthetic_not_verified,synthetic_observation,0,SYNTHETIC_FOR_PIPELINE_TESTING
2931,B022,Telangana,Hyderabad,5191.378,5231.378,40,WAS/RLAN,synthetic_not_verified,synthetic_observation,0,SYNTHETIC_FOR_PIPELINE_TESTING
2932,B018,Maharashtra,Mumbai,37192.134,37197.134,5,IMT candidate,synthetic_not_verified,synthetic_observation,1,SYNTHETIC_FOR_PIPELINE_TESTING
2933,B020,Delhi,New Delhi,70420.665,70421.665,1,IMT candidate,synthetic_not_verified,synthetic_observation,0,SYNTHETIC_FOR_PIPELINE_TESTING
2934,B002,Maharashtra,Mumbai,585.0,610.0,40,IMT candidate,synthetic_not_verified,synthetic_observation,1,SYNTHETIC_FOR_PIPELINE_TESTING
2935,B022,Gujarat,Ahmedabad,5189.713,5190.713,1,WAS/RLAN,synthetic_not_verified,synthetic_observation,0,SYNTHETIC_FOR_PIPELINE_TESTING
2936,B012,Maharashtra,Mumbai,3452.851,3462.851,10,IMT candidate,synthetic_not_verified,synthetic_observation,0,SYNTHETIC_FOR_PIPELINE_TESTING
2937,B007,West Bengal,Kolkata,1791.729,1871.729,80,IMT candidate,synthetic_not_verified,synthetic_observation,0,SYNTHETIC_FOR_PIPELINE_TESTING
2938,B003,Gujarat,Ahmedabad,773.9,853.9,80,IMT candidate,synthetic_not_verified,synthetic_observation,1,SYNTHETIC_FOR_PIPELINE_TESTING
2939,B001,Telangana,Hyderabad,489.661,569.661,80,IMT candidate,synthetic_not_verified,synthetic_observation,1,SYNTHETIC_FOR_PIPELINE_TESTING
2940,B019,Karnataka,Bengaluru,43256.92,43276.92,20,IMT candidate,synthetic_not_verified,synthetic_observation,1,SYNTHETIC_FOR_PIPELINE_TESTING
2941,B019,Rajasthan,Jaipur,42928.085,42929.085,1,IMT candidate,synthetic_not_verified,synthetic_observation,0,SYNTHETIC_FOR_PIPELINE_TESTING
2942,B005,Tamil Nadu,Chennai,947.318,952.318,5,IMT candidate,synthetic_not_verified,synthetic_observation,0,SYNTHETIC_FOR_PIPELINE_TESTING
2943,B020,Karnataka,Bengaluru,68465.648,68466.648,1,IMT candidate,synthetic_not_verified,synthetic_observation,1,SYNTHETIC_FOR_PIPELINE_TESTING
2944,B022,Telangana,Hyderabad,5192.286,5197.286,5,WAS/RLAN,synthetic_not_verified,synthetic_observation,1,SYNTHETIC_FOR_PIPELINE_TESTING
2945,B007,Tamil Nadu,Chennai,1958.399,1963.399,5,IMT candidate,synthetic_not_verified,synthetic_observation,0,SYNTHETIC_FOR_PIPELINE_TESTING
2946,B015,Gujarat,Ahmedabad,6539.074,6549.074,10,IMT candidate,synthetic_not_verified,synthetic_observation,0,SYNTHETIC_FOR_PIPELINE_TESTING
2947,B012,Gujarat,Ahmedabad,3423.334,3433.334,10,IMT candidate,synthetic_not_verified,synthetic_observation,1,SYNTHETIC_FOR_PIPELINE_TESTING
2948,B020,West Bengal,Kolkata,68653.213,68654.213,1,IMT candidate,synthetic_not_verified,synthetic_observation,0,SYNTHETIC_FOR_PIPELINE_TESTING
2949,B015,Karnataka,Bengaluru,6481.574,6521.574,40,IMT candidate,synthetic_not_verified,synthetic_observation,0,SYNTHETIC_FOR_PIPELINE_TESTING
2950,B008,Rajasthan,Jaipur,2112.451,2132.451,20,IMT candidate,synthetic_not_verified,synthetic_observation,0,SYNTHETIC_FOR_PIPELINE_TESTING
2951,B005,Gujarat,Ahmedabad,948.656,958.656,10,IMT candidate,synthetic_not_verified,synthetic_observation,0,SYNTHETIC_FOR_PIPELINE_TESTING
2952,B009,Rajasthan,Jaipur,2320.39,2321.39,1,IMT candidate,synthetic_not_verified,synthetic_observation,1,SYNTHETIC_FOR_PIPELINE_TESTING
2953,B021,Maharashtra,Mumbai,2401.315,2481.315,80,Low Power / RLAN,synthetic_not_verified,synthetic_observation,0,SYNTHETIC_FOR_PIPELINE_TESTING
2954,B012,Karnataka,Bengaluru,3403.002,3413.002,10,IMT candidate,synthetic_not_verified,synthetic_observation,0,SYNTHETIC_FOR_PIPELINE_TESTING
2955,B023,Tamil Nadu,Chennai,5319.235,5320.235,1,WAS/RLAN,synthetic_not_verified,synthetic_observation,0,SYNTHETIC_FOR_PIPELINE_TESTING
2956,B016,Tamil Nadu,Chennai,7036.072,7116.072,80,IMT candidate,synthetic_not_verified,synthetic_observation,0,SYNTHETIC_FOR_PIPELINE_TESTING
2957,B016,Telangana,Hyderabad,7101.258,7111.258,10,IMT candidate,synthetic_not_verified,synthetic_observation,0,SYNTHETIC_FOR_PIPELINE_TESTING
2958,B005,Tamil Nadu,Chennai,954.122,955.122,1,IMT candidate,synthetic_not_verified,synthetic_observation,1,SYNTHETIC_FOR_PIPELINE_TESTING
2959,B022,Tamil Nadu,Chennai,5189.416,5229.416,40,WAS/RLAN,synthetic_not_verified,synthetic_observation,0,SYNTHETIC_FOR_PIPELINE_TESTING
2960,B015,Karnataka,Bengaluru,6930.909,6970.909,40,IMT candidate,synthetic_not_verified,synthetic_observation,1,SYNTHETIC_FOR_PIPELINE_TESTING
2961,B018,Tamil Nadu,Chennai,37251.077,37256.077,5,IMT candidate,synthetic_not_verified,synthetic_observation,0,SYNTHETIC_FOR_PIPELINE_TESTING
2962,B021,Gujarat,Ahmedabad,2425.716,2465.716,40,Low Power / RLAN,synthetic_not_verified,synthetic_observation,0,SYNTHETIC_FOR_PIPELINE_TESTING
2963,B015,Delhi,New Delhi,6712.239,6752.239,40,IMT candidate,synthetic_not_verified,synthetic_observation,0,SYNTHETIC_FOR_PIPELINE_TESTING
2964,B009,Maharashtra,Mumbai,2396.82,2397.82,1,IMT candidate,synthetic_not_verified,synthetic_observation,0,SYNTHETIC_FOR_PIPELINE_TESTING
2965,B023,West Bengal,Kolkata,5284.214,5324.214,40,WAS/RLAN,synthetic_not_verified,synthetic_observation,0,SYNTHETIC_FOR_PIPELINE_TESTING
2966,B001,Telangana,Hyderabad,547.57,552.57,5,IMT candidate,synthetic_not_verified,synthetic_observation,0,SYNTHETIC_FOR_PIPELINE_TESTING
2967,B006,Karnataka,Bengaluru,1451.217,1491.217,40,IMT candidate,synthetic_not_verified,synthetic_observation,0,SYNTHETIC_FOR_PIPELINE_TESTING
2968,B006,Karnataka,Bengaluru,1437.297,1517.297,80,IMT candidate,synthetic_not_verified,synthetic_observation,0,SYNTHETIC_FOR_PIPELINE_TESTING
2969,B003,Rajasthan,Jaipur,784.323,824.323,40,IMT candidate,synthetic_not_verified,synthetic_observation,1,SYNTHETIC_FOR_PIPELINE_TESTING
2970,B013,Maharashtra,Mumbai,3502.649,3582.649,80,IMT candidate,synthetic_not_verified,synthetic_observation,0,SYNTHETIC_FOR_PIPELINE_TESTING
2971,B022,Rajasthan,Jaipur,5205.946,5225.946,20,WAS/RLAN,synthetic_not_verified,synthetic_observation,1,SYNTHETIC_FOR_PIPELINE_TESTING
2972,B015,Karnataka,Bengaluru,6990.381,7000.381,10,IMT candidate,synthetic_not_verified,synthetic_observation,1,SYNTHETIC_FOR_PIPELINE_TESTING
2973,B004,Telangana,Hyderabad,930.119,935.119,5,IMT candidate,synthetic_not_verified,synthetic_observation,0,SYNTHETIC_FOR_PIPELINE_TESTING
2974,B012,Rajasthan,Jaipur,3402.895,3442.895,40,IMT candidate,synthetic_not_verified,synthetic_observation,1,SYNTHETIC_FOR_PIPELINE_TESTING
2975,B006,Telangana,Hyderabad,1464.001,1474.001,10,IMT candidate,synthetic_not_verified,synthetic_observation,0,SYNTHETIC_FOR_PIPELINE_TESTING
2976,B002,Rajasthan,Jaipur,585.0,610.0,40,IMT candidate,synthetic_not_verified,synthetic_observation,1,SYNTHETIC_FOR_PIPELINE_TESTING
2977,B021,Gujarat,Ahmedabad,2474.757,2475.757,1,Low Power / RLAN,synthetic_not_verified,synthetic_observation,0,SYNTHETIC_FOR_PIPELINE_TESTING
2978,B010,Gujarat,Ahmedabad,2605.733,2610.733,5,IMT candidate,synthetic_not_verified,synthetic_observation,1,SYNTHETIC_FOR_PIPELINE_TESTING
2979,B007,Tamil Nadu,Chennai,1897.302,1977.302,80,IMT candidate,synthetic_not_verified,synthetic_observation,0,SYNTHETIC_FOR_PIPELINE_TESTING
2980,B008,Telangana,Hyderabad,2154.718,2164.718,10,IMT candidate,synthetic_not_verified,synthetic_observation,0,SYNTHETIC_FOR_PIPELINE_TESTING
2981,B025,Gujarat,Ahmedabad,5768.841,5848.841,80,WAS/RLAN,synthetic_not_verified,synthetic_observation,0,SYNTHETIC_FOR_PIPELINE_TESTING
2982,B009,Gujarat,Ahmedabad,2330.07,2370.07,40,IMT candidate,synthetic_not_verified,synthetic_observation,1,SYNTHETIC_FOR_PIPELINE_TESTING
2983,B024,Gujarat,Ahmedabad,5673.425,5693.425,20,WAS/RLAN,synthetic_not_verified,synthetic_observation,0,SYNTHETIC_FOR_PIPELINE_TESTING
2984,B013,Telangana,Hyderabad,3532.48,3572.48,40,IMT candidate,synthetic_not_verified,synthetic_observation,0,SYNTHETIC_FOR_PIPELINE_TESTING
2985,B006,Delhi,New Delhi,1470.21,1475.21,5,IMT candidate,synthetic_not_verified,synthetic_observation,1,SYNTHETIC_FOR_PIPELINE_TESTING
2986,B009,West Bengal,Kolkata,2300.499,2305.499,5,IMT candidate,synthetic_not_verified,synthetic_observation,1,SYNTHETIC_FOR_PIPELINE_TESTING
2987,B004,Tamil Nadu,Chennai,930.193,935.193,5,IMT candidate,synthetic_not_verified,synthetic_observation,1,SYNTHETIC_FOR_PIPELINE_TESTING
2988,B024,West Bengal,Kolkata,5696.51,5706.51,10,WAS/RLAN,synthetic_not_verified,synthetic_observation,0,SYNTHETIC_FOR_PIPELINE_TESTING
2989,B024,West Bengal,Kolkata,5593.341,5673.341,80,WAS/RLAN,synthetic_not_verified,synthetic_observation,0,SYNTHETIC_FOR_PIPELINE_TESTING
2990,B021,Rajasthan,Jaipur,2411.214,2421.214,10,Low Power / RLAN,synthetic_not_verified,synthetic_observation,0,SYNTHETIC_FOR_PIPELINE_TESTING
2991,B001,West Bengal,Kolkata,514.092,524.092,10,IMT candidate,synthetic_not_verified,synthetic_observation,0,SYNTHETIC_FOR_PIPELINE_TESTING
2992,B008,Rajasthan,Jaipur,2116.247,2196.247,80,IMT candidate,synthetic_not_verified,synthetic_observation,1,SYNTHETIC_FOR_PIPELINE_TESTING
2993,B008,Rajasthan,Jaipur,2116.035,2196.035,80,IMT candidate,synthetic_not_verified,synthetic_observation,0,SYNTHETIC_FOR_PIPELINE_TESTING
2994,B003,Rajasthan,Jaipur,723.626,728.626,5,IMT candidate,synthetic_not_verified,synthetic_observation,1,SYNTHETIC_FOR_PIPELINE_TESTING
2995,B005,Delhi,New Delhi,942.0,960.0,80,IMT candidate,synthetic_not_verified,synthetic_observation,0,SYNTHETIC_FOR_PIPELINE_TESTING
2996,B023,Telangana,Hyderabad,5303.448,5323.448,20,WAS/RLAN,synthetic_not_verified,synthetic_observation,0,SYNTHETIC_FOR_PIPELINE_TESTING
2997,B013,Gujarat,Ahmedabad,3529.666,3534.666,5,IMT candidate,synthetic_not_verified,synthetic_observation,1,SYNTHETIC_FOR_PIPELINE_TESTING
2998,B021,Rajasthan,Jaipur,2400.52,2480.52,80,Low Power / RLAN,synthetic_not_verified,synthetic_observation,0,SYNTHETIC_FOR_PIPELINE_TESTING
2999,B008,Rajasthan,Jaipur,2118.747,2198.747,80,IMT candidate,synthetic_not_verified,synthetic_observation,1,SYNTHETIC_FOR_PIPELINE_TESTING
3000,B025,West Bengal,Kolkata,5770.393,5780.393,10,WAS/RLAN,synthetic_not_verified,synthetic_observation,0,SYNTHETIC_FOR_PIPELINE_TESTING
3001,B007,Rajasthan,Jaipur,1721.903,1801.903,80,IMT candidate,synthetic_not_verified,synthetic_observation,0,SYNTHETIC_FOR_PIPELINE_TESTING
3002,B017,Maharashtra,Mumbai,25733.889,25743.889,10,IMT candidate,synthetic_not_verified,synthetic_observation,0,SYNTHETIC_FOR_PIPELINE_TESTING
3003,B007,Tamil Nadu,Chennai,1869.41,1949.41,80,IMT candidate,synthetic_not_verified,synthetic_observation,1,SYNTHETIC_FOR_PIPELINE_TESTING
3004,B004,West Bengal,Kolkata,890.0,942.0,80,IMT candidate,synthetic_not_verified,synthetic_observation,0,SYNTHETIC_FOR_PIPELINE_TESTING
3005,B016,Telangana,Hyderabad,7038.291,7048.291,10,IMT candidate,synthetic_not_verified,synthetic_observation,0,SYNTHETIC_FOR_PIPELINE_TESTING
3006,B025,Delhi,New Delhi,5821.861,5822.861,1,WAS/RLAN,synthetic_not_verified,synthetic_observation,0,SYNTHETIC_FOR_PIPELINE_TESTING
3007,B016,Telangana,Hyderabad,7028.545,7108.545,80,IMT candidate,synthetic_not_verified,synthetic_observation,1,SYNTHETIC_FOR_PIPELINE_TESTING
3008,B024,Tamil Nadu,Chennai,5545.588,5585.588,40,WAS/RLAN,synthetic_not_verified,synthetic_observation,0,SYNTHETIC_FOR_PIPELINE_TESTING
3009,B003,Karnataka,Bengaluru,681.136,701.136,20,IMT candidate,synthetic_not_verified,synthetic_observation,1,SYNTHETIC_FOR_PIPELINE_TESTING
3010,B010,Telangana,Hyderabad,2639.364,2644.364,5,IMT candidate,synthetic_not_verified,synthetic_observation,1,SYNTHETIC_FOR_PIPELINE_TESTING
3011,B019,West Bengal,Kolkata,43144.088,43154.088,10,IMT candidate,synthetic_not_verified,synthetic_observation,0,SYNTHETIC_FOR_PIPELINE_TESTING
3012,B006,Maharashtra,Mumbai,1438.117,1478.117,40,IMT candidate,synthetic_not_verified,synthetic_observation,0,SYNTHETIC_FOR_PIPELINE_TESTING
3013,B016,Tamil Nadu,Chennai,7046.186,7086.186,40,IMT candidate,synthetic_not_verified,synthetic_observation,0,SYNTHETIC_FOR_PIPELINE_TESTING
3014,B023,Delhi,New Delhi,5254.317,5334.317,80,WAS/RLAN,synthetic_not_verified,synthetic_observation,0,SYNTHETIC_FOR_PIPELINE_TESTING
3015,B011,Telangana,Hyderabad,3312.264,3392.264,80,IMT candidate,synthetic_not_verified,synthetic_observation,0,SYNTHETIC_FOR_PIPELINE_TESTING
3016,B011,Gujarat,Ahmedabad,3307.193,3347.193,40,IMT candidate,synthetic_not_verified,synthetic_observation,0,SYNTHETIC_FOR_PIPELINE_TESTING
3017,B004,Maharashtra,Mumbai,891.666,931.666,40,IMT candidate,synthetic_not_verified,synthetic_observation,0,SYNTHETIC_FOR_PIPELINE_TESTING
3018,B005,Telangana,Hyderabad,943.314,948.314,5,IMT candidate,synthetic_not_verified,synthetic_observation,0,SYNTHETIC_FOR_PIPELINE_TESTING
3019,B022,Tamil Nadu,Chennai,5194.486,5204.486,10,WAS/RLAN,synthetic_not_verified,synthetic_observation,0,SYNTHETIC_FOR_PIPELINE_TESTING
3020,B010,Karnataka,Bengaluru,2522.53,2532.53,10,IMT candidate,synthetic_not_verified,synthetic_observation,0,SYNTHETIC_FOR_PIPELINE_TESTING
3021,B019,Gujarat,Ahmedabad,43433.816,43473.816,40,IMT candidate,synthetic_not_verified,synthetic_observation,0,SYNTHETIC_FOR_PIPELINE_TESTING
3022,B016,Rajasthan,Jaipur,7060.952,7080.952,20,IMT candidate,synthetic_not_verified,synthetic_observation,0,SYNTHETIC_FOR_PIPELINE_TESTING
3023,B007,Telangana,Hyderabad,1891.566,1892.566,1,IMT candidate,synthetic_not_verified,synthetic_observation,1,SYNTHETIC_FOR_PIPELINE_TESTING
3024,B014,West Bengal,Kolkata,3610.743,3620.743,10,IMT candidate,synthetic_not_verified,synthetic_observation,0,SYNTHETIC_FOR_PIPELINE_TESTING
3025,B014,Maharashtra,Mumbai,3600.0,3670.0,80,IMT candidate,synthetic_not_verified,synthetic_observation,0,SYNTHETIC_FOR_PIPELINE_TESTING
3026,B012,Delhi,New Delhi,3402.504,3442.504,40,IMT candidate,synthetic_not_verified,synthetic_observation,1,SYNTHETIC_FOR_PIPELINE_TESTING
3027,B002,Maharashtra,Mumbai,590.949,600.949,10,IMT candidate,synthetic_not_verified,synthetic_observation,0,SYNTHETIC_FOR_PIPELINE_TESTING
3028,B004,West Bengal,Kolkata,919.636,920.636,1,IMT candidate,synthetic_not_verified,synthetic_observation,0,SYNTHETIC_FOR_PIPELINE_TESTING
3029,B022,Delhi,New Delhi,5226.726,5246.726,20,WAS/RLAN,synthetic_not_verified,synthetic_observation,1,SYNTHETIC_FOR_PIPELINE_TESTING
3030,B021,Telangana,Hyderabad,2426.067,2431.067,5,Low Power / RLAN,synthetic_not_verified,synthetic_observation,1,SYNTHETIC_FOR_PIPELINE_TESTING
3031,B014,Delhi,New Delhi,3630.694,3635.694,5,IMT candidate,synthetic_not_verified,synthetic_observation,1,SYNTHETIC_FOR_PIPELINE_TESTING
3032,B002,Karnataka,Bengaluru,591.334,596.334,5,IMT candidate,synthetic_not_verified,synthetic_observation,0,SYNTHETIC_FOR_PIPELINE_TESTING
3033,B007,Telangana,Hyderabad,1918.732,1998.732,80,IMT candidate,synthetic_not_verified,synthetic_observation,0,SYNTHETIC_FOR_PIPELINE_TESTING
3034,B014,Maharashtra,Mumbai,3600.0,3670.0,80,IMT candidate,synthetic_not_verified,synthetic_observation,0,SYNTHETIC_FOR_PIPELINE_TESTING
3035,B022,Telangana,Hyderabad,5235.851,5236.851,1,WAS/RLAN,synthetic_not_verified,synthetic_observation,0,SYNTHETIC_FOR_PIPELINE_TESTING
3036,B008,Tamil Nadu,Chennai,2116.226,2196.226,80,IMT candidate,synthetic_not_verified,synthetic_observation,1,SYNTHETIC_FOR_PIPELINE_TESTING
3037,B002,Delhi,New Delhi,585.057,605.057,20,IMT candidate,synthetic_not_verified,synthetic_observation,0,SYNTHETIC_FOR_PIPELINE_TESTING
3038,B012,Rajasthan,Jaipur,3487.469,3497.469,10,IMT candidate,synthetic_not_verified,synthetic_observation,0,SYNTHETIC_FOR_PIPELINE_TESTING
3039,B025,Delhi,New Delhi,5862.079,5867.079,5,WAS/RLAN,synthetic_not_verified,synthetic_observation,0,SYNTHETIC_FOR_PIPELINE_TESTING
3040,B025,West Bengal,Kolkata,5832.72,5833.72,1,WAS/RLAN,synthetic_not_verified,synthetic_observation,1,SYNTHETIC_FOR_PIPELINE_TESTING
3041,B001,Rajasthan,Jaipur,504.95,544.95,40,IMT candidate,synthetic_not_verified,synthetic_observation,1,SYNTHETIC_FOR_PIPELINE_TESTING
3042,B011,Telangana,Hyderabad,3310.41,3350.41,40,IMT candidate,synthetic_not_verified,synthetic_observation,1,SYNTHETIC_FOR_PIPELINE_TESTING
3043,B003,Rajasthan,Jaipur,860.63,880.63,20,IMT candidate,synthetic_not_verified,synthetic_observation,0,SYNTHETIC_FOR_PIPELINE_TESTING
3044,B016,Tamil Nadu,Chennai,7063.773,7068.773,5,IMT candidate,synthetic_not_verified,synthetic_observation,0,SYNTHETIC_FOR_PIPELINE_TESTING
3045,B023,Gujarat,Ahmedabad,5278.844,5288.844,10,WAS/RLAN,synthetic_not_verified,synthetic_observation,0,SYNTHETIC_FOR_PIPELINE_TESTING
3046,B017,Rajasthan,Jaipur,24832.37,24833.37,1,IMT candidate,synthetic_not_verified,synthetic_observation,0,SYNTHETIC_FOR_PIPELINE_TESTING
3047,B013,Rajasthan,Jaipur,3534.929,3544.929,10,IMT candidate,synthetic_not_verified,synthetic_observation,1,SYNTHETIC_FOR_PIPELINE_TESTING
3048,B007,Rajasthan,Jaipur,1730.097,1750.097,20,IMT candidate,synthetic_not_verified,synthetic_observation,1,SYNTHETIC_FOR_PIPELINE_TESTING
3049,B018,Maharashtra,Mumbai,37865.51,37875.51,10,IMT candidate,synthetic_not_verified,synthetic_observation,0,SYNTHETIC_FOR_PIPELINE_TESTING
3050,B013,West Bengal,Kolkata,3518.083,3598.083,80,IMT candidate,synthetic_not_verified,synthetic_observation,0,SYNTHETIC_FOR_PIPELINE_TESTING
3051,B014,Delhi,New Delhi,3641.828,3651.828,10,IMT candidate,synthetic_not_verified,synthetic_observation,0,SYNTHETIC_FOR_PIPELINE_TESTING
3052,B020,Tamil Nadu,Chennai,67113.79,67153.79,40,IMT candidate,synthetic_not_verified,synthetic_observation,0,SYNTHETIC_FOR_PIPELINE_TESTING
3053,B011,Maharashtra,Mumbai,3317.779,3357.779,40,IMT candidate,synthetic_not_verified,synthetic_observation,1,SYNTHETIC_FOR_PIPELINE_TESTING
3054,B019,Delhi,New Delhi,42558.905,42563.905,5,IMT candidate,synthetic_not_verified,synthetic_observation,0,SYNTHETIC_FOR_PIPELINE_TESTING
3055,B023,Maharashtra,Mumbai,5305.363,5315.363,10,WAS/RLAN,synthetic_not_verified,synthetic_observation,0,SYNTHETIC_FOR_PIPELINE_TESTING
3056,B014,Rajasthan,Jaipur,3664.428,3669.428,5,IMT candidate,synthetic_not_verified,synthetic_observation,0,SYNTHETIC_FOR_PIPELINE_TESTING
3057,B015,Delhi,New Delhi,6616.652,6656.652,40,IMT candidate,synthetic_not_verified,synthetic_observation,0,SYNTHETIC_FOR_PIPELINE_TESTING
3058,B002,Gujarat,Ahmedabad,601.641,606.641,5,IMT candidate,synthetic_not_verified,synthetic_observation,1,SYNTHETIC_FOR_PIPELINE_TESTING
3059,B001,Maharashtra,Mumbai,551.531,556.531,5,IMT candidate,synthetic_not_verified,synthetic_observation,0,SYNTHETIC_FOR_PIPELINE_TESTING
3060,B017,West Bengal,Kolkata,26507.096,26527.096,20,IMT candidate,synthetic_not_verified,synthetic_observation,0,SYNTHETIC_FOR_PIPELINE_TESTING
3061,B023,Telangana,Hyderabad,5290.586,5310.586,20,WAS/RLAN,synthetic_not_verified,synthetic_observation,1,SYNTHETIC_FOR_PIPELINE_TESTING
3062,B018,Delhi,New Delhi,37719.823,37720.823,1,IMT candidate,synthetic_not_verified,synthetic_observation,0,SYNTHETIC_FOR_PIPELINE_TESTING
3063,B023,Maharashtra,Mumbai,5265.836,5345.836,80,WAS/RLAN,synthetic_not_verified,synthetic_observation,1,SYNTHETIC_FOR_PIPELINE_TESTING
3064,B007,Telangana,Hyderabad,1932.554,1942.554,10,IMT candidate,synthetic_not_verified,synthetic_observation,1,SYNTHETIC_FOR_PIPELINE_TESTING
3065,B006,Karnataka,Bengaluru,1487.871,1497.871,10,IMT candidate,synthetic_not_verified,synthetic_observation,0,SYNTHETIC_FOR_PIPELINE_TESTING
3066,B006,Telangana,Hyderabad,1460.1,1470.1,10,IMT candidate,synthetic_not_verified,synthetic_observation,0,SYNTHETIC_FOR_PIPELINE_TESTING
3067,B003,West Bengal,Kolkata,799.897,839.897,40,IMT candidate,synthetic_not_verified,synthetic_observation,0,SYNTHETIC_FOR_PIPELINE_TESTING
3068,B017,Karnataka,Bengaluru,25084.839,25124.839,40,IMT candidate,synthetic_not_verified,synthetic_observation,1,SYNTHETIC_FOR_PIPELINE_TESTING
3069,B015,Gujarat,Ahmedabad,6973.454,6974.454,1,IMT candidate,synthetic_not_verified,synthetic_observation,0,SYNTHETIC_FOR_PIPELINE_TESTING
3070,B015,Rajasthan,Jaipur,7005.275,7006.275,1,IMT candidate,synthetic_not_verified,synthetic_observation,1,SYNTHETIC_FOR_PIPELINE_TESTING
3071,B020,Rajasthan,Jaipur,70086.344,70091.344,5,IMT candidate,synthetic_not_verified,synthetic_observation,1,SYNTHETIC_FOR_PIPELINE_TESTING
3072,B019,Telangana,Hyderabad,42722.838,42723.838,1,IMT candidate,synthetic_not_verified,synthetic_observation,0,SYNTHETIC_FOR_PIPELINE_TESTING
3073,B025,Tamil Nadu,Chennai,5796.917,5836.917,40,WAS/RLAN,synthetic_not_verified,synthetic_observation,0,SYNTHETIC_FOR_PIPELINE_TESTING
3074,B010,Delhi,New Delhi,2506.202,2511.202,5,IMT candidate,synthetic_not_verified,synthetic_observation,0,SYNTHETIC_FOR_PIPELINE_TESTING
3075,B007,Delhi,New Delhi,1759.074,1769.074,10,IMT candidate,synthetic_not_verified,synthetic_observation,0,SYNTHETIC_FOR_PIPELINE_TESTING
3076,B011,West Bengal,Kolkata,3304.986,3305.986,1,IMT candidate,synthetic_not_verified,synthetic_observation,0,SYNTHETIC_FOR_PIPELINE_TESTING
3077,B021,Rajasthan,Jaipur,2456.397,2457.397,1,Low Power / RLAN,synthetic_not_verified,synthetic_observation,0,SYNTHETIC_FOR_PIPELINE_TESTING
3078,B006,Gujarat,Ahmedabad,1442.914,1462.914,20,IMT candidate,synthetic_not_verified,synthetic_observation,0,SYNTHETIC_FOR_PIPELINE_TESTING
3079,B011,West Bengal,Kolkata,3319.773,3399.773,80,IMT candidate,synthetic_not_verified,synthetic_observation,0,SYNTHETIC_FOR_PIPELINE_TESTING
3080,B019,Telangana,Hyderabad,42984.721,43024.721,40,IMT candidate,synthetic_not_verified,synthetic_observation,0,SYNTHETIC_FOR_PIPELINE_TESTING
3081,B016,Telangana,Hyderabad,7079.567,7119.567,40,IMT candidate,synthetic_not_verified,synthetic_observation,0,SYNTHETIC_FOR_PIPELINE_TESTING
3082,B021,Karnataka,Bengaluru,2449.117,2469.117,20,Low Power / RLAN,synthetic_not_verified,synthetic_observation,1,SYNTHETIC_FOR_PIPELINE_TESTING
3083,B001,Karnataka,Bengaluru,527.83,547.83,20,IMT candidate,synthetic_not_verified,synthetic_observation,0,SYNTHETIC_FOR_PIPELINE_TESTING
3084,B003,Maharashtra,Mumbai,662.577,682.577,20,IMT candidate,synthetic_not_verified,synthetic_observation,0,SYNTHETIC_FOR_PIPELINE_TESTING
3085,B024,Maharashtra,Mumbai,5514.105,5534.105,20,WAS/RLAN,synthetic_not_verified,synthetic_observation,1,SYNTHETIC_FOR_PIPELINE_TESTING
3086,B005,Karnataka,Bengaluru,946.598,947.598,1,IMT candidate,synthetic_not_verified,synthetic_observation,0,SYNTHETIC_FOR_PIPELINE_TESTING
3087,B022,Tamil Nadu,Chennai,5156.652,5236.652,80,WAS/RLAN,synthetic_not_verified,synthetic_observation,1,SYNTHETIC_FOR_PIPELINE_TESTING
3088,B015,Karnataka,Bengaluru,6897.209,6977.209,80,IMT candidate,synthetic_not_verified,synthetic_observation,0,SYNTHETIC_FOR_PIPELINE_TESTING
3089,B007,West Bengal,Kolkata,1839.77,1849.77,10,IMT candidate,synthetic_not_verified,synthetic_observation,0,SYNTHETIC_FOR_PIPELINE_TESTING
3090,B006,Delhi,New Delhi,1437.196,1517.196,80,IMT candidate,synthetic_not_verified,synthetic_observation,1,SYNTHETIC_FOR_PIPELINE_TESTING
3091,B019,Tamil Nadu,Chennai,42644.4,42664.4,20,IMT candidate,synthetic_not_verified,synthetic_observation,1,SYNTHETIC_FOR_PIPELINE_TESTING
3092,B008,Maharashtra,Mumbai,2174.45,2184.45,10,IMT candidate,synthetic_not_verified,synthetic_observation,0,SYNTHETIC_FOR_PIPELINE_TESTING
3093,B017,Maharashtra,Mumbai,26798.875,26878.875,80,IMT candidate,synthetic_not_verified,synthetic_observation,1,SYNTHETIC_FOR_PIPELINE_TESTING
3094,B021,Telangana,Hyderabad,2426.917,2436.917,10,Low Power / RLAN,synthetic_not_verified,synthetic_observation,0,SYNTHETIC_FOR_PIPELINE_TESTING
3095,B009,Telangana,Hyderabad,2374.291,2394.291,20,IMT candidate,synthetic_not_verified,synthetic_observation,1,SYNTHETIC_FOR_PIPELINE_TESTING
3096,B002,West Bengal,Kolkata,594.237,599.237,5,IMT candidate,synthetic_not_verified,synthetic_observation,0,SYNTHETIC_FOR_PIPELINE_TESTING
3097,B002,Tamil Nadu,Chennai,585.0,610.0,40,IMT candidate,synthetic_not_verified,synthetic_observation,0,SYNTHETIC_FOR_PIPELINE_TESTING
3098,B008,Telangana,Hyderabad,2127.726,2147.726,20,IMT candidate,synthetic_not_verified,synthetic_observation,0,SYNTHETIC_FOR_PIPELINE_TESTING
3099,B008,Maharashtra,Mumbai,2120.209,2140.209,20,IMT candidate,synthetic_not_verified,synthetic_observation,1,SYNTHETIC_FOR_PIPELINE_TESTING
3100,B018,Rajasthan,Jaipur,39782.012,39792.012,10,IMT candidate,synthetic_not_verified,synthetic_observation,0,SYNTHETIC_FOR_PIPELINE_TESTING
3101,B018,West Bengal,Kolkata,39152.963,39232.963,80,IMT candidate,synthetic_not_verified,synthetic_observation,0,SYNTHETIC_FOR_PIPELINE_TESTING
3102,B025,Maharashtra,Mumbai,5849.151,5854.151,5,WAS/RLAN,synthetic_not_verified,synthetic_observation,1,SYNTHETIC_FOR_PIPELINE_TESTING
3103,B018,Telangana,Hyderabad,39733.531,39738.531,5,IMT candidate,synthetic_not_verified,synthetic_observation,0,SYNTHETIC_FOR_PIPELINE_TESTING
3104,B014,Karnataka,Bengaluru,3631.676,3641.676,10,IMT candidate,synthetic_not_verified,synthetic_observation,0,SYNTHETIC_FOR_PIPELINE_TESTING
3105,B006,Telangana,Hyderabad,1479.915,1499.915,20,IMT candidate,synthetic_not_verified,synthetic_observation,0,SYNTHETIC_FOR_PIPELINE_TESTING
3106,B006,Gujarat,Ahmedabad,1457.244,1477.244,20,IMT candidate,synthetic_not_verified,synthetic_observation,1,SYNTHETIC_FOR_PIPELINE_TESTING
3107,B023,Telangana,Hyderabad,5294.242,5299.242,5,WAS/RLAN,synthetic_not_verified,synthetic_observation,0,SYNTHETIC_FOR_PIPELINE_TESTING
3108,B006,Rajasthan,Jaipur,1435.737,1455.737,20,IMT candidate,synthetic_not_verified,synthetic_observation,1,SYNTHETIC_FOR_PIPELINE_TESTING
3109,B007,Delhi,New Delhi,1974.972,2014.972,40,IMT candidate,synthetic_not_verified,synthetic_observation,1,SYNTHETIC_FOR_PIPELINE_TESTING
3110,B019,Rajasthan,Jaipur,43436.829,43476.829,40,IMT candidate,synthetic_not_verified,synthetic_observation,0,SYNTHETIC_FOR_PIPELINE_TESTING
3111,B010,Telangana,Hyderabad,2623.021,2643.021,20,IMT candidate,synthetic_not_verified,synthetic_observation,0,SYNTHETIC_FOR_PIPELINE_TESTING
3112,B013,Maharashtra,Mumbai,3586.869,3596.869,10,IMT candidate,synthetic_not_verified,synthetic_observation,0,SYNTHETIC_FOR_PIPELINE_TESTING
3113,B017,Tamil Nadu,Chennai,24403.286,24408.286,5,IMT candidate,synthetic_not_verified,synthetic_observation,1,SYNTHETIC_FOR_PIPELINE_TESTING
3114,B002,Tamil Nadu,Chennai,587.819,607.819,20,IMT candidate,synthetic_not_verified,synthetic_observation,0,SYNTHETIC_FOR_PIPELINE_TESTING
3115,B006,Karnataka,Bengaluru,1472.1,1482.1,10,IMT candidate,synthetic_not_verified,synthetic_observation,0,SYNTHETIC_FOR_PIPELINE_TESTING
3116,B003,Tamil Nadu,Chennai,689.503,769.503,80,IMT candidate,synthetic_not_verified,synthetic_observation,1,SYNTHETIC_FOR_PIPELINE_TESTING
3117,B017,Maharashtra,Mumbai,25448.121,25528.121,80,IMT candidate,synthetic_not_verified,synthetic_observation,0,SYNTHETIC_FOR_PIPELINE_TESTING
3118,B014,Rajasthan,Jaipur,3609.284,3649.284,40,IMT candidate,synthetic_not_verified,synthetic_observation,0,SYNTHETIC_FOR_PIPELINE_TESTING
3119,B002,Karnataka,Bengaluru,598.973,608.973,10,IMT candidate,synthetic_not_verified,synthetic_observation,0,SYNTHETIC_FOR_PIPELINE_TESTING
3120,B002,Telangana,Hyderabad,587.533,597.533,10,IMT candidate,synthetic_not_verified,synthetic_observation,1,SYNTHETIC_FOR_PIPELINE_TESTING
3121,B014,Karnataka,Bengaluru,3600.0,3670.0,80,IMT candidate,synthetic_not_verified,synthetic_observation,0,SYNTHETIC_FOR_PIPELINE_TESTING
3122,B013,Maharashtra,Mumbai,3502.433,3507.433,5,IMT candidate,synthetic_not_verified,synthetic_observation,0,SYNTHETIC_FOR_PIPELINE_TESTING
3123,B011,Delhi,New Delhi,3358.014,3368.014,10,IMT candidate,synthetic_not_verified,synthetic_observation,1,SYNTHETIC_FOR_PIPELINE_TESTING
3124,B004,Telangana,Hyderabad,929.574,930.574,1,IMT candidate,synthetic_not_verified,synthetic_observation,1,SYNTHETIC_FOR_PIPELINE_TESTING
3125,B010,Tamil Nadu,Chennai,2549.627,2629.627,80,IMT candidate,synthetic_not_verified,synthetic_observation,0,SYNTHETIC_FOR_PIPELINE_TESTING
3126,B019,Maharashtra,Mumbai,43087.96,43107.96,20,IMT candidate,synthetic_not_verified,synthetic_observation,0,SYNTHETIC_FOR_PIPELINE_TESTING
3127,B016,Tamil Nadu,Chennai,7096.47,7106.47,10,IMT candidate,synthetic_not_verified,synthetic_observation,0,SYNTHETIC_FOR_PIPELINE_TESTING
3128,B025,Tamil Nadu,Chennai,5837.402,5838.402,1,WAS/RLAN,synthetic_not_verified,synthetic_observation,0,SYNTHETIC_FOR_PIPELINE_TESTING
3129,B024,Karnataka,Bengaluru,5530.397,5570.397,40,WAS/RLAN,synthetic_not_verified,synthetic_observation,1,SYNTHETIC_FOR_PIPELINE_TESTING
3130,B022,Tamil Nadu,Chennai,5214.696,5224.696,10,WAS/RLAN,synthetic_not_verified,synthetic_observation,1,SYNTHETIC_FOR_PIPELINE_TESTING
3131,B002,Telangana,Hyderabad,585.0,610.0,40,IMT candidate,synthetic_not_verified,synthetic_observation,0,SYNTHETIC_FOR_PIPELINE_TESTING
3132,B025,Gujarat,Ahmedabad,5821.658,5826.658,5,WAS/RLAN,synthetic_not_verified,synthetic_observation,0,SYNTHETIC_FOR_PIPELINE_TESTING
3133,B018,Maharashtra,Mumbai,39749.943,39829.943,80,IMT candidate,synthetic_not_verified,synthetic_observation,0,SYNTHETIC_FOR_PIPELINE_TESTING
3134,B003,Maharashtra,Mumbai,687.222,727.222,40,IMT candidate,synthetic_not_verified,synthetic_observation,0,SYNTHETIC_FOR_PIPELINE_TESTING
3135,B011,Maharashtra,Mumbai,3306.097,3386.097,80,IMT candidate,synthetic_not_verified,synthetic_observation,1,SYNTHETIC_FOR_PIPELINE_TESTING
3136,B005,Tamil Nadu,Chennai,946.693,951.693,5,IMT candidate,synthetic_not_verified,synthetic_observation,0,SYNTHETIC_FOR_PIPELINE_TESTING
3137,B015,Gujarat,Ahmedabad,6743.618,6744.618,1,IMT candidate,synthetic_not_verified,synthetic_observation,0,SYNTHETIC_FOR_PIPELINE_TESTING
3138,B021,Maharashtra,Mumbai,2416.289,2456.289,40,Low Power / RLAN,synthetic_not_verified,synthetic_observation,0,SYNTHETIC_FOR_PIPELINE_TESTING
3139,B017,Maharashtra,Mumbai,26650.466,26730.466,80,IMT candidate,synthetic_not_verified,synthetic_observation,1,SYNTHETIC_FOR_PIPELINE_TESTING
3140,B024,Delhi,New Delhi,5636.544,5656.544,20,WAS/RLAN,synthetic_not_verified,synthetic_observation,0,SYNTHETIC_FOR_PIPELINE_TESTING
3141,B014,Rajasthan,Jaipur,3609.44,3649.44,40,IMT candidate,synthetic_not_verified,synthetic_observation,0,SYNTHETIC_FOR_PIPELINE_TESTING
3142,B015,Gujarat,Ahmedabad,6989.435,6994.435,5,IMT candidate,synthetic_not_verified,synthetic_observation,0,SYNTHETIC_FOR_PIPELINE_TESTING
3143,B009,Telangana,Hyderabad,2316.533,2317.533,1,IMT candidate,synthetic_not_verified,synthetic_observation,1,SYNTHETIC_FOR_PIPELINE_TESTING
3144,B011,Karnataka,Bengaluru,3307.758,3387.758,80,IMT candidate,synthetic_not_verified,synthetic_observation,0,SYNTHETIC_FOR_PIPELINE_TESTING
3145,B022,Rajasthan,Jaipur,5188.295,5198.295,10,WAS/RLAN,synthetic_not_verified,synthetic_observation,0,SYNTHETIC_FOR_PIPELINE_TESTING
3146,B017,Delhi,New Delhi,26169.81,26174.81,5,IMT candidate,synthetic_not_verified,synthetic_observation,1,SYNTHETIC_FOR_PIPELINE_TESTING
3147,B009,Gujarat,Ahmedabad,2334.748,2344.748,10,IMT candidate,synthetic_not_verified,synthetic_observation,0,SYNTHETIC_FOR_PIPELINE_TESTING
3148,B009,Delhi,New Delhi,2328.521,2368.521,40,IMT candidate,synthetic_not_verified,synthetic_observation,0,SYNTHETIC_FOR_PIPELINE_TESTING
3149,B002,Gujarat,Ahmedabad,585.583,595.583,10,IMT candidate,synthetic_not_verified,synthetic_observation,0,SYNTHETIC_FOR_PIPELINE_TESTING
3150,B021,Delhi,New Delhi,2404.086,2444.086,40,Low Power / RLAN,synthetic_not_verified,synthetic_observation,0,SYNTHETIC_FOR_PIPELINE_TESTING
3151,B004,Tamil Nadu,Chennai,890.268,891.268,1,IMT candidate,synthetic_not_verified,synthetic_observation,1,SYNTHETIC_FOR_PIPELINE_TESTING
3152,B006,Rajasthan,Jaipur,1471.997,1472.997,1,IMT candidate,synthetic_not_verified,synthetic_observation,0,SYNTHETIC_FOR_PIPELINE_TESTING
3153,B007,Maharashtra,Mumbai,1807.214,1827.214,20,IMT candidate,synthetic_not_verified,synthetic_observation,1,SYNTHETIC_FOR_PIPELINE_TESTING
3154,B020,Rajasthan,Jaipur,69861.785,69866.785,5,IMT candidate,synthetic_not_verified,synthetic_observation,1,SYNTHETIC_FOR_PIPELINE_TESTING
3155,B018,Delhi,New Delhi,38057.423,38062.423,5,IMT candidate,synthetic_not_verified,synthetic_observation,0,SYNTHETIC_FOR_PIPELINE_TESTING
3156,B011,Maharashtra,Mumbai,3393.332,3394.332,1,IMT candidate,synthetic_not_verified,synthetic_observation,0,SYNTHETIC_FOR_PIPELINE_TESTING
3157,B015,Telangana,Hyderabad,6550.273,6555.273,5,IMT candidate,synthetic_not_verified,synthetic_observation,0,SYNTHETIC_FOR_PIPELINE_TESTING
3158,B018,Delhi,New Delhi,39543.094,39548.094,5,IMT candidate,synthetic_not_verified,synthetic_observation,1,SYNTHETIC_FOR_PIPELINE_TESTING
3159,B013,Gujarat,Ahmedabad,3577.807,3597.807,20,IMT candidate,synthetic_not_verified,synthetic_observation,1,SYNTHETIC_FOR_PIPELINE_TESTING
3160,B001,West Bengal,Kolkata,511.354,516.354,5,IMT candidate,synthetic_not_verified,synthetic_observation,0,SYNTHETIC_FOR_PIPELINE_TESTING
3161,B014,Rajasthan,Jaipur,3624.47,3629.47,5,IMT candidate,synthetic_not_verified,synthetic_observation,0,SYNTHETIC_FOR_PIPELINE_TESTING
3162,B009,West Bengal,Kolkata,2352.816,2392.816,40,IMT candidate,synthetic_not_verified,synthetic_observation,1,SYNTHETIC_FOR_PIPELINE_TESTING
3163,B003,Telangana,Hyderabad,731.666,736.666,5,IMT candidate,synthetic_not_verified,synthetic_observation,1,SYNTHETIC_FOR_PIPELINE_TESTING
3164,B003,Maharashtra,Mumbai,796.476,806.476,10,IMT candidate,synthetic_not_verified,synthetic_observation,0,SYNTHETIC_FOR_PIPELINE_TESTING
3165,B019,Karnataka,Bengaluru,43179.282,43184.282,5,IMT candidate,synthetic_not_verified,synthetic_observation,0,SYNTHETIC_FOR_PIPELINE_TESTING
3166,B003,West Bengal,Kolkata,730.829,770.829,40,IMT candidate,synthetic_not_verified,synthetic_observation,0,SYNTHETIC_FOR_PIPELINE_TESTING
3167,B003,Maharashtra,Mumbai,668.596,678.596,10,IMT candidate,synthetic_not_verified,synthetic_observation,0,SYNTHETIC_FOR_PIPELINE_TESTING
3168,B004,Tamil Nadu,Chennai,890.592,891.592,1,IMT candidate,synthetic_not_verified,synthetic_observation,0,SYNTHETIC_FOR_PIPELINE_TESTING
3169,B009,Karnataka,Bengaluru,2386.479,2396.479,10,IMT candidate,synthetic_not_verified,synthetic_observation,0,SYNTHETIC_FOR_PIPELINE_TESTING
3170,B015,Gujarat,Ahmedabad,6779.078,6784.078,5,IMT candidate,synthetic_not_verified,synthetic_observation,1,SYNTHETIC_FOR_PIPELINE_TESTING
3171,B024,Karnataka,Bengaluru,5541.631,5581.631,40,WAS/RLAN,synthetic_not_verified,synthetic_observation,1,SYNTHETIC_FOR_PIPELINE_TESTING
3172,B020,Maharashtra,Mumbai,67088.991,67089.991,1,IMT candidate,synthetic_not_verified,synthetic_observation,0,SYNTHETIC_FOR_PIPELINE_TESTING
3173,B001,Tamil Nadu,Chennai,495.429,500.429,5,IMT candidate,synthetic_not_verified,synthetic_observation,0,SYNTHETIC_FOR_PIPELINE_TESTING
3174,B020,Delhi,New Delhi,67993.133,67998.133,5,IMT candidate,synthetic_not_verified,synthetic_observation,1,SYNTHETIC_FOR_PIPELINE_TESTING
3175,B007,Gujarat,Ahmedabad,1745.45,1825.45,80,IMT candidate,synthetic_not_verified,synthetic_observation,0,SYNTHETIC_FOR_PIPELINE_TESTING
3176,B006,Tamil Nadu,Chennai,1435.568,1515.568,80,IMT candidate,synthetic_not_verified,synthetic_observation,1,SYNTHETIC_FOR_PIPELINE_TESTING
3177,B019,Rajasthan,Jaipur,43459.406,43460.406,1,IMT candidate,synthetic_not_verified,synthetic_observation,1,SYNTHETIC_FOR_PIPELINE_TESTING
3178,B022,Telangana,Hyderabad,5200.224,5201.224,1,WAS/RLAN,synthetic_not_verified,synthetic_observation,0,SYNTHETIC_FOR_PIPELINE_TESTING
3179,B002,Karnataka,Bengaluru,586.88,591.88,5,IMT candidate,synthetic_not_verified,synthetic_observation,1,SYNTHETIC_FOR_PIPELINE_TESTING
3180,B021,Delhi,New Delhi,2448.0,2468.0,20,Low Power / RLAN,synthetic_not_verified,synthetic_observation,0,SYNTHETIC_FOR_PIPELINE_TESTING
3181,B016,West Bengal,Kolkata,7088.638,7108.638,20,IMT candidate,synthetic_not_verified,synthetic_observation,0,SYNTHETIC_FOR_PIPELINE_TESTING
3182,B013,Tamil Nadu,Chennai,3509.94,3589.94,80,IMT candidate,synthetic_not_verified,synthetic_observation,0,SYNTHETIC_FOR_PIPELINE_TESTING
3183,B025,West Bengal,Kolkata,5762.941,5802.941,40,WAS/RLAN,synthetic_not_verified,synthetic_observation,0,SYNTHETIC_FOR_PIPELINE_TESTING
3184,B009,Delhi,New Delhi,2368.843,2373.843,5,IMT candidate,synthetic_not_verified,synthetic_observation,0,SYNTHETIC_FOR_PIPELINE_TESTING
3185,B014,Maharashtra,Mumbai,3604.964,3644.964,40,IMT candidate,synthetic_not_verified,synthetic_observation,0,SYNTHETIC_FOR_PIPELINE_TESTING
3186,B012,Karnataka,Bengaluru,3401.975,3481.975,80,IMT candidate,synthetic_not_verified,synthetic_observation,0,SYNTHETIC_FOR_PIPELINE_TESTING
3187,B022,Karnataka,Bengaluru,5166.984,5246.984,80,WAS/RLAN,synthetic_not_verified,synthetic_observation,1,SYNTHETIC_FOR_PIPELINE_TESTING
3188,B001,Maharashtra,Mumbai,516.002,536.002,20,IMT candidate,synthetic_not_verified,synthetic_observation,0,SYNTHETIC_FOR_PIPELINE_TESTING
3189,B009,Rajasthan,Jaipur,2384.285,2385.285,1,IMT candidate,synthetic_not_verified,synthetic_observation,0,SYNTHETIC_FOR_PIPELINE_TESTING
3190,B019,Maharashtra,Mumbai,43348.197,43388.197,40,IMT candidate,synthetic_not_verified,synthetic_observation,0,SYNTHETIC_FOR_PIPELINE_TESTING
3191,B005,Gujarat,Ahmedabad,942.0,960.0,20,IMT candidate,synthetic_not_verified,synthetic_observation,0,SYNTHETIC_FOR_PIPELINE_TESTING
3192,B016,Tamil Nadu,Chennai,7035.465,7115.465,80,IMT candidate,synthetic_not_verified,synthetic_observation,1,SYNTHETIC_FOR_PIPELINE_TESTING
3193,B015,Gujarat,Ahmedabad,6610.806,6690.806,80,IMT candidate,synthetic_not_verified,synthetic_observation,0,SYNTHETIC_FOR_PIPELINE_TESTING
3194,B004,Karnataka,Bengaluru,912.514,922.514,10,IMT candidate,synthetic_not_verified,synthetic_observation,0,SYNTHETIC_FOR_PIPELINE_TESTING
3195,B005,Delhi,New Delhi,954.104,959.104,5,IMT candidate,synthetic_not_verified,synthetic_observation,1,SYNTHETIC_FOR_PIPELINE_TESTING
3196,B016,Rajasthan,Jaipur,7041.5,7042.5,1,IMT candidate,synthetic_not_verified,synthetic_observation,1,SYNTHETIC_FOR_PIPELINE_TESTING
3197,B020,Telangana,Hyderabad,68152.644,68192.644,40,IMT candidate,synthetic_not_verified,synthetic_observation,0,SYNTHETIC_FOR_PIPELINE_TESTING
3198,B004,Telangana,Hyderabad,913.281,923.281,10,IMT candidate,synthetic_not_verified,synthetic_observation,0,SYNTHETIC_FOR_PIPELINE_TESTING
3199,B001,Delhi,New Delhi,523.484,563.484,40,IMT candidate,synthetic_not_verified,synthetic_observation,1,SYNTHETIC_FOR_PIPELINE_TESTING
3200,B013,Tamil Nadu,Chennai,3546.25,3547.25,1,IMT candidate,synthetic_not_verified,synthetic_observation,1,SYNTHETIC_FOR_PIPELINE_TESTING
3201,B005,Rajasthan,Jaipur,957.47,958.47,1,IMT candidate,synthetic_not_verified,synthetic_observation,1,SYNTHETIC_FOR_PIPELINE_TESTING
3202,B007,Maharashtra,Mumbai,1867.484,1947.484,80,IMT candidate,synthetic_not_verified,synthetic_observation,0,SYNTHETIC_FOR_PIPELINE_TESTING
3203,B017,Maharashtra,Mumbai,24594.237,24614.237,20,IMT candidate,synthetic_not_verified,synthetic_observation,1,SYNTHETIC_FOR_PIPELINE_TESTING
3204,B019,Karnataka,Bengaluru,42858.971,42878.971,20,IMT candidate,synthetic_not_verified,synthetic_observation,0,SYNTHETIC_FOR_PIPELINE_TESTING
3205,B010,Maharashtra,Mumbai,2559.488,2569.488,10,IMT candidate,synthetic_not_verified,synthetic_observation,0,SYNTHETIC_FOR_PIPELINE_TESTING
3206,B009,Gujarat,Ahmedabad,2342.589,2362.589,20,IMT candidate,synthetic_not_verified,synthetic_observation,0,SYNTHETIC_FOR_PIPELINE_TESTING
3207,B021,Rajasthan,Jaipur,2460.373,2465.373,5,Low Power / RLAN,synthetic_not_verified,synthetic_observation,0,SYNTHETIC_FOR_PIPELINE_TESTING
3208,B016,Telangana,Hyderabad,7066.513,7067.513,1,IMT candidate,synthetic_not_verified,synthetic_observation,0,SYNTHETIC_FOR_PIPELINE_TESTING
3209,B004,Telangana,Hyderabad,916.825,917.825,1,IMT candidate,synthetic_not_verified,synthetic_observation,0,SYNTHETIC_FOR_PIPELINE_TESTING
3210,B017,Karnataka,Bengaluru,25683.142,25763.142,80,IMT candidate,synthetic_not_verified,synthetic_observation,0,SYNTHETIC_FOR_PIPELINE_TESTING
3211,B005,West Bengal,Kolkata,942.0,960.0,40,IMT candidate,synthetic_not_verified,synthetic_observation,0,SYNTHETIC_FOR_PIPELINE_TESTING
3212,B022,Telangana,Hyderabad,5195.685,5215.685,20,WAS/RLAN,synthetic_not_verified,synthetic_observation,0,SYNTHETIC_FOR_PIPELINE_TESTING
3213,B019,Rajasthan,Jaipur,43318.014,43358.014,40,IMT candidate,synthetic_not_verified,synthetic_observation,0,SYNTHETIC_FOR_PIPELINE_TESTING
3214,B010,Maharashtra,Mumbai,2511.109,2591.109,80,IMT candidate,synthetic_not_verified,synthetic_observation,1,SYNTHETIC_FOR_PIPELINE_TESTING
3215,B013,Tamil Nadu,Chennai,3501.897,3506.897,5,IMT candidate,synthetic_not_verified,synthetic_observation,1,SYNTHETIC_FOR_PIPELINE_TESTING
3216,B013,Maharashtra,Mumbai,3503.453,3543.453,40,IMT candidate,synthetic_not_verified,synthetic_observation,1,SYNTHETIC_FOR_PIPELINE_TESTING
3217,B021,Gujarat,Ahmedabad,2448.789,2458.789,10,Low Power / RLAN,synthetic_not_verified,synthetic_observation,1,SYNTHETIC_FOR_PIPELINE_TESTING
3218,B006,Gujarat,Ahmedabad,1507.982,1508.982,1,IMT candidate,synthetic_not_verified,synthetic_observation,0,SYNTHETIC_FOR_PIPELINE_TESTING
3219,B010,Delhi,New Delhi,2609.884,2649.884,40,IMT candidate,synthetic_not_verified,synthetic_observation,0,SYNTHETIC_FOR_PIPELINE_TESTING
3220,B020,Maharashtra,Mumbai,66280.29,66281.29,1,IMT candidate,synthetic_not_verified,synthetic_observation,1,SYNTHETIC_FOR_PIPELINE_TESTING
3221,B018,West Bengal,Kolkata,38826.208,38906.208,80,IMT candidate,synthetic_not_verified,synthetic_observation,0,SYNTHETIC_FOR_PIPELINE_TESTING
3222,B011,West Bengal,Kolkata,3309.785,3389.785,80,IMT candidate,synthetic_not_verified,synthetic_observation,1,SYNTHETIC_FOR_PIPELINE_TESTING
3223,B004,Tamil Nadu,Chennai,890.0,942.0,80,IMT candidate,synthetic_not_verified,synthetic_observation,0,SYNTHETIC_FOR_PIPELINE_TESTING
3224,B014,Maharashtra,Mumbai,3627.195,3628.195,1,IMT candidate,synthetic_not_verified,synthetic_observation,0,SYNTHETIC_FOR_PIPELINE_TESTING
3225,B003,Telangana,Hyderabad,786.164,806.164,20,IMT candidate,synthetic_not_verified,synthetic_observation,0,SYNTHETIC_FOR_PIPELINE_TESTING
3226,B005,Telangana,Hyderabad,942.0,960.0,40,IMT candidate,synthetic_not_verified,synthetic_observation,0,SYNTHETIC_FOR_PIPELINE_TESTING
3227,B017,Tamil Nadu,Chennai,25877.486,25897.486,20,IMT candidate,synthetic_not_verified,synthetic_observation,0,SYNTHETIC_FOR_PIPELINE_TESTING
3228,B008,Delhi,New Delhi,2122.755,2132.755,10,IMT candidate,synthetic_not_verified,synthetic_observation,1,SYNTHETIC_FOR_PIPELINE_TESTING
3229,B016,West Bengal,Kolkata,7048.613,7088.613,40,IMT candidate,synthetic_not_verified,synthetic_observation,1,SYNTHETIC_FOR_PIPELINE_TESTING
3230,B021,Gujarat,Ahmedabad,2404.547,2424.547,20,Low Power / RLAN,synthetic_not_verified,synthetic_observation,0,SYNTHETIC_FOR_PIPELINE_TESTING
3231,B018,Maharashtra,Mumbai,37446.807,37447.807,1,IMT candidate,synthetic_not_verified,synthetic_observation,0,SYNTHETIC_FOR_PIPELINE_TESTING
3232,B020,Tamil Nadu,Chennai,70953.542,70958.542,5,IMT candidate,synthetic_not_verified,synthetic_observation,1,SYNTHETIC_FOR_PIPELINE_TESTING
3233,B001,Maharashtra,Mumbai,520.937,560.937,40,IMT candidate,synthetic_not_verified,synthetic_observation,0,SYNTHETIC_FOR_PIPELINE_TESTING
3234,B016,Karnataka,Bengaluru,7054.45,7064.45,10,IMT candidate,synthetic_not_verified,synthetic_observation,0,SYNTHETIC_FOR_PIPELINE_TESTING
3235,B025,Delhi,New Delhi,5782.53,5862.53,80,WAS/RLAN,synthetic_not_verified,synthetic_observation,0,SYNTHETIC_FOR_PIPELINE_TESTING
3236,B005,Tamil Nadu,Chennai,942.064,947.064,5,IMT candidate,synthetic_not_verified,synthetic_observation,1,SYNTHETIC_FOR_PIPELINE_TESTING
3237,B008,Gujarat,Ahmedabad,2164.266,2184.266,20,IMT candidate,synthetic_not_verified,synthetic_observation,0,SYNTHETIC_FOR_PIPELINE_TESTING
3238,B023,West Bengal,Kolkata,5254.099,5334.099,80,WAS/RLAN,synthetic_not_verified,synthetic_observation,0,SYNTHETIC_FOR_PIPELINE_TESTING
3239,B007,Karnataka,Bengaluru,1826.139,1836.139,10,IMT candidate,synthetic_not_verified,synthetic_observation,1,SYNTHETIC_FOR_PIPELINE_TESTING
3240,B013,Rajasthan,Jaipur,3528.166,3568.166,40,IMT candidate,synthetic_not_verified,synthetic_observation,0,SYNTHETIC_FOR_PIPELINE_TESTING
3241,B019,Rajasthan,Jaipur,43191.014,43231.014,40,IMT candidate,synthetic_not_verified,synthetic_observation,0,SYNTHETIC_FOR_PIPELINE_TESTING
3242,B008,Tamil Nadu,Chennai,2176.665,2181.665,5,IMT candidate,synthetic_not_verified,synthetic_observation,1,SYNTHETIC_FOR_PIPELINE_TESTING
3243,B020,Telangana,Hyderabad,66878.574,66879.574,1,IMT candidate,synthetic_not_verified,synthetic_observation,0,SYNTHETIC_FOR_PIPELINE_TESTING
3244,B023,Telangana,Hyderabad,5289.632,5309.632,20,WAS/RLAN,synthetic_not_verified,synthetic_observation,0,SYNTHETIC_FOR_PIPELINE_TESTING
3245,B019,West Bengal,Kolkata,42640.133,42680.133,40,IMT candidate,synthetic_not_verified,synthetic_observation,0,SYNTHETIC_FOR_PIPELINE_TESTING
3246,B008,Rajasthan,Jaipur,2129.33,2169.33,40,IMT candidate,synthetic_not_verified,synthetic_observation,0,SYNTHETIC_FOR_PIPELINE_TESTING
3247,B010,West Bengal,Kolkata,2572.964,2582.964,10,IMT candidate,synthetic_not_verified,synthetic_observation,1,SYNTHETIC_FOR_PIPELINE_TESTING
3248,B010,Rajasthan,Jaipur,2549.25,2554.25,5,IMT candidate,synthetic_not_verified,synthetic_observation,1,SYNTHETIC_FOR_PIPELINE_TESTING
3249,B012,Gujarat,Ahmedabad,3446.465,3466.465,20,IMT candidate,synthetic_not_verified,synthetic_observation,0,SYNTHETIC_FOR_PIPELINE_TESTING
3250,B023,Delhi,New Delhi,5260.871,5340.871,80,WAS/RLAN,synthetic_not_verified,synthetic_observation,0,SYNTHETIC_FOR_PIPELINE_TESTING
3251,B001,Maharashtra,Mumbai,575.851,576.851,1,IMT candidate,synthetic_not_verified,synthetic_observation,1,SYNTHETIC_FOR_PIPELINE_TESTING
3252,B007,Delhi,New Delhi,1866.868,1871.868,5,IMT candidate,synthetic_not_verified,synthetic_observation,0,SYNTHETIC_FOR_PIPELINE_TESTING
3253,B002,Telangana,Hyderabad,604.394,609.394,5,IMT candidate,synthetic_not_verified,synthetic_observation,0,SYNTHETIC_FOR_PIPELINE_TESTING
3254,B006,Telangana,Hyderabad,1445.708,1465.708,20,IMT candidate,synthetic_not_verified,synthetic_observation,0,SYNTHETIC_FOR_PIPELINE_TESTING
3255,B016,Telangana,Hyderabad,7038.14,7058.14,20,IMT candidate,synthetic_not_verified,synthetic_observation,1,SYNTHETIC_FOR_PIPELINE_TESTING
3256,B005,Telangana,Hyderabad,942.0,960.0,20,IMT candidate,synthetic_not_verified,synthetic_observation,0,SYNTHETIC_FOR_PIPELINE_TESTING
3257,B021,Karnataka,Bengaluru,2447.421,2467.421,20,Low Power / RLAN,synthetic_not_verified,synthetic_observation,0,SYNTHETIC_FOR_PIPELINE_TESTING
3258,B023,Telangana,Hyderabad,5261.999,5271.999,10,WAS/RLAN,synthetic_not_verified,synthetic_observation,0,SYNTHETIC_FOR_PIPELINE_TESTING
3259,B003,Tamil Nadu,Chennai,795.723,875.723,80,IMT candidate,synthetic_not_verified,synthetic_observation,0,SYNTHETIC_FOR_PIPELINE_TESTING
3260,B010,Karnataka,Bengaluru,2638.074,2678.074,40,IMT candidate,synthetic_not_verified,synthetic_observation,0,SYNTHETIC_FOR_PIPELINE_TESTING
3261,B006,Maharashtra,Mumbai,1430.403,1440.403,10,IMT candidate,synthetic_not_verified,synthetic_observation,0,SYNTHETIC_FOR_PIPELINE_TESTING
3262,B017,Karnataka,Bengaluru,25161.227,25181.227,20,IMT candidate,synthetic_not_verified,synthetic_observation,1,SYNTHETIC_FOR_PIPELINE_TESTING
3263,B004,Maharashtra,Mumbai,902.092,922.092,20,IMT candidate,synthetic_not_verified,synthetic_observation,0,SYNTHETIC_FOR_PIPELINE_TESTING
3264,B004,Delhi,New Delhi,900.003,940.003,40,IMT candidate,synthetic_not_verified,synthetic_observation,0,SYNTHETIC_FOR_PIPELINE_TESTING
3265,B018,Delhi,New Delhi,37238.109,37239.109,1,IMT candidate,synthetic_not_verified,synthetic_observation,0,SYNTHETIC_FOR_PIPELINE_TESTING
3266,B002,Karnataka,Bengaluru,587.108,607.108,20,IMT candidate,synthetic_not_verified,synthetic_observation,1,SYNTHETIC_FOR_PIPELINE_TESTING
3267,B017,West Bengal,Kolkata,25109.105,25129.105,20,IMT candidate,synthetic_not_verified,synthetic_observation,0,SYNTHETIC_FOR_PIPELINE_TESTING
3268,B021,Tamil Nadu,Chennai,2400.133,2480.133,80,Low Power / RLAN,synthetic_not_verified,synthetic_observation,0,SYNTHETIC_FOR_PIPELINE_TESTING
3269,B010,Delhi,New Delhi,2615.531,2655.531,40,IMT candidate,synthetic_not_verified,synthetic_observation,0,SYNTHETIC_FOR_PIPELINE_TESTING
3270,B021,Tamil Nadu,Chennai,2401.633,2406.633,5,Low Power / RLAN,synthetic_not_verified,synthetic_observation,0,SYNTHETIC_FOR_PIPELINE_TESTING
3271,B016,West Bengal,Kolkata,7040.032,7060.032,20,IMT candidate,synthetic_not_verified,synthetic_observation,0,SYNTHETIC_FOR_PIPELINE_TESTING
3272,B013,Maharashtra,Mumbai,3508.341,3588.341,80,IMT candidate,synthetic_not_verified,synthetic_observation,0,SYNTHETIC_FOR_PIPELINE_TESTING
3273,B013,Telangana,Hyderabad,3505.242,3585.242,80,IMT candidate,synthetic_not_verified,synthetic_observation,0,SYNTHETIC_FOR_PIPELINE_TESTING
3274,B018,Delhi,New Delhi,38827.941,38867.941,40,IMT candidate,synthetic_not_verified,synthetic_observation,0,SYNTHETIC_FOR_PIPELINE_TESTING
3275,B011,Rajasthan,Jaipur,3334.773,3339.773,5,IMT candidate,synthetic_not_verified,synthetic_observation,1,SYNTHETIC_FOR_PIPELINE_TESTING
3276,B011,Rajasthan,Jaipur,3312.891,3392.891,80,IMT candidate,synthetic_not_verified,synthetic_observation,0,SYNTHETIC_FOR_PIPELINE_TESTING
3277,B019,Gujarat,Ahmedabad,43356.271,43366.271,10,IMT candidate,synthetic_not_verified,synthetic_observation,1,SYNTHETIC_FOR_PIPELINE_TESTING
3278,B009,West Bengal,Kolkata,2343.961,2383.961,40,IMT candidate,synthetic_not_verified,synthetic_observation,0,SYNTHETIC_FOR_PIPELINE_TESTING
3279,B016,Karnataka,Bengaluru,7073.301,7083.301,10,IMT candidate,synthetic_not_verified,synthetic_observation,0,SYNTHETIC_FOR_PIPELINE_TESTING
3280,B005,Gujarat,Ahmedabad,953.53,958.53,5,IMT candidate,synthetic_not_verified,synthetic_observation,1,SYNTHETIC_FOR_PIPELINE_TESTING
3281,B022,Telangana,Hyderabad,5165.459,5245.459,80,WAS/RLAN,synthetic_not_verified,synthetic_observation,0,SYNTHETIC_FOR_PIPELINE_TESTING
3282,B009,Rajasthan,Jaipur,2345.462,2365.462,20,IMT candidate,synthetic_not_verified,synthetic_observation,1,SYNTHETIC_FOR_PIPELINE_TESTING
3283,B015,Karnataka,Bengaluru,6725.892,6805.892,80,IMT candidate,synthetic_not_verified,synthetic_observation,0,SYNTHETIC_FOR_PIPELINE_TESTING
3284,B024,Telangana,Hyderabad,5630.446,5640.446,10,WAS/RLAN,synthetic_not_verified,synthetic_observation,1,SYNTHETIC_FOR_PIPELINE_TESTING
3285,B005,Tamil Nadu,Chennai,946.094,956.094,10,IMT candidate,synthetic_not_verified,synthetic_observation,1,SYNTHETIC_FOR_PIPELINE_TESTING
3286,B008,West Bengal,Kolkata,2191.399,2192.399,1,IMT candidate,synthetic_not_verified,synthetic_observation,0,SYNTHETIC_FOR_PIPELINE_TESTING
3287,B023,Telangana,Hyderabad,5251.198,5331.198,80,WAS/RLAN,synthetic_not_verified,synthetic_observation,0,SYNTHETIC_FOR_PIPELINE_TESTING
3288,B018,Gujarat,Ahmedabad,38712.287,38752.287,40,IMT candidate,synthetic_not_verified,synthetic_observation,1,SYNTHETIC_FOR_PIPELINE_TESTING
3289,B012,Delhi,New Delhi,3457.89,3477.89,20,IMT candidate,synthetic_not_verified,synthetic_observation,1,SYNTHETIC_FOR_PIPELINE_TESTING
3290,B022,Rajasthan,Jaipur,5239.656,5240.656,1,WAS/RLAN,synthetic_not_verified,synthetic_observation,0,SYNTHETIC_FOR_PIPELINE_TESTING
3291,B022,West Bengal,Kolkata,5162.583,5242.583,80,WAS/RLAN,synthetic_not_verified,synthetic_observation,0,SYNTHETIC_FOR_PIPELINE_TESTING
3292,B010,Maharashtra,Mumbai,2575.63,2655.63,80,IMT candidate,synthetic_not_verified,synthetic_observation,1,SYNTHETIC_FOR_PIPELINE_TESTING
3293,B025,Delhi,New Delhi,5836.775,5846.775,10,WAS/RLAN,synthetic_not_verified,synthetic_observation,1,SYNTHETIC_FOR_PIPELINE_TESTING
3294,B003,Tamil Nadu,Chennai,728.551,748.551,20,IMT candidate,synthetic_not_verified,synthetic_observation,1,SYNTHETIC_FOR_PIPELINE_TESTING
3295,B013,Rajasthan,Jaipur,3509.853,3519.853,10,IMT candidate,synthetic_not_verified,synthetic_observation,1,SYNTHETIC_FOR_PIPELINE_TESTING
3296,B001,Tamil Nadu,Chennai,502.218,582.218,80,IMT candidate,synthetic_not_verified,synthetic_observation,1,SYNTHETIC_FOR_PIPELINE_TESTING
3297,B024,Rajasthan,Jaipur,5542.979,5562.979,20,WAS/RLAN,synthetic_not_verified,synthetic_observation,0,SYNTHETIC_FOR_PIPELINE_TESTING
3298,B018,Maharashtra,Mumbai,37710.521,37750.521,40,IMT candidate,synthetic_not_verified,synthetic_observation,0,SYNTHETIC_FOR_PIPELINE_TESTING
3299,B020,West Bengal,Kolkata,67783.859,67788.859,5,IMT candidate,synthetic_not_verified,synthetic_observation,0,SYNTHETIC_FOR_PIPELINE_TESTING
3300,B001,West Bengal,Kolkata,539.112,549.112,10,IMT candidate,synthetic_not_verified,synthetic_observation,0,SYNTHETIC_FOR_PIPELINE_TESTING
3301,B008,Telangana,Hyderabad,2110.7,2130.7,20,IMT candidate,synthetic_not_verified,synthetic_observation,1,SYNTHETIC_FOR_PIPELINE_TESTING
3302,B016,Rajasthan,Jaipur,7081.37,7091.37,10,IMT candidate,synthetic_not_verified,synthetic_observation,0,SYNTHETIC_FOR_PIPELINE_TESTING
3303,B025,Gujarat,Ahmedabad,5768.701,5808.701,40,WAS/RLAN,synthetic_not_verified,synthetic_observation,1,SYNTHETIC_FOR_PIPELINE_TESTING
3304,B021,Karnataka,Bengaluru,2401.592,2406.592,5,Low Power / RLAN,synthetic_not_verified,synthetic_observation,0,SYNTHETIC_FOR_PIPELINE_TESTING
3305,B015,Gujarat,Ahmedabad,6940.268,7020.268,80,IMT candidate,synthetic_not_verified,synthetic_observation,1,SYNTHETIC_FOR_PIPELINE_TESTING
3306,B008,West Bengal,Kolkata,2167.215,2187.215,20,IMT candidate,synthetic_not_verified,synthetic_observation,0,SYNTHETIC_FOR_PIPELINE_TESTING
3307,B019,Rajasthan,Jaipur,42610.165,42620.165,10,IMT candidate,synthetic_not_verified,synthetic_observation,0,SYNTHETIC_FOR_PIPELINE_TESTING
3308,B008,West Bengal,Kolkata,2186.068,2187.068,1,IMT candidate,synthetic_not_verified,synthetic_observation,1,SYNTHETIC_FOR_PIPELINE_TESTING
3309,B010,Tamil Nadu,Chennai,2621.815,2626.815,5,IMT candidate,synthetic_not_verified,synthetic_observation,0,SYNTHETIC_FOR_PIPELINE_TESTING
3310,B022,West Bengal,Kolkata,5169.723,5249.723,80,WAS/RLAN,synthetic_not_verified,synthetic_observation,1,SYNTHETIC_FOR_PIPELINE_TESTING
3311,B020,Rajasthan,Jaipur,70967.533,70972.533,5,IMT candidate,synthetic_not_verified,synthetic_observation,1,SYNTHETIC_FOR_PIPELINE_TESTING
3312,B007,Tamil Nadu,Chennai,1903.779,1983.779,80,IMT candidate,synthetic_not_verified,synthetic_observation,1,SYNTHETIC_FOR_PIPELINE_TESTING
3313,B008,Telangana,Hyderabad,2140.91,2160.91,20,IMT candidate,synthetic_not_verified,synthetic_observation,0,SYNTHETIC_FOR_PIPELINE_TESTING
3314,B024,Gujarat,Ahmedabad,5525.275,5605.275,80,WAS/RLAN,synthetic_not_verified,synthetic_observation,1,SYNTHETIC_FOR_PIPELINE_TESTING
3315,B011,Delhi,New Delhi,3324.262,3344.262,20,IMT candidate,synthetic_not_verified,synthetic_observation,1,SYNTHETIC_FOR_PIPELINE_TESTING
3316,B008,Karnataka,Bengaluru,2133.302,2143.302,10,IMT candidate,synthetic_not_verified,synthetic_observation,0,SYNTHETIC_FOR_PIPELINE_TESTING
3317,B007,Tamil Nadu,Chennai,1827.088,1907.088,80,IMT candidate,synthetic_not_verified,synthetic_observation,1,SYNTHETIC_FOR_PIPELINE_TESTING
3318,B016,West Bengal,Kolkata,7052.079,7062.079,10,IMT candidate,synthetic_not_verified,synthetic_observation,0,SYNTHETIC_FOR_PIPELINE_TESTING
3319,B013,Rajasthan,Jaipur,3557.698,3597.698,40,IMT candidate,synthetic_not_verified,synthetic_observation,0,SYNTHETIC_FOR_PIPELINE_TESTING
3320,B007,West Bengal,Kolkata,1766.496,1767.496,1,IMT candidate,synthetic_not_verified,synthetic_observation,0,SYNTHETIC_FOR_PIPELINE_TESTING
3321,B001,Telangana,Hyderabad,482.421,562.421,80,IMT candidate,synthetic_not_verified,synthetic_observation,0,SYNTHETIC_FOR_PIPELINE_TESTING
3322,B015,Delhi,New Delhi,6625.547,6705.547,80,IMT candidate,synthetic_not_verified,synthetic_observation,0,SYNTHETIC_FOR_PIPELINE_TESTING
3323,B013,Delhi,New Delhi,3598.016,3599.016,1,IMT candidate,synthetic_not_verified,synthetic_observation,1,SYNTHETIC_FOR_PIPELINE_TESTING
3324,B016,Gujarat,Ahmedabad,7040.763,7080.763,40,IMT candidate,synthetic_not_verified,synthetic_observation,0,SYNTHETIC_FOR_PIPELINE_TESTING
3325,B022,Tamil Nadu,Chennai,5214.638,5219.638,5,WAS/RLAN,synthetic_not_verified,synthetic_observation,0,SYNTHETIC_FOR_PIPELINE_TESTING
3326,B022,Karnataka,Bengaluru,5233.588,5238.588,5,WAS/RLAN,synthetic_not_verified,synthetic_observation,0,SYNTHETIC_FOR_PIPELINE_TESTING
3327,B019,Karnataka,Bengaluru,42946.596,43026.596,80,IMT candidate,synthetic_not_verified,synthetic_observation,0,SYNTHETIC_FOR_PIPELINE_TESTING
3328,B024,Delhi,New Delhi,5634.916,5654.916,20,WAS/RLAN,synthetic_not_verified,synthetic_observation,0,SYNTHETIC_FOR_PIPELINE_TESTING
3329,B021,Delhi,New Delhi,2418.248,2438.248,20,Low Power / RLAN,synthetic_not_verified,synthetic_observation,0,SYNTHETIC_FOR_PIPELINE_TESTING
3330,B003,Maharashtra,Mumbai,886.85,887.85,1,IMT candidate,synthetic_not_verified,synthetic_observation,0,SYNTHETIC_FOR_PIPELINE_TESTING
3331,B025,Tamil Nadu,Chennai,5868.412,5869.412,1,WAS/RLAN,synthetic_not_verified,synthetic_observation,1,SYNTHETIC_FOR_PIPELINE_TESTING
3332,B001,Delhi,New Delhi,568.237,569.237,1,IMT candidate,synthetic_not_verified,synthetic_observation,1,SYNTHETIC_FOR_PIPELINE_TESTING
3333,B013,Karnataka,Bengaluru,3543.796,3544.796,1,IMT candidate,synthetic_not_verified,synthetic_observation,0,SYNTHETIC_FOR_PIPELINE_TESTING
3334,B009,West Bengal,Kolkata,2334.521,2344.521,10,IMT candidate,synthetic_not_verified,synthetic_observation,0,SYNTHETIC_FOR_PIPELINE_TESTING
3335,B016,Telangana,Hyderabad,7050.134,7090.134,40,IMT candidate,synthetic_not_verified,synthetic_observation,0,SYNTHETIC_FOR_PIPELINE_TESTING
3336,B015,Rajasthan,Jaipur,6867.345,6872.345,5,IMT candidate,synthetic_not_verified,synthetic_observation,0,SYNTHETIC_FOR_PIPELINE_TESTING
3337,B016,Rajasthan,Jaipur,7061.012,7101.012,40,IMT candidate,synthetic_not_verified,synthetic_observation,1,SYNTHETIC_FOR_PIPELINE_TESTING
3338,B025,West Bengal,Kolkata,5730.497,5810.497,80,WAS/RLAN,synthetic_not_verified,synthetic_observation,0,SYNTHETIC_FOR_PIPELINE_TESTING
3339,B015,Rajasthan,Jaipur,6511.294,6521.294,10,IMT candidate,synthetic_not_verified,synthetic_observation,0,SYNTHETIC_FOR_PIPELINE_TESTING
3340,B019,Maharashtra,Mumbai,43005.697,43015.697,10,IMT candidate,synthetic_not_verified,synthetic_observation,0,SYNTHETIC_FOR_PIPELINE_TESTING
3341,B019,Rajasthan,Jaipur,43419.0,43424.0,5,IMT candidate,synthetic_not_verified,synthetic_observation,1,SYNTHETIC_FOR_PIPELINE_TESTING
3342,B012,Karnataka,Bengaluru,3494.648,3495.648,1,IMT candidate,synthetic_not_verified,synthetic_observation,1,SYNTHETIC_FOR_PIPELINE_TESTING
3343,B007,Karnataka,Bengaluru,1755.834,1760.834,5,IMT candidate,synthetic_not_verified,synthetic_observation,0,SYNTHETIC_FOR_PIPELINE_TESTING
3344,B021,Gujarat,Ahmedabad,2472.548,2482.548,10,Low Power / RLAN,synthetic_not_verified,synthetic_observation,0,SYNTHETIC_FOR_PIPELINE_TESTING
3345,B014,West Bengal,Kolkata,3620.972,3621.972,1,IMT candidate,synthetic_not_verified,synthetic_observation,0,SYNTHETIC_FOR_PIPELINE_TESTING
3346,B006,Telangana,Hyderabad,1435.676,1515.676,80,IMT candidate,synthetic_not_verified,synthetic_observation,1,SYNTHETIC_FOR_PIPELINE_TESTING
3347,B001,Gujarat,Ahmedabad,570.943,571.943,1,IMT candidate,synthetic_not_verified,synthetic_observation,1,SYNTHETIC_FOR_PIPELINE_TESTING
3348,B017,Gujarat,Ahmedabad,27223.442,27303.442,80,IMT candidate,synthetic_not_verified,synthetic_observation,1,SYNTHETIC_FOR_PIPELINE_TESTING
3349,B015,Telangana,Hyderabad,6662.505,6663.505,1,IMT candidate,synthetic_not_verified,synthetic_observation,0,SYNTHETIC_FOR_PIPELINE_TESTING
3350,B019,Karnataka,Bengaluru,43145.181,43225.181,80,IMT candidate,synthetic_not_verified,synthetic_observation,0,SYNTHETIC_FOR_PIPELINE_TESTING
3351,B014,Maharashtra,Mumbai,3614.998,3615.998,1,IMT candidate,synthetic_not_verified,synthetic_observation,0,SYNTHETIC_FOR_PIPELINE_TESTING
3352,B010,Gujarat,Ahmedabad,2643.226,2683.226,40,IMT candidate,synthetic_not_verified,synthetic_observation,0,SYNTHETIC_FOR_PIPELINE_TESTING
3353,B022,Gujarat,Ahmedabad,5165.201,5205.201,40,WAS/RLAN,synthetic_not_verified,synthetic_observation,0,SYNTHETIC_FOR_PIPELINE_TESTING
3354,B011,Karnataka,Bengaluru,3307.873,3327.873,20,IMT candidate,synthetic_not_verified,synthetic_observation,0,SYNTHETIC_FOR_PIPELINE_TESTING
3355,B023,Delhi,New Delhi,5272.961,5292.961,20,WAS/RLAN,synthetic_not_verified,synthetic_observation,0,SYNTHETIC_FOR_PIPELINE_TESTING
3356,B017,Tamil Nadu,Chennai,27345.824,27350.824,5,IMT candidate,synthetic_not_verified,synthetic_observation,0,SYNTHETIC_FOR_PIPELINE_TESTING
3357,B010,Delhi,New Delhi,2520.632,2530.632,10,IMT candidate,synthetic_not_verified,synthetic_observation,1,SYNTHETIC_FOR_PIPELINE_TESTING
3358,B016,Karnataka,Bengaluru,7045.31,7085.31,40,IMT candidate,synthetic_not_verified,synthetic_observation,0,SYNTHETIC_FOR_PIPELINE_TESTING
3359,B017,Karnataka,Bengaluru,27442.919,27443.919,1,IMT candidate,synthetic_not_verified,synthetic_observation,0,SYNTHETIC_FOR_PIPELINE_TESTING
3360,B005,Maharashtra,Mumbai,942.0,960.0,80,IMT candidate,synthetic_not_verified,synthetic_observation,0,SYNTHETIC_FOR_PIPELINE_TESTING
3361,B009,Maharashtra,Mumbai,2394.939,2395.939,1,IMT candidate,synthetic_not_verified,synthetic_observation,0,SYNTHETIC_FOR_PIPELINE_TESTING
3362,B013,West Bengal,Kolkata,3525.022,3565.022,40,IMT candidate,synthetic_not_verified,synthetic_observation,0,SYNTHETIC_FOR_PIPELINE_TESTING
3363,B016,Delhi,New Delhi,7042.097,7122.097,80,IMT candidate,synthetic_not_verified,synthetic_observation,0,SYNTHETIC_FOR_PIPELINE_TESTING
3364,B008,Maharashtra,Mumbai,2164.891,2174.891,10,IMT candidate,synthetic_not_verified,synthetic_observation,0,SYNTHETIC_FOR_PIPELINE_TESTING
3365,B012,Tamil Nadu,Chennai,3478.915,3479.915,1,IMT candidate,synthetic_not_verified,synthetic_observation,0,SYNTHETIC_FOR_PIPELINE_TESTING
3366,B022,Delhi,New Delhi,5180.402,5200.402,20,WAS/RLAN,synthetic_not_verified,synthetic_observation,0,SYNTHETIC_FOR_PIPELINE_TESTING
3367,B003,Telangana,Hyderabad,854.049,874.049,20,IMT candidate,synthetic_not_verified,synthetic_observation,0,SYNTHETIC_FOR_PIPELINE_TESTING
3368,B012,Gujarat,Ahmedabad,3416.265,3496.265,80,IMT candidate,synthetic_not_verified,synthetic_observation,1,SYNTHETIC_FOR_PIPELINE_TESTING
3369,B023,Rajasthan,Jaipur,5304.865,5314.865,10,WAS/RLAN,synthetic_not_verified,synthetic_observation,1,SYNTHETIC_FOR_PIPELINE_TESTING
3370,B009,Telangana,Hyderabad,2320.483,2325.483,5,IMT candidate,synthetic_not_verified,synthetic_observation,1,SYNTHETIC_FOR_PIPELINE_TESTING
3371,B012,Telangana,Hyderabad,3460.717,3470.717,10,IMT candidate,synthetic_not_verified,synthetic_observation,0,SYNTHETIC_FOR_PIPELINE_TESTING
3372,B010,Delhi,New Delhi,2631.501,2651.501,20,IMT candidate,synthetic_not_verified,synthetic_observation,0,SYNTHETIC_FOR_PIPELINE_TESTING
3373,B019,Telangana,Hyderabad,42811.101,42812.101,1,IMT candidate,synthetic_not_verified,synthetic_observation,0,SYNTHETIC_FOR_PIPELINE_TESTING
3374,B003,Delhi,New Delhi,708.782,728.782,20,IMT candidate,synthetic_not_verified,synthetic_observation,1,SYNTHETIC_FOR_PIPELINE_TESTING
3375,B021,Delhi,New Delhi,2405.042,2425.042,20,Low Power / RLAN,synthetic_not_verified,synthetic_observation,1,SYNTHETIC_FOR_PIPELINE_TESTING
3376,B013,West Bengal,Kolkata,3556.944,3557.944,1,IMT candidate,synthetic_not_verified,synthetic_observation,0,SYNTHETIC_FOR_PIPELINE_TESTING
3377,B021,Delhi,New Delhi,2400.92,2480.92,80,Low Power / RLAN,synthetic_not_verified,synthetic_observation,0,SYNTHETIC_FOR_PIPELINE_TESTING
3378,B017,Maharashtra,Mumbai,26326.533,26366.533,40,IMT candidate,synthetic_not_verified,synthetic_observation,1,SYNTHETIC_FOR_PIPELINE_TESTING
3379,B003,Delhi,New Delhi,755.031,756.031,1,IMT candidate,synthetic_not_verified,synthetic_observation,0,SYNTHETIC_FOR_PIPELINE_TESTING
3380,B022,Telangana,Hyderabad,5163.636,5164.636,1,WAS/RLAN,synthetic_not_verified,synthetic_observation,0,SYNTHETIC_FOR_PIPELINE_TESTING
3381,B012,Delhi,New Delhi,3414.835,3494.835,80,IMT candidate,synthetic_not_verified,synthetic_observation,0,SYNTHETIC_FOR_PIPELINE_TESTING
3382,B025,Rajasthan,Jaipur,5750.671,5790.671,40,WAS/RLAN,synthetic_not_verified,synthetic_observation,1,SYNTHETIC_FOR_PIPELINE_TESTING
3383,B013,Telangana,Hyderabad,3567.346,3577.346,10,IMT candidate,synthetic_not_verified,synthetic_observation,0,SYNTHETIC_FOR_PIPELINE_TESTING
3384,B025,Tamil Nadu,Chennai,5763.881,5803.881,40,WAS/RLAN,synthetic_not_verified,synthetic_observation,0,SYNTHETIC_FOR_PIPELINE_TESTING
3385,B016,Tamil Nadu,Chennai,7054.17,7064.17,10,IMT candidate,synthetic_not_verified,synthetic_observation,0,SYNTHETIC_FOR_PIPELINE_TESTING
3386,B022,Gujarat,Ahmedabad,5180.35,5181.35,1,WAS/RLAN,synthetic_not_verified,synthetic_observation,0,SYNTHETIC_FOR_PIPELINE_TESTING
3387,B012,Karnataka,Bengaluru,3405.407,3485.407,80,IMT candidate,synthetic_not_verified,synthetic_observation,1,SYNTHETIC_FOR_PIPELINE_TESTING
3388,B015,Maharashtra,Mumbai,6580.482,6590.482,10,IMT candidate,synthetic_not_verified,synthetic_observation,1,SYNTHETIC_FOR_PIPELINE_TESTING
3389,B017,Delhi,New Delhi,27021.74,27101.74,80,IMT candidate,synthetic_not_verified,synthetic_observation,1,SYNTHETIC_FOR_PIPELINE_TESTING
3390,B012,Telangana,Hyderabad,3418.4,3498.4,80,IMT candidate,synthetic_not_verified,synthetic_observation,1,SYNTHETIC_FOR_PIPELINE_TESTING
3391,B016,Gujarat,Ahmedabad,7041.902,7081.902,40,IMT candidate,synthetic_not_verified,synthetic_observation,0,SYNTHETIC_FOR_PIPELINE_TESTING
3392,B015,Telangana,Hyderabad,6963.294,6968.294,5,IMT candidate,synthetic_not_verified,synthetic_observation,1,SYNTHETIC_FOR_PIPELINE_TESTING
3393,B002,Delhi,New Delhi,603.983,608.983,5,IMT candidate,synthetic_not_verified,synthetic_observation,0,SYNTHETIC_FOR_PIPELINE_TESTING
3394,B018,Gujarat,Ahmedabad,38598.566,38599.566,1,IMT candidate,synthetic_not_verified,synthetic_observation,0,SYNTHETIC_FOR_PIPELINE_TESTING
3395,B008,Maharashtra,Mumbai,2133.75,2143.75,10,IMT candidate,synthetic_not_verified,synthetic_observation,0,SYNTHETIC_FOR_PIPELINE_TESTING
3396,B022,Tamil Nadu,Chennai,5152.957,5232.957,80,WAS/RLAN,synthetic_not_verified,synthetic_observation,0,SYNTHETIC_FOR_PIPELINE_TESTING
3397,B023,Telangana,Hyderabad,5305.133,5306.133,1,WAS/RLAN,synthetic_not_verified,synthetic_observation,0,SYNTHETIC_FOR_PIPELINE_TESTING
3398,B021,Tamil Nadu,Chennai,2412.761,2452.761,40,Low Power / RLAN,synthetic_not_verified,synthetic_observation,0,SYNTHETIC_FOR_PIPELINE_TESTING
3399,B002,Maharashtra,Mumbai,585.0,610.0,80,IMT candidate,synthetic_not_verified,synthetic_observation,0,SYNTHETIC_FOR_PIPELINE_TESTING
3400,B011,Delhi,New Delhi,3317.848,3397.848,80,IMT candidate,synthetic_not_verified,synthetic_observation,0,SYNTHETIC_FOR_PIPELINE_TESTING
3401,B023,Gujarat,Ahmedabad,5265.217,5345.217,80,WAS/RLAN,synthetic_not_verified,synthetic_observation,0,SYNTHETIC_FOR_PIPELINE_TESTING
3402,B019,Gujarat,Ahmedabad,42686.03,42726.03,40,IMT candidate,synthetic_not_verified,synthetic_observation,1,SYNTHETIC_FOR_PIPELINE_TESTING
3403,B013,Delhi,New Delhi,3516.201,3596.201,80,IMT candidate,synthetic_not_verified,synthetic_observation,1,SYNTHETIC_FOR_PIPELINE_TESTING
3404,B024,Tamil Nadu,Chennai,5520.205,5560.205,40,WAS/RLAN,synthetic_not_verified,synthetic_observation,1,SYNTHETIC_FOR_PIPELINE_TESTING
3405,B007,Telangana,Hyderabad,1789.539,1869.539,80,IMT candidate,synthetic_not_verified,synthetic_observation,1,SYNTHETIC_FOR_PIPELINE_TESTING
3406,B013,Gujarat,Ahmedabad,3527.59,3532.59,5,IMT candidate,synthetic_not_verified,synthetic_observation,0,SYNTHETIC_FOR_PIPELINE_TESTING
3407,B011,Karnataka,Bengaluru,3386.449,3391.449,5,IMT candidate,synthetic_not_verified,synthetic_observation,0,SYNTHETIC_FOR_PIPELINE_TESTING
3408,B012,Gujarat,Ahmedabad,3434.462,3435.462,1,IMT candidate,synthetic_not_verified,synthetic_observation,0,SYNTHETIC_FOR_PIPELINE_TESTING
3409,B012,Tamil Nadu,Chennai,3441.928,3442.928,1,IMT candidate,synthetic_not_verified,synthetic_observation,1,SYNTHETIC_FOR_PIPELINE_TESTING
3410,B001,Telangana,Hyderabad,555.136,556.136,1,IMT candidate,synthetic_not_verified,synthetic_observation,0,SYNTHETIC_FOR_PIPELINE_TESTING
3411,B013,Gujarat,Ahmedabad,3555.033,3565.033,10,IMT candidate,synthetic_not_verified,synthetic_observation,1,SYNTHETIC_FOR_PIPELINE_TESTING
3412,B021,Telangana,Hyderabad,2402.97,2442.97,40,Low Power / RLAN,synthetic_not_verified,synthetic_observation,1,SYNTHETIC_FOR_PIPELINE_TESTING
3413,B016,Gujarat,Ahmedabad,7099.022,7109.022,10,IMT candidate,synthetic_not_verified,synthetic_observation,0,SYNTHETIC_FOR_PIPELINE_TESTING
3414,B001,Gujarat,Ahmedabad,529.89,539.89,10,IMT candidate,synthetic_not_verified,synthetic_observation,0,SYNTHETIC_FOR_PIPELINE_TESTING
3415,B009,West Bengal,Kolkata,2300.65,2310.65,10,IMT candidate,synthetic_not_verified,synthetic_observation,0,SYNTHETIC_FOR_PIPELINE_TESTING
3416,B004,West Bengal,Kolkata,900.658,920.658,20,IMT candidate,synthetic_not_verified,synthetic_observation,0,SYNTHETIC_FOR_PIPELINE_TESTING
3417,B009,Rajasthan,Jaipur,2313.479,2393.479,80,IMT candidate,synthetic_not_verified,synthetic_observation,0,SYNTHETIC_FOR_PIPELINE_TESTING
3418,B024,Delhi,New Delhi,5470.507,5550.507,80,WAS/RLAN,synthetic_not_verified,synthetic_observation,1,SYNTHETIC_FOR_PIPELINE_TESTING
3419,B019,Rajasthan,Jaipur,42769.234,42849.234,80,IMT candidate,synthetic_not_verified,synthetic_observation,1,SYNTHETIC_FOR_PIPELINE_TESTING
3420,B016,Gujarat,Ahmedabad,7055.195,7075.195,20,IMT candidate,synthetic_not_verified,synthetic_observation,1,SYNTHETIC_FOR_PIPELINE_TESTING
3421,B017,Karnataka,Bengaluru,24892.98,24902.98,10,IMT candidate,synthetic_not_verified,synthetic_observation,0,SYNTHETIC_FOR_PIPELINE_TESTING
3422,B017,West Bengal,Kolkata,27411.46,27421.46,10,IMT candidate,synthetic_not_verified,synthetic_observation,1,SYNTHETIC_FOR_PIPELINE_TESTING
3423,B007,Delhi,New Delhi,1878.151,1958.151,80,IMT candidate,synthetic_not_verified,synthetic_observation,0,SYNTHETIC_FOR_PIPELINE_TESTING
3424,B008,Telangana,Hyderabad,2123.008,2133.008,10,IMT candidate,synthetic_not_verified,synthetic_observation,0,SYNTHETIC_FOR_PIPELINE_TESTING
3425,B007,Maharashtra,Mumbai,1982.666,1987.666,5,IMT candidate,synthetic_not_verified,synthetic_observation,0,SYNTHETIC_FOR_PIPELINE_TESTING
3426,B018,Rajasthan,Jaipur,38810.384,38811.384,1,IMT candidate,synthetic_not_verified,synthetic_observation,0,SYNTHETIC_FOR_PIPELINE_TESTING
3427,B019,Karnataka,Bengaluru,42797.841,42817.841,20,IMT candidate,synthetic_not_verified,synthetic_observation,0,SYNTHETIC_FOR_PIPELINE_TESTING
3428,B015,West Bengal,Kolkata,6901.945,6906.945,5,IMT candidate,synthetic_not_verified,synthetic_observation,0,SYNTHETIC_FOR_PIPELINE_TESTING
3429,B013,Gujarat,Ahmedabad,3582.563,3587.563,5,IMT candidate,synthetic_not_verified,synthetic_observation,0,SYNTHETIC_FOR_PIPELINE_TESTING
3430,B019,Gujarat,Ahmedabad,42691.074,42701.074,10,IMT candidate,synthetic_not_verified,synthetic_observation,1,SYNTHETIC_FOR_PIPELINE_TESTING
3431,B020,Tamil Nadu,Chennai,67836.352,67841.352,5,IMT candidate,synthetic_not_verified,synthetic_observation,1,SYNTHETIC_FOR_PIPELINE_TESTING
3432,B006,Karnataka,Bengaluru,1470.031,1510.031,40,IMT candidate,synthetic_not_verified,synthetic_observation,0,SYNTHETIC_FOR_PIPELINE_TESTING
3433,B022,Gujarat,Ahmedabad,5187.896,5197.896,10,WAS/RLAN,synthetic_not_verified,synthetic_observation,0,SYNTHETIC_FOR_PIPELINE_TESTING
3434,B022,West Bengal,Kolkata,5172.385,5173.385,1,WAS/RLAN,synthetic_not_verified,synthetic_observation,0,SYNTHETIC_FOR_PIPELINE_TESTING
3435,B021,Telangana,Hyderabad,2474.174,2479.174,5,Low Power / RLAN,synthetic_not_verified,synthetic_observation,0,SYNTHETIC_FOR_PIPELINE_TESTING
3436,B002,Telangana,Hyderabad,585.0,610.0,40,IMT candidate,synthetic_not_verified,synthetic_observation,0,SYNTHETIC_FOR_PIPELINE_TESTING
3437,B025,Maharashtra,Mumbai,5779.811,5799.811,20,WAS/RLAN,synthetic_not_verified,synthetic_observation,0,SYNTHETIC_FOR_PIPELINE_TESTING
3438,B025,Telangana,Hyderabad,5773.425,5778.425,5,WAS/RLAN,synthetic_not_verified,synthetic_observation,0,SYNTHETIC_FOR_PIPELINE_TESTING
3439,B001,Maharashtra,Mumbai,480.447,560.447,80,IMT candidate,synthetic_not_verified,synthetic_observation,0,SYNTHETIC_FOR_PIPELINE_TESTING
3440,B016,Gujarat,Ahmedabad,7027.914,7067.914,40,IMT candidate,synthetic_not_verified,synthetic_observation,0,SYNTHETIC_FOR_PIPELINE_TESTING
3441,B023,Gujarat,Ahmedabad,5285.021,5290.021,5,WAS/RLAN,synthetic_not_verified,synthetic_observation,1,SYNTHETIC_FOR_PIPELINE_TESTING
3442,B010,Tamil Nadu,Chennai,2543.307,2563.307,20,IMT candidate,synthetic_not_verified,synthetic_observation,0,SYNTHETIC_FOR_PIPELINE_TESTING
3443,B015,Gujarat,Ahmedabad,6602.993,6622.993,20,IMT candidate,synthetic_not_verified,synthetic_observation,0,SYNTHETIC_FOR_PIPELINE_TESTING
3444,B021,West Bengal,Kolkata,2464.998,2474.998,10,Low Power / RLAN,synthetic_not_verified,synthetic_observation,0,SYNTHETIC_FOR_PIPELINE_TESTING
3445,B019,Maharashtra,Mumbai,43384.458,43404.458,20,IMT candidate,synthetic_not_verified,synthetic_observation,1,SYNTHETIC_FOR_PIPELINE_TESTING
3446,B012,West Bengal,Kolkata,3410.58,3450.58,40,IMT candidate,synthetic_not_verified,synthetic_observation,1,SYNTHETIC_FOR_PIPELINE_TESTING
3447,B017,Maharashtra,Mumbai,24426.005,24506.005,80,IMT candidate,synthetic_not_verified,synthetic_observation,1,SYNTHETIC_FOR_PIPELINE_TESTING
3448,B011,Gujarat,Ahmedabad,3319.655,3399.655,80,IMT candidate,synthetic_not_verified,synthetic_observation,1,SYNTHETIC_FOR_PIPELINE_TESTING
3449,B020,Delhi,New Delhi,66816.102,66826.102,10,IMT candidate,synthetic_not_verified,synthetic_observation,0,SYNTHETIC_FOR_PIPELINE_TESTING
3450,B022,West Bengal,Kolkata,5241.228,5242.228,1,WAS/RLAN,synthetic_not_verified,synthetic_observation,0,SYNTHETIC_FOR_PIPELINE_TESTING
3451,B022,Karnataka,Bengaluru,5150.676,5190.676,40,WAS/RLAN,synthetic_not_verified,synthetic_observation,1,SYNTHETIC_FOR_PIPELINE_TESTING
3452,B011,Karnataka,Bengaluru,3310.841,3330.841,20,IMT candidate,synthetic_not_verified,synthetic_observation,0,SYNTHETIC_FOR_PIPELINE_TESTING
3453,B001,Karnataka,Bengaluru,532.084,552.084,20,IMT candidate,synthetic_not_verified,synthetic_observation,0,SYNTHETIC_FOR_PIPELINE_TESTING
3454,B001,Gujarat,Ahmedabad,504.532,514.532,10,IMT candidate,synthetic_not_verified,synthetic_observation,1,SYNTHETIC_FOR_PIPELINE_TESTING
3455,B012,Telangana,Hyderabad,3457.566,3477.566,20,IMT candidate,synthetic_not_verified,synthetic_observation,1,SYNTHETIC_FOR_PIPELINE_TESTING
3456,B019,Gujarat,Ahmedabad,42698.482,42718.482,20,IMT candidate,synthetic_not_verified,synthetic_observation,1,SYNTHETIC_FOR_PIPELINE_TESTING
3457,B013,Maharashtra,Mumbai,3578.491,3588.491,10,IMT candidate,synthetic_not_verified,synthetic_observation,0,SYNTHETIC_FOR_PIPELINE_TESTING
3458,B023,Maharashtra,Mumbai,5253.581,5333.581,80,WAS/RLAN,synthetic_not_verified,synthetic_observation,0,SYNTHETIC_FOR_PIPELINE_TESTING
3459,B001,Delhi,New Delhi,494.375,574.375,80,IMT candidate,synthetic_not_verified,synthetic_observation,1,SYNTHETIC_FOR_PIPELINE_TESTING
3460,B005,Gujarat,Ahmedabad,942.0,960.0,20,IMT candidate,synthetic_not_verified,synthetic_observation,0,SYNTHETIC_FOR_PIPELINE_TESTING
3461,B001,Delhi,New Delhi,538.753,543.753,5,IMT candidate,synthetic_not_verified,synthetic_observation,0,SYNTHETIC_FOR_PIPELINE_TESTING
3462,B021,Karnataka,Bengaluru,2468.769,2478.769,10,Low Power / RLAN,synthetic_not_verified,synthetic_observation,1,SYNTHETIC_FOR_PIPELINE_TESTING
3463,B006,Telangana,Hyderabad,1479.862,1480.862,1,IMT candidate,synthetic_not_verified,synthetic_observation,0,SYNTHETIC_FOR_PIPELINE_TESTING
3464,B018,Gujarat,Ahmedabad,39405.308,39425.308,20,IMT candidate,synthetic_not_verified,synthetic_observation,1,SYNTHETIC_FOR_PIPELINE_TESTING
3465,B013,West Bengal,Kolkata,3519.056,3529.056,10,IMT candidate,synthetic_not_verified,synthetic_observation,0,SYNTHETIC_FOR_PIPELINE_TESTING
3466,B002,Tamil Nadu,Chennai,597.127,602.127,5,IMT candidate,synthetic_not_verified,synthetic_observation,1,SYNTHETIC_FOR_PIPELINE_TESTING
3467,B016,Tamil Nadu,Chennai,7067.443,7087.443,20,IMT candidate,synthetic_not_verified,synthetic_observation,0,SYNTHETIC_FOR_PIPELINE_TESTING
3468,B008,Karnataka,Bengaluru,2120.525,2140.525,20,IMT candidate,synthetic_not_verified,synthetic_observation,0,SYNTHETIC_FOR_PIPELINE_TESTING
3469,B022,Rajasthan,Jaipur,5203.097,5223.097,20,WAS/RLAN,synthetic_not_verified,synthetic_observation,0,SYNTHETIC_FOR_PIPELINE_TESTING
3470,B021,Karnataka,Bengaluru,2438.335,2478.335,40,Low Power / RLAN,synthetic_not_verified,synthetic_observation,0,SYNTHETIC_FOR_PIPELINE_TESTING
3471,B010,Delhi,New Delhi,2628.721,2648.721,20,IMT candidate,synthetic_not_verified,synthetic_observation,0,SYNTHETIC_FOR_PIPELINE_TESTING
3472,B001,Karnataka,Bengaluru,559.211,564.211,5,IMT candidate,synthetic_not_verified,synthetic_observation,1,SYNTHETIC_FOR_PIPELINE_TESTING
3473,B012,Karnataka,Bengaluru,3433.865,3473.865,40,IMT candidate,synthetic_not_verified,synthetic_observation,0,SYNTHETIC_FOR_PIPELINE_TESTING
3474,B015,West Bengal,Kolkata,6533.33,6534.33,1,IMT candidate,synthetic_not_verified,synthetic_observation,0,SYNTHETIC_FOR_PIPELINE_TESTING
3475,B002,Karnataka,Bengaluru,590.515,591.515,1,IMT candidate,synthetic_not_verified,synthetic_observation,1,SYNTHETIC_FOR_PIPELINE_TESTING
3476,B020,Delhi,New Delhi,66147.902,66157.902,10,IMT candidate,synthetic_not_verified,synthetic_observation,0,SYNTHETIC_FOR_PIPELINE_TESTING
3477,B017,Telangana,Hyderabad,24995.638,25005.638,10,IMT candidate,synthetic_not_verified,synthetic_observation,1,SYNTHETIC_FOR_PIPELINE_TESTING
3478,B011,Tamil Nadu,Chennai,3309.504,3349.504,40,IMT candidate,synthetic_not_verified,synthetic_observation,0,SYNTHETIC_FOR_PIPELINE_TESTING
3479,B013,Delhi,New Delhi,3510.651,3590.651,80,IMT candidate,synthetic_not_verified,synthetic_observation,0,SYNTHETIC_FOR_PIPELINE_TESTING
3480,B006,Karnataka,Bengaluru,1477.652,1497.652,20,IMT candidate,synthetic_not_verified,synthetic_observation,0,SYNTHETIC_FOR_PIPELINE_TESTING
3481,B022,Maharashtra,Mumbai,5156.282,5161.282,5,WAS/RLAN,synthetic_not_verified,synthetic_observation,1,SYNTHETIC_FOR_PIPELINE_TESTING
3482,B001,Karnataka,Bengaluru,525.664,565.664,40,IMT candidate,synthetic_not_verified,synthetic_observation,0,SYNTHETIC_FOR_PIPELINE_TESTING
3483,B016,Tamil Nadu,Chennai,7066.475,7067.475,1,IMT candidate,synthetic_not_verified,synthetic_observation,0,SYNTHETIC_FOR_PIPELINE_TESTING
3484,B024,Maharashtra,Mumbai,5674.039,5675.039,1,WAS/RLAN,synthetic_not_verified,synthetic_observation,1,SYNTHETIC_FOR_PIPELINE_TESTING
3485,B016,Gujarat,Ahmedabad,7118.396,7119.396,1,IMT candidate,synthetic_not_verified,synthetic_observation,1,SYNTHETIC_FOR_PIPELINE_TESTING
3486,B018,Maharashtra,Mumbai,38442.794,38522.794,80,IMT candidate,synthetic_not_verified,synthetic_observation,0,SYNTHETIC_FOR_PIPELINE_TESTING
3487,B014,Gujarat,Ahmedabad,3605.898,3645.898,40,IMT candidate,synthetic_not_verified,synthetic_observation,1,SYNTHETIC_FOR_PIPELINE_TESTING
3488,B018,Maharashtra,Mumbai,37452.977,37457.977,5,IMT candidate,synthetic_not_verified,synthetic_observation,1,SYNTHETIC_FOR_PIPELINE_TESTING
3489,B018,West Bengal,Kolkata,37425.34,37435.34,10,IMT candidate,synthetic_not_verified,synthetic_observation,0,SYNTHETIC_FOR_PIPELINE_TESTING
3490,B020,Gujarat,Ahmedabad,70585.999,70625.999,40,IMT candidate,synthetic_not_verified,synthetic_observation,0,SYNTHETIC_FOR_PIPELINE_TESTING
3491,B014,Telangana,Hyderabad,3606.989,3611.989,5,IMT candidate,synthetic_not_verified,synthetic_observation,0,SYNTHETIC_FOR_PIPELINE_TESTING
3492,B013,Tamil Nadu,Chennai,3523.998,3528.998,5,IMT candidate,synthetic_not_verified,synthetic_observation,1,SYNTHETIC_FOR_PIPELINE_TESTING
3493,B013,Maharashtra,Mumbai,3540.234,3541.234,1,IMT candidate,synthetic_not_verified,synthetic_observation,0,SYNTHETIC_FOR_PIPELINE_TESTING
3494,B010,Telangana,Hyderabad,2509.57,2589.57,80,IMT candidate,synthetic_not_verified,synthetic_observation,1,SYNTHETIC_FOR_PIPELINE_TESTING
3495,B023,Maharashtra,Mumbai,5268.285,5269.285,1,WAS/RLAN,synthetic_not_verified,synthetic_observation,0,SYNTHETIC_FOR_PIPELINE_TESTING
3496,B016,Rajasthan,Jaipur,7093.663,7098.663,5,IMT candidate,synthetic_not_verified,synthetic_observation,1,SYNTHETIC_FOR_PIPELINE_TESTING
3497,B021,Gujarat,Ahmedabad,2414.52,2415.52,1,Low Power / RLAN,synthetic_not_verified,synthetic_observation,0,SYNTHETIC_FOR_PIPELINE_TESTING
3498,B019,Tamil Nadu,Chennai,42757.898,42837.898,80,IMT candidate,synthetic_not_verified,synthetic_observation,1,SYNTHETIC_FOR_PIPELINE_TESTING
3499,B003,Karnataka,Bengaluru,670.204,671.204,1,IMT candidate,synthetic_not_verified,synthetic_observation,0,SYNTHETIC_FOR_PIPELINE_TESTING
3500,B011,Telangana,Hyderabad,3304.675,3344.675,40,IMT candidate,synthetic_not_verified,synthetic_observation,0,SYNTHETIC_FOR_PIPELINE_TESTING
3501,B001,Rajasthan,Jaipur,551.793,571.793,20,IMT candidate,synthetic_not_verified,synthetic_observation,0,SYNTHETIC_FOR_PIPELINE_TESTING
3502,B004,Delhi,New Delhi,915.495,925.495,10,IMT candidate,synthetic_not_verified,synthetic_observation,1,SYNTHETIC_FOR_PIPELINE_TESTING
3503,B003,Gujarat,Ahmedabad,754.818,794.818,40,IMT candidate,synthetic_not_verified,synthetic_observation,0,SYNTHETIC_FOR_PIPELINE_TESTING
3504,B006,Maharashtra,Mumbai,1437.476,1457.476,20,IMT candidate,synthetic_not_verified,synthetic_observation,1,SYNTHETIC_FOR_PIPELINE_TESTING
3505,B016,Rajasthan,Jaipur,7063.199,7064.199,1,IMT candidate,synthetic_not_verified,synthetic_observation,1,SYNTHETIC_FOR_PIPELINE_TESTING
3506,B016,Rajasthan,Jaipur,7031.587,7071.587,40,IMT candidate,synthetic_not_verified,synthetic_observation,0,SYNTHETIC_FOR_PIPELINE_TESTING
3507,B013,Telangana,Hyderabad,3523.59,3543.59,20,IMT candidate,synthetic_not_verified,synthetic_observation,0,SYNTHETIC_FOR_PIPELINE_TESTING
3508,B018,Delhi,New Delhi,38104.307,38144.307,40,IMT candidate,synthetic_not_verified,synthetic_observation,1,SYNTHETIC_FOR_PIPELINE_TESTING
3509,B016,Delhi,New Delhi,7051.261,7091.261,40,IMT candidate,synthetic_not_verified,synthetic_observation,0,SYNTHETIC_FOR_PIPELINE_TESTING
3510,B017,Maharashtra,Mumbai,26656.703,26676.703,20,IMT candidate,synthetic_not_verified,synthetic_observation,1,SYNTHETIC_FOR_PIPELINE_TESTING
3511,B020,Rajasthan,Jaipur,70532.46,70537.46,5,IMT candidate,synthetic_not_verified,synthetic_observation,1,SYNTHETIC_FOR_PIPELINE_TESTING
3512,B018,West Bengal,Kolkata,39197.594,39217.594,20,IMT candidate,synthetic_not_verified,synthetic_observation,0,SYNTHETIC_FOR_PIPELINE_TESTING
3513,B016,West Bengal,Kolkata,7027.318,7107.318,80,IMT candidate,synthetic_not_verified,synthetic_observation,1,SYNTHETIC_FOR_PIPELINE_TESTING
3514,B007,Gujarat,Ahmedabad,1767.557,1772.557,5,IMT candidate,synthetic_not_verified,synthetic_observation,1,SYNTHETIC_FOR_PIPELINE_TESTING
3515,B009,Telangana,Hyderabad,2304.723,2384.723,80,IMT candidate,synthetic_not_verified,synthetic_observation,0,SYNTHETIC_FOR_PIPELINE_TESTING
3516,B022,West Bengal,Kolkata,5167.277,5168.277,1,WAS/RLAN,synthetic_not_verified,synthetic_observation,0,SYNTHETIC_FOR_PIPELINE_TESTING
3517,B015,Gujarat,Ahmedabad,6950.044,6990.044,40,IMT candidate,synthetic_not_verified,synthetic_observation,0,SYNTHETIC_FOR_PIPELINE_TESTING
3518,B003,Delhi,New Delhi,776.664,786.664,10,IMT candidate,synthetic_not_verified,synthetic_observation,1,SYNTHETIC_FOR_PIPELINE_TESTING
3519,B001,Tamil Nadu,Chennai,479.254,499.254,20,IMT candidate,synthetic_not_verified,synthetic_observation,0,SYNTHETIC_FOR_PIPELINE_TESTING
3520,B006,Telangana,Hyderabad,1432.167,1512.167,80,IMT candidate,synthetic_not_verified,synthetic_observation,1,SYNTHETIC_FOR_PIPELINE_TESTING
3521,B014,Karnataka,Bengaluru,3603.759,3604.759,1,IMT candidate,synthetic_not_verified,synthetic_observation,0,SYNTHETIC_FOR_PIPELINE_TESTING
3522,B001,Karnataka,Bengaluru,509.322,529.322,20,IMT candidate,synthetic_not_verified,synthetic_observation,1,SYNTHETIC_FOR_PIPELINE_TESTING
3523,B004,Rajasthan,Jaipur,901.273,921.273,20,IMT candidate,synthetic_not_verified,synthetic_observation,0,SYNTHETIC_FOR_PIPELINE_TESTING
3524,B012,Tamil Nadu,Chennai,3494.152,3495.152,1,IMT candidate,synthetic_not_verified,synthetic_observation,0,SYNTHETIC_FOR_PIPELINE_TESTING
3525,B022,Karnataka,Bengaluru,5170.33,5171.33,1,WAS/RLAN,synthetic_not_verified,synthetic_observation,0,SYNTHETIC_FOR_PIPELINE_TESTING
3526,B008,Maharashtra,Mumbai,2157.678,2162.678,5,IMT candidate,synthetic_not_verified,synthetic_observation,0,SYNTHETIC_FOR_PIPELINE_TESTING
3527,B020,Karnataka,Bengaluru,69664.571,69669.571,5,IMT candidate,synthetic_not_verified,synthetic_observation,1,SYNTHETIC_FOR_PIPELINE_TESTING
3528,B020,Karnataka,Bengaluru,70781.149,70786.149,5,IMT candidate,synthetic_not_verified,synthetic_observation,0,SYNTHETIC_FOR_PIPELINE_TESTING
3529,B007,Tamil Nadu,Chennai,1875.72,1885.72,10,IMT candidate,synthetic_not_verified,synthetic_observation,0,SYNTHETIC_FOR_PIPELINE_TESTING
3530,B018,West Bengal,Kolkata,37255.632,37335.632,80,IMT candidate,synthetic_not_verified,synthetic_observation,0,SYNTHETIC_FOR_PIPELINE_TESTING
3531,B012,Telangana,Hyderabad,3484.313,3494.313,10,IMT candidate,synthetic_not_verified,synthetic_observation,1,SYNTHETIC_FOR_PIPELINE_TESTING
3532,B010,Rajasthan,Jaipur,2600.176,2640.176,40,IMT candidate,synthetic_not_verified,synthetic_observation,1,SYNTHETIC_FOR_PIPELINE_TESTING
3533,B015,Telangana,Hyderabad,6634.656,6639.656,5,IMT candidate,synthetic_not_verified,synthetic_observation,0,SYNTHETIC_FOR_PIPELINE_TESTING
3534,B005,Delhi,New Delhi,942.0,960.0,20,IMT candidate,synthetic_not_verified,synthetic_observation,1,SYNTHETIC_FOR_PIPELINE_TESTING
3535,B017,Delhi,New Delhi,26238.572,26318.572,80,IMT candidate,synthetic_not_verified,synthetic_observation,0,SYNTHETIC_FOR_PIPELINE_TESTING
3536,B018,Rajasthan,Jaipur,39628.592,39633.592,5,IMT candidate,synthetic_not_verified,synthetic_observation,0,SYNTHETIC_FOR_PIPELINE_TESTING
3537,B006,Telangana,Hyderabad,1507.249,1517.249,10,IMT candidate,synthetic_not_verified,synthetic_observation,0,SYNTHETIC_FOR_PIPELINE_TESTING
3538,B012,Tamil Nadu,Chennai,3448.659,3468.659,20,IMT candidate,synthetic_not_verified,synthetic_observation,0,SYNTHETIC_FOR_PIPELINE_TESTING
3539,B014,Maharashtra,Mumbai,3624.233,3625.233,1,IMT candidate,synthetic_not_verified,synthetic_observation,1,SYNTHETIC_FOR_PIPELINE_TESTING
3540,B024,Tamil Nadu,Chennai,5498.588,5538.588,40,WAS/RLAN,synthetic_not_verified,synthetic_observation,0,SYNTHETIC_FOR_PIPELINE_TESTING
3541,B004,Gujarat,Ahmedabad,930.932,931.932,1,IMT candidate,synthetic_not_verified,synthetic_observation,1,SYNTHETIC_FOR_PIPELINE_TESTING
3542,B006,Maharashtra,Mumbai,1509.905,1510.905,1,IMT candidate,synthetic_not_verified,synthetic_observation,0,SYNTHETIC_FOR_PIPELINE_TESTING
3543,B020,Gujarat,Ahmedabad,68732.279,68733.279,1,IMT candidate,synthetic_not_verified,synthetic_observation,1,SYNTHETIC_FOR_PIPELINE_TESTING
3544,B005,Telangana,Hyderabad,942.0,960.0,20,IMT candidate,synthetic_not_verified,synthetic_observation,0,SYNTHETIC_FOR_PIPELINE_TESTING
3545,B020,Karnataka,Bengaluru,68489.919,68494.919,5,IMT candidate,synthetic_not_verified,synthetic_observation,1,SYNTHETIC_FOR_PIPELINE_TESTING
3546,B012,Gujarat,Ahmedabad,3434.649,3454.649,20,IMT candidate,synthetic_not_verified,synthetic_observation,0,SYNTHETIC_FOR_PIPELINE_TESTING
3547,B025,Karnataka,Bengaluru,5823.253,5843.253,20,WAS/RLAN,synthetic_not_verified,synthetic_observation,1,SYNTHETIC_FOR_PIPELINE_TESTING
3548,B021,Gujarat,Ahmedabad,2432.532,2472.532,40,Low Power / RLAN,synthetic_not_verified,synthetic_observation,1,SYNTHETIC_FOR_PIPELINE_TESTING
3549,B016,Gujarat,Ahmedabad,7110.481,7115.481,5,IMT candidate,synthetic_not_verified,synthetic_observation,1,SYNTHETIC_FOR_PIPELINE_TESTING
3550,B006,Tamil Nadu,Chennai,1500.947,1510.947,10,IMT candidate,synthetic_not_verified,synthetic_observation,1,SYNTHETIC_FOR_PIPELINE_TESTING
3551,B019,Delhi,New Delhi,42716.358,42796.358,80,IMT candidate,synthetic_not_verified,synthetic_observation,1,SYNTHETIC_FOR_PIPELINE_TESTING
3552,B012,Gujarat,Ahmedabad,3430.271,3450.271,20,IMT candidate,synthetic_not_verified,synthetic_observation,0,SYNTHETIC_FOR_PIPELINE_TESTING
3553,B006,Maharashtra,Mumbai,1471.745,1481.745,10,IMT candidate,synthetic_not_verified,synthetic_observation,0,SYNTHETIC_FOR_PIPELINE_TESTING
3554,B010,West Bengal,Kolkata,2616.788,2626.788,10,IMT candidate,synthetic_not_verified,synthetic_observation,0,SYNTHETIC_FOR_PIPELINE_TESTING
3555,B004,Tamil Nadu,Chennai,911.172,912.172,1,IMT candidate,synthetic_not_verified,synthetic_observation,1,SYNTHETIC_FOR_PIPELINE_TESTING
3556,B013,Telangana,Hyderabad,3503.834,3583.834,80,IMT candidate,synthetic_not_verified,synthetic_observation,1,SYNTHETIC_FOR_PIPELINE_TESTING
3557,B018,Karnataka,Bengaluru,38002.034,38022.034,20,IMT candidate,synthetic_not_verified,synthetic_observation,0,SYNTHETIC_FOR_PIPELINE_TESTING
3558,B020,West Bengal,Kolkata,66464.605,66484.605,20,IMT candidate,synthetic_not_verified,synthetic_observation,1,SYNTHETIC_FOR_PIPELINE_TESTING
3559,B021,Karnataka,Bengaluru,2477.689,2482.689,5,Low Power / RLAN,synthetic_not_verified,synthetic_observation,0,SYNTHETIC_FOR_PIPELINE_TESTING
3560,B021,Maharashtra,Mumbai,2444.029,2449.029,5,Low Power / RLAN,synthetic_not_verified,synthetic_observation,0,SYNTHETIC_FOR_PIPELINE_TESTING
3561,B002,Rajasthan,Jaipur,585.0,610.0,80,IMT candidate,synthetic_not_verified,synthetic_observation,1,SYNTHETIC_FOR_PIPELINE_TESTING
3562,B007,Rajasthan,Jaipur,1710.385,1750.385,40,IMT candidate,synthetic_not_verified,synthetic_observation,1,SYNTHETIC_FOR_PIPELINE_TESTING
3563,B001,Gujarat,Ahmedabad,486.186,566.186,80,IMT candidate,synthetic_not_verified,synthetic_observation,1,SYNTHETIC_FOR_PIPELINE_TESTING
3564,B003,Gujarat,Ahmedabad,637.208,677.208,40,IMT candidate,synthetic_not_verified,synthetic_observation,0,SYNTHETIC_FOR_PIPELINE_TESTING
3565,B024,Gujarat,Ahmedabad,5530.653,5570.653,40,WAS/RLAN,synthetic_not_verified,synthetic_observation,1,SYNTHETIC_FOR_PIPELINE_TESTING
3566,B011,Tamil Nadu,Chennai,3377.428,3382.428,5,IMT candidate,synthetic_not_verified,synthetic_observation,0,SYNTHETIC_FOR_PIPELINE_TESTING
3567,B007,Rajasthan,Jaipur,1947.735,1948.735,1,IMT candidate,synthetic_not_verified,synthetic_observation,1,SYNTHETIC_FOR_PIPELINE_TESTING
3568,B022,Telangana,Hyderabad,5155.593,5235.593,80,WAS/RLAN,synthetic_not_verified,synthetic_observation,1,SYNTHETIC_FOR_PIPELINE_TESTING
3569,B021,Tamil Nadu,Chennai,2482.225,2483.225,1,Low Power / RLAN,synthetic_not_verified,synthetic_observation,0,SYNTHETIC_FOR_PIPELINE_TESTING
3570,B019,Delhi,New Delhi,43052.455,43092.455,40,IMT candidate,synthetic_not_verified,synthetic_observation,1,SYNTHETIC_FOR_PIPELINE_TESTING
3571,B004,Delhi,New Delhi,935.142,936.142,1,IMT candidate,synthetic_not_verified,synthetic_observation,0,SYNTHETIC_FOR_PIPELINE_TESTING
3572,B021,Maharashtra,Mumbai,2419.535,2424.535,5,Low Power / RLAN,synthetic_not_verified,synthetic_observation,0,SYNTHETIC_FOR_PIPELINE_TESTING
3573,B021,Maharashtra,Mumbai,2412.536,2452.536,40,Low Power / RLAN,synthetic_not_verified,synthetic_observation,1,SYNTHETIC_FOR_PIPELINE_TESTING
3574,B001,West Bengal,Kolkata,503.381,543.381,40,IMT candidate,synthetic_not_verified,synthetic_observation,0,SYNTHETIC_FOR_PIPELINE_TESTING
3575,B002,West Bengal,Kolkata,591.615,601.615,10,IMT candidate,synthetic_not_verified,synthetic_observation,0,SYNTHETIC_FOR_PIPELINE_TESTING
3576,B005,West Bengal,Kolkata,942.0,960.0,80,IMT candidate,synthetic_not_verified,synthetic_observation,0,SYNTHETIC_FOR_PIPELINE_TESTING
3577,B010,Gujarat,Ahmedabad,2625.99,2630.99,5,IMT candidate,synthetic_not_verified,synthetic_observation,0,SYNTHETIC_FOR_PIPELINE_TESTING
3578,B013,Tamil Nadu,Chennai,3511.817,3521.817,10,IMT candidate,synthetic_not_verified,synthetic_observation,1,SYNTHETIC_FOR_PIPELINE_TESTING
3579,B002,Tamil Nadu,Chennai,587.932,607.932,20,IMT candidate,synthetic_not_verified,synthetic_observation,0,SYNTHETIC_FOR_PIPELINE_TESTING
3580,B011,Tamil Nadu,Chennai,3313.157,3323.157,10,IMT candidate,synthetic_not_verified,synthetic_observation,0,SYNTHETIC_FOR_PIPELINE_TESTING
3581,B012,Maharashtra,Mumbai,3458.514,3463.514,5,IMT candidate,synthetic_not_verified,synthetic_observation,1,SYNTHETIC_FOR_PIPELINE_TESTING
3582,B002,Gujarat,Ahmedabad,585.768,605.768,20,IMT candidate,synthetic_not_verified,synthetic_observation,0,SYNTHETIC_FOR_PIPELINE_TESTING
3583,B005,West Bengal,Kolkata,942.0,960.0,80,IMT candidate,synthetic_not_verified,synthetic_observation,1,SYNTHETIC_FOR_PIPELINE_TESTING
3584,B008,West Bengal,Kolkata,2153.487,2193.487,40,IMT candidate,synthetic_not_verified,synthetic_observation,1,SYNTHETIC_FOR_PIPELINE_TESTING
3585,B001,Gujarat,Ahmedabad,522.424,523.424,1,IMT candidate,synthetic_not_verified,synthetic_observation,0,SYNTHETIC_FOR_PIPELINE_TESTING
3586,B005,Tamil Nadu,Chennai,942.488,947.488,5,IMT candidate,synthetic_not_verified,synthetic_observation,0,SYNTHETIC_FOR_PIPELINE_TESTING
3587,B016,Gujarat,Ahmedabad,7066.736,7071.736,5,IMT candidate,synthetic_not_verified,synthetic_observation,0,SYNTHETIC_FOR_PIPELINE_TESTING
3588,B003,Telangana,Hyderabad,673.756,678.756,5,IMT candidate,synthetic_not_verified,synthetic_observation,1,SYNTHETIC_FOR_PIPELINE_TESTING
3589,B020,Maharashtra,Mumbai,67230.244,67231.244,1,IMT candidate,synthetic_not_verified,synthetic_observation,0,SYNTHETIC_FOR_PIPELINE_TESTING
3590,B003,Karnataka,Bengaluru,792.749,812.749,20,IMT candidate,synthetic_not_verified,synthetic_observation,0,SYNTHETIC_FOR_PIPELINE_TESTING
3591,B022,West Bengal,Kolkata,5162.392,5172.392,10,WAS/RLAN,synthetic_not_verified,synthetic_observation,0,SYNTHETIC_FOR_PIPELINE_TESTING
3592,B012,West Bengal,Kolkata,3450.164,3470.164,20,IMT candidate,synthetic_not_verified,synthetic_observation,0,SYNTHETIC_FOR_PIPELINE_TESTING
3593,B020,Delhi,New Delhi,67279.093,67280.093,1,IMT candidate,synthetic_not_verified,synthetic_observation,1,SYNTHETIC_FOR_PIPELINE_TESTING
3594,B005,Karnataka,Bengaluru,950.012,951.012,1,IMT candidate,synthetic_not_verified,synthetic_observation,0,SYNTHETIC_FOR_PIPELINE_TESTING
3595,B025,Delhi,New Delhi,5780.714,5820.714,40,WAS/RLAN,synthetic_not_verified,synthetic_observation,0,SYNTHETIC_FOR_PIPELINE_TESTING
3596,B010,Maharashtra,Mumbai,2672.165,2682.165,10,IMT candidate,synthetic_not_verified,synthetic_observation,1,SYNTHETIC_FOR_PIPELINE_TESTING
3597,B022,Telangana,Hyderabad,5167.272,5247.272,80,WAS/RLAN,synthetic_not_verified,synthetic_observation,0,SYNTHETIC_FOR_PIPELINE_TESTING
3598,B013,Karnataka,Bengaluru,3505.759,3515.759,10,IMT candidate,synthetic_not_verified,synthetic_observation,0,SYNTHETIC_FOR_PIPELINE_TESTING
3599,B009,Telangana,Hyderabad,2386.903,2396.903,10,IMT candidate,synthetic_not_verified,synthetic_observation,0,SYNTHETIC_FOR_PIPELINE_TESTING
3600,B001,Telangana,Hyderabad,523.422,528.422,5,IMT candidate,synthetic_not_verified,synthetic_observation,1,SYNTHETIC_FOR_PIPELINE_TESTING
3601,B002,Telangana,Hyderabad,585.0,610.0,80,IMT candidate,synthetic_not_verified,synthetic_observation,0,SYNTHETIC_FOR_PIPELINE_TESTING
3602,B012,Tamil Nadu,Chennai,3438.726,3448.726,10,IMT candidate,synthetic_not_verified,synthetic_observation,0,SYNTHETIC_FOR_PIPELINE_TESTING
3603,B003,Telangana,Hyderabad,694.525,774.525,80,IMT candidate,synthetic_not_verified,synthetic_observation,0,SYNTHETIC_FOR_PIPELINE_TESTING
3604,B002,Delhi,New Delhi,596.631,597.631,1,IMT candidate,synthetic_not_verified,synthetic_observation,1,SYNTHETIC_FOR_PIPELINE_TESTING
3605,B005,West Bengal,Kolkata,942.0,960.0,80,IMT candidate,synthetic_not_verified,synthetic_observation,1,SYNTHETIC_FOR_PIPELINE_TESTING
3606,B003,Tamil Nadu,Chennai,860.318,865.318,5,IMT candidate,synthetic_not_verified,synthetic_observation,1,SYNTHETIC_FOR_PIPELINE_TESTING
3607,B007,West Bengal,Kolkata,1904.785,1909.785,5,IMT candidate,synthetic_not_verified,synthetic_observation,0,SYNTHETIC_FOR_PIPELINE_TESTING
3608,B001,West Bengal,Kolkata,550.607,551.607,1,IMT candidate,synthetic_not_verified,synthetic_observation,0,SYNTHETIC_FOR_PIPELINE_TESTING
3609,B014,Telangana,Hyderabad,3654.665,3659.665,5,IMT candidate,synthetic_not_verified,synthetic_observation,1,SYNTHETIC_FOR_PIPELINE_TESTING
3610,B009,Maharashtra,Mumbai,2384.639,2385.639,1,IMT candidate,synthetic_not_verified,synthetic_observation,0,SYNTHETIC_FOR_PIPELINE_TESTING
3611,B003,Tamil Nadu,Chennai,866.752,871.752,5,IMT candidate,synthetic_not_verified,synthetic_observation,0,SYNTHETIC_FOR_PIPELINE_TESTING
3612,B011,Maharashtra,Mumbai,3343.164,3383.164,40,IMT candidate,synthetic_not_verified,synthetic_observation,0,SYNTHETIC_FOR_PIPELINE_TESTING
3613,B024,Maharashtra,Mumbai,5696.593,5716.593,20,WAS/RLAN,synthetic_not_verified,synthetic_observation,1,SYNTHETIC_FOR_PIPELINE_TESTING
3614,B010,Tamil Nadu,Chennai,2674.271,2675.271,1,IMT candidate,synthetic_not_verified,synthetic_observation,0,SYNTHETIC_FOR_PIPELINE_TESTING
3615,B010,Gujarat,Ahmedabad,2518.949,2519.949,1,IMT candidate,synthetic_not_verified,synthetic_observation,1,SYNTHETIC_FOR_PIPELINE_TESTING
3616,B021,Rajasthan,Jaipur,2463.144,2468.144,5,Low Power / RLAN,synthetic_not_verified,synthetic_observation,0,SYNTHETIC_FOR_PIPELINE_TESTING
3617,B017,Karnataka,Bengaluru,25680.932,25700.932,20,IMT candidate,synthetic_not_verified,synthetic_observation,1,SYNTHETIC_FOR_PIPELINE_TESTING
3618,B017,Rajasthan,Jaipur,24364.156,24365.156,1,IMT candidate,synthetic_not_verified,synthetic_observation,1,SYNTHETIC_FOR_PIPELINE_TESTING
3619,B018,Karnataka,Bengaluru,38152.725,38232.725,80,IMT candidate,synthetic_not_verified,synthetic_observation,1,SYNTHETIC_FOR_PIPELINE_TESTING
3620,B013,Maharashtra,Mumbai,3534.23,3574.23,40,IMT candidate,synthetic_not_verified,synthetic_observation,1,SYNTHETIC_FOR_PIPELINE_TESTING
3621,B014,Rajasthan,Jaipur,3600.0,3670.0,80,IMT candidate,synthetic_not_verified,synthetic_observation,1,SYNTHETIC_FOR_PIPELINE_TESTING
3622,B011,Gujarat,Ahmedabad,3326.549,3327.549,1,IMT candidate,synthetic_not_verified,synthetic_observation,0,SYNTHETIC_FOR_PIPELINE_TESTING
3623,B025,Gujarat,Ahmedabad,5772.863,5782.863,10,WAS/RLAN,synthetic_not_verified,synthetic_observation,0,SYNTHETIC_FOR_PIPELINE_TESTING
3624,B006,West Bengal,Kolkata,1433.594,1453.594,20,IMT candidate,synthetic_not_verified,synthetic_observation,0,SYNTHETIC_FOR_PIPELINE_TESTING
3625,B022,Gujarat,Ahmedabad,5233.827,5234.827,1,WAS/RLAN,synthetic_not_verified,synthetic_observation,1,SYNTHETIC_FOR_PIPELINE_TESTING
3626,B020,Gujarat,Ahmedabad,70800.039,70810.039,10,IMT candidate,synthetic_not_verified,synthetic_observation,0,SYNTHETIC_FOR_PIPELINE_TESTING
3627,B008,Karnataka,Bengaluru,2160.212,2180.212,20,IMT candidate,synthetic_not_verified,synthetic_observation,0,SYNTHETIC_FOR_PIPELINE_TESTING
3628,B008,Tamil Nadu,Chennai,2152.252,2153.252,1,IMT candidate,synthetic_not_verified,synthetic_observation,1,SYNTHETIC_FOR_PIPELINE_TESTING
3629,B017,Maharashtra,Mumbai,25494.266,25504.266,10,IMT candidate,synthetic_not_verified,synthetic_observation,1,SYNTHETIC_FOR_PIPELINE_TESTING
3630,B011,Gujarat,Ahmedabad,3372.536,3373.536,1,IMT candidate,synthetic_not_verified,synthetic_observation,0,SYNTHETIC_FOR_PIPELINE_TESTING
3631,B011,Maharashtra,Mumbai,3378.088,3383.088,5,IMT candidate,synthetic_not_verified,synthetic_observation,0,SYNTHETIC_FOR_PIPELINE_TESTING
3632,B022,Rajasthan,Jaipur,5216.61,5217.61,1,WAS/RLAN,synthetic_not_verified,synthetic_observation,0,SYNTHETIC_FOR_PIPELINE_TESTING
3633,B005,Maharashtra,Mumbai,942.0,960.0,20,IMT candidate,synthetic_not_verified,synthetic_observation,0,SYNTHETIC_FOR_PIPELINE_TESTING
3634,B022,Tamil Nadu,Chennai,5169.338,5189.338,20,WAS/RLAN,synthetic_not_verified,synthetic_observation,0,SYNTHETIC_FOR_PIPELINE_TESTING
3635,B013,Gujarat,Ahmedabad,3508.455,3588.455,80,IMT candidate,synthetic_not_verified,synthetic_observation,0,SYNTHETIC_FOR_PIPELINE_TESTING
3636,B002,Tamil Nadu,Chennai,588.863,593.863,5,IMT candidate,synthetic_not_verified,synthetic_observation,0,SYNTHETIC_FOR_PIPELINE_TESTING
3637,B013,Maharashtra,Mumbai,3552.228,3572.228,20,IMT candidate,synthetic_not_verified,synthetic_observation,0,SYNTHETIC_FOR_PIPELINE_TESTING
3638,B009,West Bengal,Kolkata,2343.316,2383.316,40,IMT candidate,synthetic_not_verified,synthetic_observation,1,SYNTHETIC_FOR_PIPELINE_TESTING
3639,B019,Delhi,New Delhi,42811.446,42831.446,20,IMT candidate,synthetic_not_verified,synthetic_observation,0,SYNTHETIC_FOR_PIPELINE_TESTING
3640,B022,West Bengal,Kolkata,5187.671,5192.671,5,WAS/RLAN,synthetic_not_verified,synthetic_observation,1,SYNTHETIC_FOR_PIPELINE_TESTING
3641,B003,Karnataka,Bengaluru,689.126,694.126,5,IMT candidate,synthetic_not_verified,synthetic_observation,1,SYNTHETIC_FOR_PIPELINE_TESTING
3642,B025,Maharashtra,Mumbai,5791.642,5801.642,10,WAS/RLAN,synthetic_not_verified,synthetic_observation,1,SYNTHETIC_FOR_PIPELINE_TESTING
3643,B009,Karnataka,Bengaluru,2321.665,2341.665,20,IMT candidate,synthetic_not_verified,synthetic_observation,0,SYNTHETIC_FOR_PIPELINE_TESTING
3644,B006,Gujarat,Ahmedabad,1464.102,1469.102,5,IMT candidate,synthetic_not_verified,synthetic_observation,0,SYNTHETIC_FOR_PIPELINE_TESTING
3645,B013,Gujarat,Ahmedabad,3524.542,3525.542,1,IMT candidate,synthetic_not_verified,synthetic_observation,0,SYNTHETIC_FOR_PIPELINE_TESTING
3646,B001,Telangana,Hyderabad,509.058,549.058,40,IMT candidate,synthetic_not_verified,synthetic_observation,0,SYNTHETIC_FOR_PIPELINE_TESTING
3647,B002,Telangana,Hyderabad,586.322,591.322,5,IMT candidate,synthetic_not_verified,synthetic_observation,0,SYNTHETIC_FOR_PIPELINE_TESTING
3648,B013,Rajasthan,Jaipur,3500.525,3580.525,80,IMT candidate,synthetic_not_verified,synthetic_observation,0,SYNTHETIC_FOR_PIPELINE_TESTING
3649,B021,Telangana,Hyderabad,2445.634,2446.634,1,Low Power / RLAN,synthetic_not_verified,synthetic_observation,1,SYNTHETIC_FOR_PIPELINE_TESTING
3650,B025,Delhi,New Delhi,5815.957,5816.957,1,WAS/RLAN,synthetic_not_verified,synthetic_observation,1,SYNTHETIC_FOR_PIPELINE_TESTING
3651,B018,Maharashtra,Mumbai,37983.294,37988.294,5,IMT candidate,synthetic_not_verified,synthetic_observation,1,SYNTHETIC_FOR_PIPELINE_TESTING
3652,B020,Telangana,Hyderabad,67673.016,67713.016,40,IMT candidate,synthetic_not_verified,synthetic_observation,0,SYNTHETIC_FOR_PIPELINE_TESTING
3653,B015,Maharashtra,Mumbai,6649.023,6654.023,5,IMT candidate,synthetic_not_verified,synthetic_observation,0,SYNTHETIC_FOR_PIPELINE_TESTING
3654,B012,Tamil Nadu,Chennai,3425.5,3465.5,40,IMT candidate,synthetic_not_verified,synthetic_observation,0,SYNTHETIC_FOR_PIPELINE_TESTING
3655,B024,Delhi,New Delhi,5567.443,5607.443,40,WAS/RLAN,synthetic_not_verified,synthetic_observation,0,SYNTHETIC_FOR_PIPELINE_TESTING
3656,B003,Maharashtra,Mumbai,726.71,736.71,10,IMT candidate,synthetic_not_verified,synthetic_observation,0,SYNTHETIC_FOR_PIPELINE_TESTING
3657,B007,West Bengal,Kolkata,1849.937,1869.937,20,IMT candidate,synthetic_not_verified,synthetic_observation,1,SYNTHETIC_FOR_PIPELINE_TESTING
3658,B005,Tamil Nadu,Chennai,944.201,945.201,1,IMT candidate,synthetic_not_verified,synthetic_observation,0,SYNTHETIC_FOR_PIPELINE_TESTING
3659,B005,West Bengal,Kolkata,949.907,959.907,10,IMT candidate,synthetic_not_verified,synthetic_observation,0,SYNTHETIC_FOR_PIPELINE_TESTING
3660,B019,West Bengal,Kolkata,42796.41,42801.41,5,IMT candidate,synthetic_not_verified,synthetic_observation,1,SYNTHETIC_FOR_PIPELINE_TESTING
3661,B009,Maharashtra,Mumbai,2311.094,2331.094,20,IMT candidate,synthetic_not_verified,synthetic_observation,1,SYNTHETIC_FOR_PIPELINE_TESTING
3662,B012,Gujarat,Ahmedabad,3424.73,3434.73,10,IMT candidate,synthetic_not_verified,synthetic_observation,0,SYNTHETIC_FOR_PIPELINE_TESTING
3663,B024,Telangana,Hyderabad,5618.495,5698.495,80,WAS/RLAN,synthetic_not_verified,synthetic_observation,0,SYNTHETIC_FOR_PIPELINE_TESTING
3664,B016,Tamil Nadu,Chennai,7048.005,7088.005,40,IMT candidate,synthetic_not_verified,synthetic_observation,1,SYNTHETIC_FOR_PIPELINE_TESTING
3665,B004,West Bengal,Kolkata,926.042,927.042,1,IMT candidate,synthetic_not_verified,synthetic_observation,1,SYNTHETIC_FOR_PIPELINE_TESTING
3666,B021,Tamil Nadu,Chennai,2403.46,2413.46,10,Low Power / RLAN,synthetic_not_verified,synthetic_observation,0,SYNTHETIC_FOR_PIPELINE_TESTING
3667,B025,Delhi,New Delhi,5793.866,5803.866,10,WAS/RLAN,synthetic_not_verified,synthetic_observation,0,SYNTHETIC_FOR_PIPELINE_TESTING
3668,B002,Gujarat,Ahmedabad,603.902,608.902,5,IMT candidate,synthetic_not_verified,synthetic_observation,1,SYNTHETIC_FOR_PIPELINE_TESTING
3669,B021,Gujarat,Ahmedabad,2474.553,2475.553,1,Low Power / RLAN,synthetic_not_verified,synthetic_observation,0,SYNTHETIC_FOR_PIPELINE_TESTING
3670,B002,Rajasthan,Jaipur,588.791,593.791,5,IMT candidate,synthetic_not_verified,synthetic_observation,1,SYNTHETIC_FOR_PIPELINE_TESTING
3671,B025,West Bengal,Kolkata,5855.63,5856.63,1,WAS/RLAN,synthetic_not_verified,synthetic_observation,1,SYNTHETIC_FOR_PIPELINE_TESTING
3672,B014,Gujarat,Ahmedabad,3619.255,3629.255,10,IMT candidate,synthetic_not_verified,synthetic_observation,1,SYNTHETIC_FOR_PIPELINE_TESTING
3673,B024,Maharashtra,Mumbai,5661.979,5671.979,10,WAS/RLAN,synthetic_not_verified,synthetic_observation,0,SYNTHETIC_FOR_PIPELINE_TESTING
3674,B007,Tamil Nadu,Chennai,1743.399,1748.399,5,IMT candidate,synthetic_not_verified,synthetic_observation,0,SYNTHETIC_FOR_PIPELINE_TESTING
3675,B004,Tamil Nadu,Chennai,890.0,942.0,80,IMT candidate,synthetic_not_verified,synthetic_observation,0,SYNTHETIC_FOR_PIPELINE_TESTING
3676,B015,Karnataka,Bengaluru,6866.49,6946.49,80,IMT candidate,synthetic_not_verified,synthetic_observation,1,SYNTHETIC_FOR_PIPELINE_TESTING
3677,B018,West Bengal,Kolkata,38793.781,38833.781,40,IMT candidate,synthetic_not_verified,synthetic_observation,0,SYNTHETIC_FOR_PIPELINE_TESTING
3678,B016,Gujarat,Ahmedabad,7059.776,7069.776,10,IMT candidate,synthetic_not_verified,synthetic_observation,0,SYNTHETIC_FOR_PIPELINE_TESTING
3679,B022,Karnataka,Bengaluru,5156.8,5176.8,20,WAS/RLAN,synthetic_not_verified,synthetic_observation,0,SYNTHETIC_FOR_PIPELINE_TESTING
3680,B008,Tamil Nadu,Chennai,2138.349,2148.349,10,IMT candidate,synthetic_not_verified,synthetic_observation,0,SYNTHETIC_FOR_PIPELINE_TESTING
3681,B004,Rajasthan,Jaipur,923.41,933.41,10,IMT candidate,synthetic_not_verified,synthetic_observation,0,SYNTHETIC_FOR_PIPELINE_TESTING
3682,B020,Tamil Nadu,Chennai,68926.437,69006.437,80,IMT candidate,synthetic_not_verified,synthetic_observation,0,SYNTHETIC_FOR_PIPELINE_TESTING
3683,B019,Maharashtra,Mumbai,43433.896,43473.896,40,IMT candidate,synthetic_not_verified,synthetic_observation,0,SYNTHETIC_FOR_PIPELINE_TESTING
3684,B015,Gujarat,Ahmedabad,6441.783,6461.783,20,IMT candidate,synthetic_not_verified,synthetic_observation,1,SYNTHETIC_FOR_PIPELINE_TESTING
3685,B024,Gujarat,Ahmedabad,5580.304,5585.304,5,WAS/RLAN,synthetic_not_verified,synthetic_observation,0,SYNTHETIC_FOR_PIPELINE_TESTING
3686,B023,Gujarat,Ahmedabad,5271.926,5281.926,10,WAS/RLAN,synthetic_not_verified,synthetic_observation,1,SYNTHETIC_FOR_PIPELINE_TESTING
3687,B022,Tamil Nadu,Chennai,5218.912,5238.912,20,WAS/RLAN,synthetic_not_verified,synthetic_observation,0,SYNTHETIC_FOR_PIPELINE_TESTING
3688,B005,Tamil Nadu,Chennai,942.0,960.0,80,IMT candidate,synthetic_not_verified,synthetic_observation,0,SYNTHETIC_FOR_PIPELINE_TESTING
3689,B006,Delhi,New Delhi,1448.215,1488.215,40,IMT candidate,synthetic_not_verified,synthetic_observation,1,SYNTHETIC_FOR_PIPELINE_TESTING
3690,B018,West Bengal,Kolkata,39430.874,39470.874,40,IMT candidate,synthetic_not_verified,synthetic_observation,0,SYNTHETIC_FOR_PIPELINE_TESTING
3691,B023,Gujarat,Ahmedabad,5253.743,5333.743,80,WAS/RLAN,synthetic_not_verified,synthetic_observation,0,SYNTHETIC_FOR_PIPELINE_TESTING
3692,B018,West Bengal,Kolkata,39583.615,39593.615,10,IMT candidate,synthetic_not_verified,synthetic_observation,0,SYNTHETIC_FOR_PIPELINE_TESTING
3693,B013,Gujarat,Ahmedabad,3564.265,3584.265,20,IMT candidate,synthetic_not_verified,synthetic_observation,0,SYNTHETIC_FOR_PIPELINE_TESTING
3694,B017,Gujarat,Ahmedabad,26385.5,26390.5,5,IMT candidate,synthetic_not_verified,synthetic_observation,1,SYNTHETIC_FOR_PIPELINE_TESTING
3695,B007,West Bengal,Kolkata,1919.536,1959.536,40,IMT candidate,synthetic_not_verified,synthetic_observation,0,SYNTHETIC_FOR_PIPELINE_TESTING
3696,B011,Delhi,New Delhi,3344.539,3354.539,10,IMT candidate,synthetic_not_verified,synthetic_observation,1,SYNTHETIC_FOR_PIPELINE_TESTING
3697,B003,Maharashtra,Mumbai,777.824,782.824,5,IMT candidate,synthetic_not_verified,synthetic_observation,1,SYNTHETIC_FOR_PIPELINE_TESTING
3698,B016,Maharashtra,Mumbai,7075.866,7115.866,40,IMT candidate,synthetic_not_verified,synthetic_observation,0,SYNTHETIC_FOR_PIPELINE_TESTING
3699,B023,Rajasthan,Jaipur,5283.814,5293.814,10,WAS/RLAN,synthetic_not_verified,synthetic_observation,0,SYNTHETIC_FOR_PIPELINE_TESTING
3700,B005,Telangana,Hyderabad,942.0,960.0,20,IMT candidate,synthetic_not_verified,synthetic_observation,0,SYNTHETIC_FOR_PIPELINE_TESTING
3701,B021,Rajasthan,Jaipur,2400.864,2480.864,80,Low Power / RLAN,synthetic_not_verified,synthetic_observation,0,SYNTHETIC_FOR_PIPELINE_TESTING
3702,B017,Rajasthan,Jaipur,26055.371,26075.371,20,IMT candidate,synthetic_not_verified,synthetic_observation,0,SYNTHETIC_FOR_PIPELINE_TESTING
3703,B024,Delhi,New Delhi,5489.604,5499.604,10,WAS/RLAN,synthetic_not_verified,synthetic_observation,0,SYNTHETIC_FOR_PIPELINE_TESTING
3704,B017,Maharashtra,Mumbai,25497.833,25517.833,20,IMT candidate,synthetic_not_verified,synthetic_observation,0,SYNTHETIC_FOR_PIPELINE_TESTING
3705,B002,Telangana,Hyderabad,585.0,610.0,40,IMT candidate,synthetic_not_verified,synthetic_observation,1,SYNTHETIC_FOR_PIPELINE_TESTING
3706,B009,Karnataka,Bengaluru,2340.336,2360.336,20,IMT candidate,synthetic_not_verified,synthetic_observation,1,SYNTHETIC_FOR_PIPELINE_TESTING
3707,B014,West Bengal,Kolkata,3632.781,3652.781,20,IMT candidate,synthetic_not_verified,synthetic_observation,1,SYNTHETIC_FOR_PIPELINE_TESTING
3708,B022,Rajasthan,Jaipur,5172.153,5212.153,40,WAS/RLAN,synthetic_not_verified,synthetic_observation,1,SYNTHETIC_FOR_PIPELINE_TESTING
3709,B016,West Bengal,Kolkata,7030.237,7040.237,10,IMT candidate,synthetic_not_verified,synthetic_observation,1,SYNTHETIC_FOR_PIPELINE_TESTING
3710,B005,Gujarat,Ahmedabad,949.127,959.127,10,IMT candidate,synthetic_not_verified,synthetic_observation,1,SYNTHETIC_FOR_PIPELINE_TESTING
3711,B009,Tamil Nadu,Chennai,2333.018,2353.018,20,IMT candidate,synthetic_not_verified,synthetic_observation,0,SYNTHETIC_FOR_PIPELINE_TESTING
3712,B024,Karnataka,Bengaluru,5581.113,5586.113,5,WAS/RLAN,synthetic_not_verified,synthetic_observation,0,SYNTHETIC_FOR_PIPELINE_TESTING
3713,B005,Telangana,Hyderabad,942.0,960.0,20,IMT candidate,synthetic_not_verified,synthetic_observation,0,SYNTHETIC_FOR_PIPELINE_TESTING
3714,B015,Maharashtra,Mumbai,6871.389,6881.389,10,IMT candidate,synthetic_not_verified,synthetic_observation,0,SYNTHETIC_FOR_PIPELINE_TESTING
3715,B023,Tamil Nadu,Chennai,5272.497,5292.497,20,WAS/RLAN,synthetic_not_verified,synthetic_observation,0,SYNTHETIC_FOR_PIPELINE_TESTING
3716,B010,Telangana,Hyderabad,2601.019,2602.019,1,IMT candidate,synthetic_not_verified,synthetic_observation,0,SYNTHETIC_FOR_PIPELINE_TESTING
3717,B016,Telangana,Hyderabad,7100.455,7101.455,1,IMT candidate,synthetic_not_verified,synthetic_observation,0,SYNTHETIC_FOR_PIPELINE_TESTING
3718,B005,Delhi,New Delhi,942.0,960.0,40,IMT candidate,synthetic_not_verified,synthetic_observation,0,SYNTHETIC_FOR_PIPELINE_TESTING
3719,B018,West Bengal,Kolkata,38685.767,38690.767,5,IMT candidate,synthetic_not_verified,synthetic_observation,0,SYNTHETIC_FOR_PIPELINE_TESTING
3720,B001,Telangana,Hyderabad,502.078,522.078,20,IMT candidate,synthetic_not_verified,synthetic_observation,0,SYNTHETIC_FOR_PIPELINE_TESTING
3721,B012,Rajasthan,Jaipur,3448.401,3488.401,40,IMT candidate,synthetic_not_verified,synthetic_observation,1,SYNTHETIC_FOR_PIPELINE_TESTING
3722,B020,Tamil Nadu,Chennai,69368.233,69408.233,40,IMT candidate,synthetic_not_verified,synthetic_observation,0,SYNTHETIC_FOR_PIPELINE_TESTING
3723,B022,Delhi,New Delhi,5166.232,5176.232,10,WAS/RLAN,synthetic_not_verified,synthetic_observation,0,SYNTHETIC_FOR_PIPELINE_TESTING
3724,B002,Karnataka,Bengaluru,601.519,606.519,5,IMT candidate,synthetic_not_verified,synthetic_observation,1,SYNTHETIC_FOR_PIPELINE_TESTING
3725,B011,West Bengal,Kolkata,3307.889,3387.889,80,IMT candidate,synthetic_not_verified,synthetic_observation,0,SYNTHETIC_FOR_PIPELINE_TESTING
3726,B022,Delhi,New Delhi,5209.683,5219.683,10,WAS/RLAN,synthetic_not_verified,synthetic_observation,0,SYNTHETIC_FOR_PIPELINE_TESTING
3727,B012,Maharashtra,Mumbai,3467.273,3487.273,20,IMT candidate,synthetic_not_verified,synthetic_observation,0,SYNTHETIC_FOR_PIPELINE_TESTING
3728,B006,Telangana,Hyderabad,1441.069,1461.069,20,IMT candidate,synthetic_not_verified,synthetic_observation,1,SYNTHETIC_FOR_PIPELINE_TESTING
3729,B018,Maharashtra,Mumbai,37717.103,37797.103,80,IMT candidate,synthetic_not_verified,synthetic_observation,1,SYNTHETIC_FOR_PIPELINE_TESTING
3730,B025,Rajasthan,Jaipur,5764.847,5769.847,5,WAS/RLAN,synthetic_not_verified,synthetic_observation,1,SYNTHETIC_FOR_PIPELINE_TESTING
3731,B018,Telangana,Hyderabad,38442.825,38462.825,20,IMT candidate,synthetic_not_verified,synthetic_observation,0,SYNTHETIC_FOR_PIPELINE_TESTING
3732,B001,Telangana,Hyderabad,537.469,538.469,1,IMT candidate,synthetic_not_verified,synthetic_observation,1,SYNTHETIC_FOR_PIPELINE_TESTING
3733,B021,Telangana,Hyderabad,2418.337,2428.337,10,Low Power / RLAN,synthetic_not_verified,synthetic_observation,0,SYNTHETIC_FOR_PIPELINE_TESTING
3734,B015,Tamil Nadu,Chennai,6843.599,6848.599,5,IMT candidate,synthetic_not_verified,synthetic_observation,1,SYNTHETIC_FOR_PIPELINE_TESTING
3735,B025,Tamil Nadu,Chennai,5811.804,5851.804,40,WAS/RLAN,synthetic_not_verified,synthetic_observation,0,SYNTHETIC_FOR_PIPELINE_TESTING
3736,B004,Tamil Nadu,Chennai,897.85,907.85,10,IMT candidate,synthetic_not_verified,synthetic_observation,0,SYNTHETIC_FOR_PIPELINE_TESTING
3737,B002,Tamil Nadu,Chennai,585.0,610.0,40,IMT candidate,synthetic_not_verified,synthetic_observation,0,SYNTHETIC_FOR_PIPELINE_TESTING
3738,B001,Gujarat,Ahmedabad,531.685,532.685,1,IMT candidate,synthetic_not_verified,synthetic_observation,0,SYNTHETIC_FOR_PIPELINE_TESTING
3739,B009,Telangana,Hyderabad,2314.961,2354.961,40,IMT candidate,synthetic_not_verified,synthetic_observation,0,SYNTHETIC_FOR_PIPELINE_TESTING
3740,B002,West Bengal,Kolkata,585.0,610.0,80,IMT candidate,synthetic_not_verified,synthetic_observation,0,SYNTHETIC_FOR_PIPELINE_TESTING
3741,B023,Karnataka,Bengaluru,5252.19,5257.19,5,WAS/RLAN,synthetic_not_verified,synthetic_observation,1,SYNTHETIC_FOR_PIPELINE_TESTING
3742,B002,Maharashtra,Mumbai,585.0,610.0,40,IMT candidate,synthetic_not_verified,synthetic_observation,1,SYNTHETIC_FOR_PIPELINE_TESTING
3743,B009,Gujarat,Ahmedabad,2300.831,2380.831,80,IMT candidate,synthetic_not_verified,synthetic_observation,0,SYNTHETIC_FOR_PIPELINE_TESTING
3744,B017,Maharashtra,Mumbai,27257.447,27277.447,20,IMT candidate,synthetic_not_verified,synthetic_observation,0,SYNTHETIC_FOR_PIPELINE_TESTING
3745,B022,Telangana,Hyderabad,5195.2,5215.2,20,WAS/RLAN,synthetic_not_verified,synthetic_observation,0,SYNTHETIC_FOR_PIPELINE_TESTING
3746,B021,Telangana,Hyderabad,2401.295,2481.295,80,Low Power / RLAN,synthetic_not_verified,synthetic_observation,1,SYNTHETIC_FOR_PIPELINE_TESTING
3747,B004,Gujarat,Ahmedabad,890.0,942.0,80,IMT candidate,synthetic_not_verified,synthetic_observation,1,SYNTHETIC_FOR_PIPELINE_TESTING
3748,B003,Maharashtra,Mumbai,728.134,729.134,1,IMT candidate,synthetic_not_verified,synthetic_observation,1,SYNTHETIC_FOR_PIPELINE_TESTING
3749,B009,Rajasthan,Jaipur,2336.668,2346.668,10,IMT candidate,synthetic_not_verified,synthetic_observation,0,SYNTHETIC_FOR_PIPELINE_TESTING
3750,B023,Karnataka,Bengaluru,5274.459,5275.459,1,WAS/RLAN,synthetic_not_verified,synthetic_observation,1,SYNTHETIC_FOR_PIPELINE_TESTING
3751,B023,West Bengal,Kolkata,5269.526,5309.526,40,WAS/RLAN,synthetic_not_verified,synthetic_observation,0,SYNTHETIC_FOR_PIPELINE_TESTING
3752,B011,Tamil Nadu,Chennai,3308.169,3309.169,1,IMT candidate,synthetic_not_verified,synthetic_observation,1,SYNTHETIC_FOR_PIPELINE_TESTING
3753,B009,Tamil Nadu,Chennai,2334.713,2339.713,5,IMT candidate,synthetic_not_verified,synthetic_observation,1,SYNTHETIC_FOR_PIPELINE_TESTING
3754,B009,Tamil Nadu,Chennai,2340.835,2380.835,40,IMT candidate,synthetic_not_verified,synthetic_observation,0,SYNTHETIC_FOR_PIPELINE_TESTING
3755,B022,Tamil Nadu,Chennai,5160.627,5240.627,80,WAS/RLAN,synthetic_not_verified,synthetic_observation,0,SYNTHETIC_FOR_PIPELINE_TESTING
3756,B010,Rajasthan,Jaipur,2631.272,2651.272,20,IMT candidate,synthetic_not_verified,synthetic_observation,1,SYNTHETIC_FOR_PIPELINE_TESTING
3757,B005,Delhi,New Delhi,942.0,960.0,40,IMT candidate,synthetic_not_verified,synthetic_observation,0,SYNTHETIC_FOR_PIPELINE_TESTING
3758,B013,Delhi,New Delhi,3508.208,3518.208,10,IMT candidate,synthetic_not_verified,synthetic_observation,0,SYNTHETIC_FOR_PIPELINE_TESTING
3759,B012,Delhi,New Delhi,3471.814,3472.814,1,IMT candidate,synthetic_not_verified,synthetic_observation,0,SYNTHETIC_FOR_PIPELINE_TESTING
3760,B024,Tamil Nadu,Chennai,5612.114,5617.114,5,WAS/RLAN,synthetic_not_verified,synthetic_observation,1,SYNTHETIC_FOR_PIPELINE_TESTING
3761,B023,Gujarat,Ahmedabad,5265.43,5345.43,80,WAS/RLAN,synthetic_not_verified,synthetic_observation,0,SYNTHETIC_FOR_PIPELINE_TESTING
3762,B020,Maharashtra,Mumbai,69541.772,69621.772,80,IMT candidate,synthetic_not_verified,synthetic_observation,1,SYNTHETIC_FOR_PIPELINE_TESTING
3763,B023,Karnataka,Bengaluru,5261.701,5341.701,80,WAS/RLAN,synthetic_not_verified,synthetic_observation,0,SYNTHETIC_FOR_PIPELINE_TESTING
3764,B025,Rajasthan,Jaipur,5779.875,5859.875,80,WAS/RLAN,synthetic_not_verified,synthetic_observation,0,SYNTHETIC_FOR_PIPELINE_TESTING
3765,B010,Delhi,New Delhi,2613.308,2633.308,20,IMT candidate,synthetic_not_verified,synthetic_observation,0,SYNTHETIC_FOR_PIPELINE_TESTING
3766,B014,Rajasthan,Jaipur,3647.724,3657.724,10,IMT candidate,synthetic_not_verified,synthetic_observation,0,SYNTHETIC_FOR_PIPELINE_TESTING
3767,B016,Gujarat,Ahmedabad,7069.501,7070.501,1,IMT candidate,synthetic_not_verified,synthetic_observation,1,SYNTHETIC_FOR_PIPELINE_TESTING
3768,B001,Telangana,Hyderabad,568.045,578.045,10,IMT candidate,synthetic_not_verified,synthetic_observation,1,SYNTHETIC_FOR_PIPELINE_TESTING
3769,B018,West Bengal,Kolkata,37594.416,37595.416,1,IMT candidate,synthetic_not_verified,synthetic_observation,0,SYNTHETIC_FOR_PIPELINE_TESTING
3770,B006,Rajasthan,Jaipur,1451.708,1471.708,20,IMT candidate,synthetic_not_verified,synthetic_observation,0,SYNTHETIC_FOR_PIPELINE_TESTING
3771,B010,Delhi,New Delhi,2527.491,2537.491,10,IMT candidate,synthetic_not_verified,synthetic_observation,0,SYNTHETIC_FOR_PIPELINE_TESTING
3772,B007,Maharashtra,Mumbai,1877.254,1917.254,40,IMT candidate,synthetic_not_verified,synthetic_observation,0,SYNTHETIC_FOR_PIPELINE_TESTING
3773,B022,West Bengal,Kolkata,5160.843,5200.843,40,WAS/RLAN,synthetic_not_verified,synthetic_observation,0,SYNTHETIC_FOR_PIPELINE_TESTING
3774,B015,Maharashtra,Mumbai,6462.075,6463.075,1,IMT candidate,synthetic_not_verified,synthetic_observation,0,SYNTHETIC_FOR_PIPELINE_TESTING
3775,B012,Maharashtra,Mumbai,3417.075,3497.075,80,IMT candidate,synthetic_not_verified,synthetic_observation,1,SYNTHETIC_FOR_PIPELINE_TESTING
3776,B004,Telangana,Hyderabad,890.0,942.0,80,IMT candidate,synthetic_not_verified,synthetic_observation,0,SYNTHETIC_FOR_PIPELINE_TESTING
3777,B008,West Bengal,Kolkata,2117.519,2197.519,80,IMT candidate,synthetic_not_verified,synthetic_observation,0,SYNTHETIC_FOR_PIPELINE_TESTING
3778,B020,Telangana,Hyderabad,70477.034,70482.034,5,IMT candidate,synthetic_not_verified,synthetic_observation,0,SYNTHETIC_FOR_PIPELINE_TESTING
3779,B013,Maharashtra,Mumbai,3536.503,3537.503,1,IMT candidate,synthetic_not_verified,synthetic_observation,1,SYNTHETIC_FOR_PIPELINE_TESTING
3780,B023,Telangana,Hyderabad,5283.265,5288.265,5,WAS/RLAN,synthetic_not_verified,synthetic_observation,1,SYNTHETIC_FOR_PIPELINE_TESTING
3781,B008,Maharashtra,Mumbai,2141.381,2146.381,5,IMT candidate,synthetic_not_verified,synthetic_observation,1,SYNTHETIC_FOR_PIPELINE_TESTING
3782,B018,Telangana,Hyderabad,39405.662,39406.662,1,IMT candidate,synthetic_not_verified,synthetic_observation,0,SYNTHETIC_FOR_PIPELINE_TESTING
3783,B018,Karnataka,Bengaluru,38327.769,38367.769,40,IMT candidate,synthetic_not_verified,synthetic_observation,0,SYNTHETIC_FOR_PIPELINE_TESTING
3784,B004,Gujarat,Ahmedabad,903.003,923.003,20,IMT candidate,synthetic_not_verified,synthetic_observation,0,SYNTHETIC_FOR_PIPELINE_TESTING
3785,B010,Maharashtra,Mumbai,2571.261,2576.261,5,IMT candidate,synthetic_not_verified,synthetic_observation,1,SYNTHETIC_FOR_PIPELINE_TESTING
3786,B003,Telangana,Hyderabad,798.959,808.959,10,IMT candidate,synthetic_not_verified,synthetic_observation,0,SYNTHETIC_FOR_PIPELINE_TESTING
3787,B009,West Bengal,Kolkata,2317.595,2322.595,5,IMT candidate,synthetic_not_verified,synthetic_observation,0,SYNTHETIC_FOR_PIPELINE_TESTING
3788,B011,Tamil Nadu,Chennai,3321.195,3326.195,5,IMT candidate,synthetic_not_verified,synthetic_observation,0,SYNTHETIC_FOR_PIPELINE_TESTING
3789,B020,Delhi,New Delhi,68655.047,68656.047,1,IMT candidate,synthetic_not_verified,synthetic_observation,1,SYNTHETIC_FOR_PIPELINE_TESTING
3790,B014,West Bengal,Kolkata,3639.27,3649.27,10,IMT candidate,synthetic_not_verified,synthetic_observation,1,SYNTHETIC_FOR_PIPELINE_TESTING
3791,B005,Tamil Nadu,Chennai,946.949,947.949,1,IMT candidate,synthetic_not_verified,synthetic_observation,0,SYNTHETIC_FOR_PIPELINE_TESTING
3792,B025,Telangana,Hyderabad,5801.228,5841.228,40,WAS/RLAN,synthetic_not_verified,synthetic_observation,0,SYNTHETIC_FOR_PIPELINE_TESTING
3793,B009,Karnataka,Bengaluru,2355.661,2365.661,10,IMT candidate,synthetic_not_verified,synthetic_observation,0,SYNTHETIC_FOR_PIPELINE_TESTING
3794,B024,Karnataka,Bengaluru,5695.818,5700.818,5,WAS/RLAN,synthetic_not_verified,synthetic_observation,1,SYNTHETIC_FOR_PIPELINE_TESTING
3795,B010,Rajasthan,Jaipur,2660.96,2665.96,5,IMT candidate,synthetic_not_verified,synthetic_observation,1,SYNTHETIC_FOR_PIPELINE_TESTING
3796,B021,Tamil Nadu,Chennai,2437.887,2477.887,40,Low Power / RLAN,synthetic_not_verified,synthetic_observation,1,SYNTHETIC_FOR_PIPELINE_TESTING
3797,B025,Karnataka,Bengaluru,5780.423,5785.423,5,WAS/RLAN,synthetic_not_verified,synthetic_observation,1,SYNTHETIC_FOR_PIPELINE_TESTING
3798,B021,Delhi,New Delhi,2473.235,2478.235,5,Low Power / RLAN,synthetic_not_verified,synthetic_observation,1,SYNTHETIC_FOR_PIPELINE_TESTING
3799,B020,Karnataka,Bengaluru,67959.949,67964.949,5,IMT candidate,synthetic_not_verified,synthetic_observation,0,SYNTHETIC_FOR_PIPELINE_TESTING
3800,B020,Maharashtra,Mumbai,69924.832,69929.832,5,IMT candidate,synthetic_not_verified,synthetic_observation,1,SYNTHETIC_FOR_PIPELINE_TESTING
3801,B008,Delhi,New Delhi,2169.032,2170.032,1,IMT candidate,synthetic_not_verified,synthetic_observation,0,SYNTHETIC_FOR_PIPELINE_TESTING
3802,B021,Gujarat,Ahmedabad,2403.579,2423.579,20,Low Power / RLAN,synthetic_not_verified,synthetic_observation,1,SYNTHETIC_FOR_PIPELINE_TESTING
3803,B016,Gujarat,Ahmedabad,7031.872,7111.872,80,IMT candidate,synthetic_not_verified,synthetic_observation,1,SYNTHETIC_FOR_PIPELINE_TESTING
3804,B020,Delhi,New Delhi,68886.627,68891.627,5,IMT candidate,synthetic_not_verified,synthetic_observation,1,SYNTHETIC_FOR_PIPELINE_TESTING
3805,B020,Delhi,New Delhi,70634.684,70635.684,1,IMT candidate,synthetic_not_verified,synthetic_observation,1,SYNTHETIC_FOR_PIPELINE_TESTING
3806,B021,Gujarat,Ahmedabad,2430.205,2450.205,20,Low Power / RLAN,synthetic_not_verified,synthetic_observation,0,SYNTHETIC_FOR_PIPELINE_TESTING
3807,B013,Telangana,Hyderabad,3561.736,3571.736,10,IMT candidate,synthetic_not_verified,synthetic_observation,0,SYNTHETIC_FOR_PIPELINE_TESTING
3808,B006,West Bengal,Kolkata,1447.642,1487.642,40,IMT candidate,synthetic_not_verified,synthetic_observation,1,SYNTHETIC_FOR_PIPELINE_TESTING
3809,B019,Gujarat,Ahmedabad,42515.307,42516.307,1,IMT candidate,synthetic_not_verified,synthetic_observation,0,SYNTHETIC_FOR_PIPELINE_TESTING
3810,B007,Rajasthan,Jaipur,1799.846,1809.846,10,IMT candidate,synthetic_not_verified,synthetic_observation,1,SYNTHETIC_FOR_PIPELINE_TESTING
3811,B004,Gujarat,Ahmedabad,923.25,928.25,5,IMT candidate,synthetic_not_verified,synthetic_observation,0,SYNTHETIC_FOR_PIPELINE_TESTING
3812,B008,Gujarat,Ahmedabad,2116.67,2121.67,5,IMT candidate,synthetic_not_verified,synthetic_observation,0,SYNTHETIC_FOR_PIPELINE_TESTING
3813,B023,Delhi,New Delhi,5319.649,5324.649,5,WAS/RLAN,synthetic_not_verified,synthetic_observation,0,SYNTHETIC_FOR_PIPELINE_TESTING
3814,B011,West Bengal,Kolkata,3365.322,3385.322,20,IMT candidate,synthetic_not_verified,synthetic_observation,0,SYNTHETIC_FOR_PIPELINE_TESTING
3815,B005,Delhi,New Delhi,945.412,955.412,10,IMT candidate,synthetic_not_verified,synthetic_observation,0,SYNTHETIC_FOR_PIPELINE_TESTING
3816,B012,Tamil Nadu,Chennai,3437.023,3477.023,40,IMT candidate,synthetic_not_verified,synthetic_observation,0,SYNTHETIC_FOR_PIPELINE_TESTING
3817,B012,West Bengal,Kolkata,3433.364,3473.364,40,IMT candidate,synthetic_not_verified,synthetic_observation,0,SYNTHETIC_FOR_PIPELINE_TESTING
3818,B012,Tamil Nadu,Chennai,3407.903,3412.903,5,IMT candidate,synthetic_not_verified,synthetic_observation,0,SYNTHETIC_FOR_PIPELINE_TESTING
3819,B022,Karnataka,Bengaluru,5168.269,5188.269,20,WAS/RLAN,synthetic_not_verified,synthetic_observation,0,SYNTHETIC_FOR_PIPELINE_TESTING
3820,B016,Telangana,Hyderabad,7038.202,7078.202,40,IMT candidate,synthetic_not_verified,synthetic_observation,0,SYNTHETIC_FOR_PIPELINE_TESTING
3821,B018,Maharashtra,Mumbai,39520.946,39600.946,80,IMT candidate,synthetic_not_verified,synthetic_observation,0,SYNTHETIC_FOR_PIPELINE_TESTING
3822,B010,Karnataka,Bengaluru,2553.854,2573.854,20,IMT candidate,synthetic_not_verified,synthetic_observation,1,SYNTHETIC_FOR_PIPELINE_TESTING
3823,B024,Telangana,Hyderabad,5548.172,5568.172,20,WAS/RLAN,synthetic_not_verified,synthetic_observation,0,SYNTHETIC_FOR_PIPELINE_TESTING
3824,B025,Tamil Nadu,Chennai,5792.467,5832.467,40,WAS/RLAN,synthetic_not_verified,synthetic_observation,0,SYNTHETIC_FOR_PIPELINE_TESTING
3825,B015,Tamil Nadu,Chennai,6589.276,6629.276,40,IMT candidate,synthetic_not_verified,synthetic_observation,1,SYNTHETIC_FOR_PIPELINE_TESTING
3826,B001,Karnataka,Bengaluru,510.876,520.876,10,IMT candidate,synthetic_not_verified,synthetic_observation,0,SYNTHETIC_FOR_PIPELINE_TESTING
3827,B003,Gujarat,Ahmedabad,681.75,761.75,80,IMT candidate,synthetic_not_verified,synthetic_observation,1,SYNTHETIC_FOR_PIPELINE_TESTING
3828,B008,Tamil Nadu,Chennai,2164.688,2165.688,1,IMT candidate,synthetic_not_verified,synthetic_observation,0,SYNTHETIC_FOR_PIPELINE_TESTING
3829,B004,Karnataka,Bengaluru,913.305,918.305,5,IMT candidate,synthetic_not_verified,synthetic_observation,0,SYNTHETIC_FOR_PIPELINE_TESTING
3830,B025,Gujarat,Ahmedabad,5750.129,5830.129,80,WAS/RLAN,synthetic_not_verified,synthetic_observation,0,SYNTHETIC_FOR_PIPELINE_TESTING
3831,B017,Rajasthan,Jaipur,27463.095,27468.095,5,IMT candidate,synthetic_not_verified,synthetic_observation,1,SYNTHETIC_FOR_PIPELINE_TESTING
3832,B023,Gujarat,Ahmedabad,5313.442,5314.442,1,WAS/RLAN,synthetic_not_verified,synthetic_observation,1,SYNTHETIC_FOR_PIPELINE_TESTING
3833,B017,West Bengal,Kolkata,26730.066,26810.066,80,IMT candidate,synthetic_not_verified,synthetic_observation,1,SYNTHETIC_FOR_PIPELINE_TESTING
3834,B009,Tamil Nadu,Chennai,2375.037,2395.037,20,IMT candidate,synthetic_not_verified,synthetic_observation,0,SYNTHETIC_FOR_PIPELINE_TESTING
3835,B016,Tamil Nadu,Chennai,7068.667,7088.667,20,IMT candidate,synthetic_not_verified,synthetic_observation,0,SYNTHETIC_FOR_PIPELINE_TESTING
3836,B015,Maharashtra,Mumbai,6751.899,6771.899,20,IMT candidate,synthetic_not_verified,synthetic_observation,1,SYNTHETIC_FOR_PIPELINE_TESTING
3837,B004,Rajasthan,Jaipur,940.212,941.212,1,IMT candidate,synthetic_not_verified,synthetic_observation,1,SYNTHETIC_FOR_PIPELINE_TESTING
3838,B024,Telangana,Hyderabad,5678.784,5679.784,1,WAS/RLAN,synthetic_not_verified,synthetic_observation,1,SYNTHETIC_FOR_PIPELINE_TESTING
3839,B007,Rajasthan,Jaipur,1994.97,2014.97,20,IMT candidate,synthetic_not_verified,synthetic_observation,1,SYNTHETIC_FOR_PIPELINE_TESTING
3840,B012,Tamil Nadu,Chennai,3416.068,3436.068,20,IMT candidate,synthetic_not_verified,synthetic_observation,0,SYNTHETIC_FOR_PIPELINE_TESTING
3841,B013,Delhi,New Delhi,3551.168,3552.168,1,IMT candidate,synthetic_not_verified,synthetic_observation,0,SYNTHETIC_FOR_PIPELINE_TESTING
3842,B006,Gujarat,Ahmedabad,1441.893,1481.893,40,IMT candidate,synthetic_not_verified,synthetic_observation,1,SYNTHETIC_FOR_PIPELINE_TESTING
3843,B004,Delhi,New Delhi,930.996,940.996,10,IMT candidate,synthetic_not_verified,synthetic_observation,1,SYNTHETIC_FOR_PIPELINE_TESTING
3844,B017,Delhi,New Delhi,26068.048,26078.048,10,IMT candidate,synthetic_not_verified,synthetic_observation,0,SYNTHETIC_FOR_PIPELINE_TESTING
3845,B013,Maharashtra,Mumbai,3516.319,3596.319,80,IMT candidate,synthetic_not_verified,synthetic_observation,1,SYNTHETIC_FOR_PIPELINE_TESTING
3846,B007,West Bengal,Kolkata,1828.895,1848.895,20,IMT candidate,synthetic_not_verified,synthetic_observation,0,SYNTHETIC_FOR_PIPELINE_TESTING
3847,B015,Karnataka,Bengaluru,6456.944,6461.944,5,IMT candidate,synthetic_not_verified,synthetic_observation,0,SYNTHETIC_FOR_PIPELINE_TESTING
3848,B014,West Bengal,Kolkata,3619.791,3629.791,10,IMT candidate,synthetic_not_verified,synthetic_observation,1,SYNTHETIC_FOR_PIPELINE_TESTING
3849,B020,Gujarat,Ahmedabad,67605.992,67625.992,20,IMT candidate,synthetic_not_verified,synthetic_observation,0,SYNTHETIC_FOR_PIPELINE_TESTING
3850,B001,West Bengal,Kolkata,524.665,544.665,20,IMT candidate,synthetic_not_verified,synthetic_observation,1,SYNTHETIC_FOR_PIPELINE_TESTING
3851,B017,Karnataka,Bengaluru,25599.383,25619.383,20,IMT candidate,synthetic_not_verified,synthetic_observation,1,SYNTHETIC_FOR_PIPELINE_TESTING
3852,B017,Rajasthan,Jaipur,26821.64,26841.64,20,IMT candidate,synthetic_not_verified,synthetic_observation,0,SYNTHETIC_FOR_PIPELINE_TESTING
3853,B002,Telangana,Hyderabad,589.422,609.422,20,IMT candidate,synthetic_not_verified,synthetic_observation,0,SYNTHETIC_FOR_PIPELINE_TESTING
3854,B013,Rajasthan,Jaipur,3538.519,3558.519,20,IMT candidate,synthetic_not_verified,synthetic_observation,0,SYNTHETIC_FOR_PIPELINE_TESTING
3855,B013,West Bengal,Kolkata,3544.476,3584.476,40,IMT candidate,synthetic_not_verified,synthetic_observation,1,SYNTHETIC_FOR_PIPELINE_TESTING
3856,B012,Rajasthan,Jaipur,3445.452,3465.452,20,IMT candidate,synthetic_not_verified,synthetic_observation,1,SYNTHETIC_FOR_PIPELINE_TESTING
3857,B021,Maharashtra,Mumbai,2402.364,2403.364,1,Low Power / RLAN,synthetic_not_verified,synthetic_observation,0,SYNTHETIC_FOR_PIPELINE_TESTING
3858,B001,Tamil Nadu,Chennai,510.309,520.309,10,IMT candidate,synthetic_not_verified,synthetic_observation,0,SYNTHETIC_FOR_PIPELINE_TESTING
3859,B024,Rajasthan,Jaipur,5518.092,5538.092,20,WAS/RLAN,synthetic_not_verified,synthetic_observation,0,SYNTHETIC_FOR_PIPELINE_TESTING
3860,B020,Delhi,New Delhi,66367.254,66372.254,5,IMT candidate,synthetic_not_verified,synthetic_observation,1,SYNTHETIC_FOR_PIPELINE_TESTING
3861,B024,Telangana,Hyderabad,5472.436,5482.436,10,WAS/RLAN,synthetic_not_verified,synthetic_observation,1,SYNTHETIC_FOR_PIPELINE_TESTING
3862,B020,Tamil Nadu,Chennai,67500.594,67520.594,20,IMT candidate,synthetic_not_verified,synthetic_observation,0,SYNTHETIC_FOR_PIPELINE_TESTING
3863,B007,Tamil Nadu,Chennai,1894.827,1895.827,1,IMT candidate,synthetic_not_verified,synthetic_observation,1,SYNTHETIC_FOR_PIPELINE_TESTING
3864,B001,Telangana,Hyderabad,558.224,578.224,20,IMT candidate,synthetic_not_verified,synthetic_observation,0,SYNTHETIC_FOR_PIPELINE_TESTING
3865,B014,Rajasthan,Jaipur,3651.95,3661.95,10,IMT candidate,synthetic_not_verified,synthetic_observation,1,SYNTHETIC_FOR_PIPELINE_TESTING
3866,B001,West Bengal,Kolkata,517.493,557.493,40,IMT candidate,synthetic_not_verified,synthetic_observation,0,SYNTHETIC_FOR_PIPELINE_TESTING
3867,B013,Gujarat,Ahmedabad,3591.399,3592.399,1,IMT candidate,synthetic_not_verified,synthetic_observation,0,SYNTHETIC_FOR_PIPELINE_TESTING
3868,B019,Delhi,New Delhi,43449.803,43454.803,5,IMT candidate,synthetic_not_verified,synthetic_observation,0,SYNTHETIC_FOR_PIPELINE_TESTING
3869,B016,Gujarat,Ahmedabad,7081.264,7082.264,1,IMT candidate,synthetic_not_verified,synthetic_observation,1,SYNTHETIC_FOR_PIPELINE_TESTING
3870,B024,Gujarat,Ahmedabad,5582.073,5587.073,5,WAS/RLAN,synthetic_not_verified,synthetic_observation,1,SYNTHETIC_FOR_PIPELINE_TESTING
3871,B001,Delhi,New Delhi,489.175,569.175,80,IMT candidate,synthetic_not_verified,synthetic_observation,0,SYNTHETIC_FOR_PIPELINE_TESTING
3872,B007,West Bengal,Kolkata,1804.421,1805.421,1,IMT candidate,synthetic_not_verified,synthetic_observation,0,SYNTHETIC_FOR_PIPELINE_TESTING
3873,B007,Delhi,New Delhi,1833.109,1838.109,5,IMT candidate,synthetic_not_verified,synthetic_observation,1,SYNTHETIC_FOR_PIPELINE_TESTING
3874,B021,Rajasthan,Jaipur,2436.678,2456.678,20,Low Power / RLAN,synthetic_not_verified,synthetic_observation,0,SYNTHETIC_FOR_PIPELINE_TESTING
3875,B025,Gujarat,Ahmedabad,5845.226,5865.226,20,WAS/RLAN,synthetic_not_verified,synthetic_observation,0,SYNTHETIC_FOR_PIPELINE_TESTING
3876,B023,Rajasthan,Jaipur,5301.857,5341.857,40,WAS/RLAN,synthetic_not_verified,synthetic_observation,0,SYNTHETIC_FOR_PIPELINE_TESTING
3877,B024,West Bengal,Kolkata,5472.544,5552.544,80,WAS/RLAN,synthetic_not_verified,synthetic_observation,0,SYNTHETIC_FOR_PIPELINE_TESTING
3878,B009,Maharashtra,Mumbai,2340.578,2350.578,10,IMT candidate,synthetic_not_verified,synthetic_observation,1,SYNTHETIC_FOR_PIPELINE_TESTING
3879,B013,Karnataka,Bengaluru,3536.396,3576.396,40,IMT candidate,synthetic_not_verified,synthetic_observation,1,SYNTHETIC_FOR_PIPELINE_TESTING
3880,B014,Delhi,New Delhi,3600.0,3670.0,80,IMT candidate,synthetic_not_verified,synthetic_observation,1,SYNTHETIC_FOR_PIPELINE_TESTING
3881,B002,Maharashtra,Mumbai,597.472,602.472,5,IMT candidate,synthetic_not_verified,synthetic_observation,1,SYNTHETIC_FOR_PIPELINE_TESTING
3882,B022,Gujarat,Ahmedabad,5240.451,5241.451,1,WAS/RLAN,synthetic_not_verified,synthetic_observation,0,SYNTHETIC_FOR_PIPELINE_TESTING
3883,B013,Tamil Nadu,Chennai,3578.608,3588.608,10,IMT candidate,synthetic_not_verified,synthetic_observation,1,SYNTHETIC_FOR_PIPELINE_TESTING
3884,B006,Tamil Nadu,Chennai,1446.364,1466.364,20,IMT candidate,synthetic_not_verified,synthetic_observation,0,SYNTHETIC_FOR_PIPELINE_TESTING
3885,B010,Delhi,New Delhi,2589.993,2599.993,10,IMT candidate,synthetic_not_verified,synthetic_observation,0,SYNTHETIC_FOR_PIPELINE_TESTING
3886,B009,Rajasthan,Jaipur,2334.166,2354.166,20,IMT candidate,synthetic_not_verified,synthetic_observation,1,SYNTHETIC_FOR_PIPELINE_TESTING
3887,B011,Rajasthan,Jaipur,3357.045,3358.045,1,IMT candidate,synthetic_not_verified,synthetic_observation,1,SYNTHETIC_FOR_PIPELINE_TESTING
3888,B004,Telangana,Hyderabad,904.059,909.059,5,IMT candidate,synthetic_not_verified,synthetic_observation,0,SYNTHETIC_FOR_PIPELINE_TESTING
3889,B003,Tamil Nadu,Chennai,778.092,858.092,80,IMT candidate,synthetic_not_verified,synthetic_observation,0,SYNTHETIC_FOR_PIPELINE_TESTING
3890,B015,West Bengal,Kolkata,6798.522,6799.522,1,IMT candidate,synthetic_not_verified,synthetic_observation,1,SYNTHETIC_FOR_PIPELINE_TESTING
3891,B024,Telangana,Hyderabad,5596.452,5606.452,10,WAS/RLAN,synthetic_not_verified,synthetic_observation,0,SYNTHETIC_FOR_PIPELINE_TESTING
3892,B007,West Bengal,Kolkata,1935.533,1940.533,5,IMT candidate,synthetic_not_verified,synthetic_observation,1,SYNTHETIC_FOR_PIPELINE_TESTING
3893,B018,West Bengal,Kolkata,37839.252,37849.252,10,IMT candidate,synthetic_not_verified,synthetic_observation,0,SYNTHETIC_FOR_PIPELINE_TESTING
3894,B008,Telangana,Hyderabad,2196.048,2197.048,1,IMT candidate,synthetic_not_verified,synthetic_observation,0,SYNTHETIC_FOR_PIPELINE_TESTING
3895,B022,Tamil Nadu,Chennai,5214.626,5219.626,5,WAS/RLAN,synthetic_not_verified,synthetic_observation,1,SYNTHETIC_FOR_PIPELINE_TESTING
3896,B023,Rajasthan,Jaipur,5326.559,5346.559,20,WAS/RLAN,synthetic_not_verified,synthetic_observation,1,SYNTHETIC_FOR_PIPELINE_TESTING
3897,B012,Maharashtra,Mumbai,3456.886,3466.886,10,IMT candidate,synthetic_not_verified,synthetic_observation,0,SYNTHETIC_FOR_PIPELINE_TESTING
3898,B009,Maharashtra,Mumbai,2341.706,2351.706,10,IMT candidate,synthetic_not_verified,synthetic_observation,0,SYNTHETIC_FOR_PIPELINE_TESTING
3899,B024,Rajasthan,Jaipur,5581.488,5661.488,80,WAS/RLAN,synthetic_not_verified,synthetic_observation,1,SYNTHETIC_FOR_PIPELINE_TESTING
3900,B005,Tamil Nadu,Chennai,942.0,960.0,20,IMT candidate,synthetic_not_verified,synthetic_observation,0,SYNTHETIC_FOR_PIPELINE_TESTING
3901,B002,Gujarat,Ahmedabad,585.0,610.0,80,IMT candidate,synthetic_not_verified,synthetic_observation,0,SYNTHETIC_FOR_PIPELINE_TESTING
3902,B002,Karnataka,Bengaluru,585.0,610.0,40,IMT candidate,synthetic_not_verified,synthetic_observation,0,SYNTHETIC_FOR_PIPELINE_TESTING
3903,B022,Delhi,New Delhi,5162.064,5182.064,20,WAS/RLAN,synthetic_not_verified,synthetic_observation,0,SYNTHETIC_FOR_PIPELINE_TESTING
3904,B021,Karnataka,Bengaluru,2400.569,2480.569,80,Low Power / RLAN,synthetic_not_verified,synthetic_observation,0,SYNTHETIC_FOR_PIPELINE_TESTING
3905,B008,Karnataka,Bengaluru,2114.97,2154.97,40,IMT candidate,synthetic_not_verified,synthetic_observation,0,SYNTHETIC_FOR_PIPELINE_TESTING
3906,B007,Telangana,Hyderabad,1747.093,1757.093,10,IMT candidate,synthetic_not_verified,synthetic_observation,1,SYNTHETIC_FOR_PIPELINE_TESTING
3907,B020,Karnataka,Bengaluru,69850.981,69860.981,10,IMT candidate,synthetic_not_verified,synthetic_observation,1,SYNTHETIC_FOR_PIPELINE_TESTING
3908,B011,Gujarat,Ahmedabad,3312.825,3313.825,1,IMT candidate,synthetic_not_verified,synthetic_observation,1,SYNTHETIC_FOR_PIPELINE_TESTING
3909,B025,Maharashtra,Mumbai,5819.392,5859.392,40,WAS/RLAN,synthetic_not_verified,synthetic_observation,0,SYNTHETIC_FOR_PIPELINE_TESTING
3910,B023,Maharashtra,Mumbai,5281.477,5291.477,10,WAS/RLAN,synthetic_not_verified,synthetic_observation,0,SYNTHETIC_FOR_PIPELINE_TESTING
3911,B024,Telangana,Hyderabad,5499.02,5539.02,40,WAS/RLAN,synthetic_not_verified,synthetic_observation,1,SYNTHETIC_FOR_PIPELINE_TESTING
3912,B002,West Bengal,Kolkata,590.941,595.941,5,IMT candidate,synthetic_not_verified,synthetic_observation,1,SYNTHETIC_FOR_PIPELINE_TESTING
3913,B012,Delhi,New Delhi,3479.769,3499.769,20,IMT candidate,synthetic_not_verified,synthetic_observation,1,SYNTHETIC_FOR_PIPELINE_TESTING
3914,B002,Maharashtra,Mumbai,592.377,597.377,5,IMT candidate,synthetic_not_verified,synthetic_observation,0,SYNTHETIC_FOR_PIPELINE_TESTING
3915,B004,Tamil Nadu,Chennai,901.659,941.659,40,IMT candidate,synthetic_not_verified,synthetic_observation,1,SYNTHETIC_FOR_PIPELINE_TESTING
3916,B016,West Bengal,Kolkata,7083.803,7088.803,5,IMT candidate,synthetic_not_verified,synthetic_observation,0,SYNTHETIC_FOR_PIPELINE_TESTING
3917,B002,West Bengal,Kolkata,586.776,606.776,20,IMT candidate,synthetic_not_verified,synthetic_observation,0,SYNTHETIC_FOR_PIPELINE_TESTING
3918,B002,Telangana,Hyderabad,604.485,605.485,1,IMT candidate,synthetic_not_verified,synthetic_observation,0,SYNTHETIC_FOR_PIPELINE_TESTING
3919,B012,Maharashtra,Mumbai,3452.456,3492.456,40,IMT candidate,synthetic_not_verified,synthetic_observation,0,SYNTHETIC_FOR_PIPELINE_TESTING
3920,B025,Tamil Nadu,Chennai,5782.694,5787.694,5,WAS/RLAN,synthetic_not_verified,synthetic_observation,0,SYNTHETIC_FOR_PIPELINE_TESTING
3921,B004,Tamil Nadu,Chennai,910.691,911.691,1,IMT candidate,synthetic_not_verified,synthetic_observation,1,SYNTHETIC_FOR_PIPELINE_TESTING
3922,B003,Telangana,Hyderabad,659.902,699.902,40,IMT candidate,synthetic_not_verified,synthetic_observation,0,SYNTHETIC_FOR_PIPELINE_TESTING
3923,B019,Delhi,New Delhi,42709.533,42710.533,1,IMT candidate,synthetic_not_verified,synthetic_observation,1,SYNTHETIC_FOR_PIPELINE_TESTING
3924,B012,Telangana,Hyderabad,3454.82,3494.82,40,IMT candidate,synthetic_not_verified,synthetic_observation,0,SYNTHETIC_FOR_PIPELINE_TESTING
3925,B024,Telangana,Hyderabad,5530.054,5610.054,80,WAS/RLAN,synthetic_not_verified,synthetic_observation,1,SYNTHETIC_FOR_PIPELINE_TESTING
3926,B013,Rajasthan,Jaipur,3515.094,3555.094,40,IMT candidate,synthetic_not_verified,synthetic_observation,0,SYNTHETIC_FOR_PIPELINE_TESTING
3927,B004,Tamil Nadu,Chennai,894.59,914.59,20,IMT candidate,synthetic_not_verified,synthetic_observation,1,SYNTHETIC_FOR_PIPELINE_TESTING
3928,B025,Rajasthan,Jaipur,5853.02,5858.02,5,WAS/RLAN,synthetic_not_verified,synthetic_observation,1,SYNTHETIC_FOR_PIPELINE_TESTING
3929,B011,Delhi,New Delhi,3302.289,3382.289,80,IMT candidate,synthetic_not_verified,synthetic_observation,1,SYNTHETIC_FOR_PIPELINE_TESTING
3930,B020,Delhi,New Delhi,66911.793,66931.793,20,IMT candidate,synthetic_not_verified,synthetic_observation,0,SYNTHETIC_FOR_PIPELINE_TESTING
3931,B017,Tamil Nadu,Chennai,26943.441,26948.441,5,IMT candidate,synthetic_not_verified,synthetic_observation,1,SYNTHETIC_FOR_PIPELINE_TESTING
3932,B015,Telangana,Hyderabad,6818.872,6898.872,80,IMT candidate,synthetic_not_verified,synthetic_observation,0,SYNTHETIC_FOR_PIPELINE_TESTING
3933,B006,Karnataka,Bengaluru,1466.423,1467.423,1,IMT candidate,synthetic_not_verified,synthetic_observation,0,SYNTHETIC_FOR_PIPELINE_TESTING
3934,B011,Tamil Nadu,Chennai,3394.409,3395.409,1,IMT candidate,synthetic_not_verified,synthetic_observation,0,SYNTHETIC_FOR_PIPELINE_TESTING
3935,B019,West Bengal,Kolkata,42695.702,42696.702,1,IMT candidate,synthetic_not_verified,synthetic_observation,0,SYNTHETIC_FOR_PIPELINE_TESTING
3936,B025,Karnataka,Bengaluru,5743.64,5753.64,10,WAS/RLAN,synthetic_not_verified,synthetic_observation,1,SYNTHETIC_FOR_PIPELINE_TESTING
3937,B002,Karnataka,Bengaluru,585.0,610.0,80,IMT candidate,synthetic_not_verified,synthetic_observation,1,SYNTHETIC_FOR_PIPELINE_TESTING
3938,B014,Tamil Nadu,Chennai,3626.803,3636.803,10,IMT candidate,synthetic_not_verified,synthetic_observation,0,SYNTHETIC_FOR_PIPELINE_TESTING
3939,B019,Karnataka,Bengaluru,42705.286,42715.286,10,IMT candidate,synthetic_not_verified,synthetic_observation,0,SYNTHETIC_FOR_PIPELINE_TESTING
3940,B011,Maharashtra,Mumbai,3309.35,3349.35,40,IMT candidate,synthetic_not_verified,synthetic_observation,1,SYNTHETIC_FOR_PIPELINE_TESTING
3941,B019,Gujarat,Ahmedabad,42685.651,42695.651,10,IMT candidate,synthetic_not_verified,synthetic_observation,1,SYNTHETIC_FOR_PIPELINE_TESTING
3942,B025,Rajasthan,Jaipur,5771.091,5776.091,5,WAS/RLAN,synthetic_not_verified,synthetic_observation,1,SYNTHETIC_FOR_PIPELINE_TESTING
3943,B015,Gujarat,Ahmedabad,6877.071,6957.071,80,IMT candidate,synthetic_not_verified,synthetic_observation,0,SYNTHETIC_FOR_PIPELINE_TESTING
3944,B016,Tamil Nadu,Chennai,7082.051,7083.051,1,IMT candidate,synthetic_not_verified,synthetic_observation,0,SYNTHETIC_FOR_PIPELINE_TESTING
3945,B005,Gujarat,Ahmedabad,952.704,957.704,5,IMT candidate,synthetic_not_verified,synthetic_observation,0,SYNTHETIC_FOR_PIPELINE_TESTING
3946,B015,Delhi,New Delhi,6869.589,6879.589,10,IMT candidate,synthetic_not_verified,synthetic_observation,0,SYNTHETIC_FOR_PIPELINE_TESTING
3947,B006,Gujarat,Ahmedabad,1433.685,1443.685,10,IMT candidate,synthetic_not_verified,synthetic_observation,0,SYNTHETIC_FOR_PIPELINE_TESTING
3948,B022,Gujarat,Ahmedabad,5180.111,5185.111,5,WAS/RLAN,synthetic_not_verified,synthetic_observation,0,SYNTHETIC_FOR_PIPELINE_TESTING
3949,B021,Rajasthan,Jaipur,2458.862,2478.862,20,Low Power / RLAN,synthetic_not_verified,synthetic_observation,1,SYNTHETIC_FOR_PIPELINE_TESTING
3950,B023,Karnataka,Bengaluru,5302.881,5312.881,10,WAS/RLAN,synthetic_not_verified,synthetic_observation,1,SYNTHETIC_FOR_PIPELINE_TESTING
3951,B002,Gujarat,Ahmedabad,589.315,609.315,20,IMT candidate,synthetic_not_verified,synthetic_observation,0,SYNTHETIC_FOR_PIPELINE_TESTING
3952,B003,Tamil Nadu,Chennai,667.856,672.856,5,IMT candidate,synthetic_not_verified,synthetic_observation,1,SYNTHETIC_FOR_PIPELINE_TESTING
3953,B012,Telangana,Hyderabad,3410.722,3415.722,5,IMT candidate,synthetic_not_verified,synthetic_observation,0,SYNTHETIC_FOR_PIPELINE_TESTING
3954,B004,West Bengal,Kolkata,925.427,930.427,5,IMT candidate,synthetic_not_verified,synthetic_observation,1,SYNTHETIC_FOR_PIPELINE_TESTING
3955,B016,Delhi,New Delhi,7063.282,7073.282,10,IMT candidate,synthetic_not_verified,synthetic_observation,0,SYNTHETIC_FOR_PIPELINE_TESTING
3956,B007,Maharashtra,Mumbai,1941.308,1981.308,40,IMT candidate,synthetic_not_verified,synthetic_observation,1,SYNTHETIC_FOR_PIPELINE_TESTING
3957,B001,West Bengal,Kolkata,525.005,535.005,10,IMT candidate,synthetic_not_verified,synthetic_observation,1,SYNTHETIC_FOR_PIPELINE_TESTING
3958,B007,West Bengal,Kolkata,1959.833,1960.833,1,IMT candidate,synthetic_not_verified,synthetic_observation,0,SYNTHETIC_FOR_PIPELINE_TESTING
3959,B007,Maharashtra,Mumbai,1721.782,1726.782,5,IMT candidate,synthetic_not_verified,synthetic_observation,0,SYNTHETIC_FOR_PIPELINE_TESTING
3960,B023,Karnataka,Bengaluru,5306.988,5311.988,5,WAS/RLAN,synthetic_not_verified,synthetic_observation,0,SYNTHETIC_FOR_PIPELINE_TESTING
3961,B009,Karnataka,Bengaluru,2312.169,2392.169,80,IMT candidate,synthetic_not_verified,synthetic_observation,1,SYNTHETIC_FOR_PIPELINE_TESTING
3962,B011,Tamil Nadu,Chennai,3321.766,3341.766,20,IMT candidate,synthetic_not_verified,synthetic_observation,0,SYNTHETIC_FOR_PIPELINE_TESTING
3963,B023,Karnataka,Bengaluru,5321.062,5326.062,5,WAS/RLAN,synthetic_not_verified,synthetic_observation,0,SYNTHETIC_FOR_PIPELINE_TESTING
3964,B015,West Bengal,Kolkata,6512.796,6517.796,5,IMT candidate,synthetic_not_verified,synthetic_observation,1,SYNTHETIC_FOR_PIPELINE_TESTING
3965,B023,Delhi,New Delhi,5318.713,5323.713,5,WAS/RLAN,synthetic_not_verified,synthetic_observation,0,SYNTHETIC_FOR_PIPELINE_TESTING
3966,B009,Delhi,New Delhi,2359.287,2399.287,40,IMT candidate,synthetic_not_verified,synthetic_observation,0,SYNTHETIC_FOR_PIPELINE_TESTING
3967,B024,Maharashtra,Mumbai,5474.846,5514.846,40,WAS/RLAN,synthetic_not_verified,synthetic_observation,0,SYNTHETIC_FOR_PIPELINE_TESTING
3968,B022,Karnataka,Bengaluru,5173.65,5213.65,40,WAS/RLAN,synthetic_not_verified,synthetic_observation,0,SYNTHETIC_FOR_PIPELINE_TESTING
3969,B013,Gujarat,Ahmedabad,3530.815,3531.815,1,IMT candidate,synthetic_not_verified,synthetic_observation,0,SYNTHETIC_FOR_PIPELINE_TESTING
3970,B015,Gujarat,Ahmedabad,6748.679,6788.679,40,IMT candidate,synthetic_not_verified,synthetic_observation,0,SYNTHETIC_FOR_PIPELINE_TESTING
3971,B005,Rajasthan,Jaipur,946.211,956.211,10,IMT candidate,synthetic_not_verified,synthetic_observation,0,SYNTHETIC_FOR_PIPELINE_TESTING
3972,B004,Gujarat,Ahmedabad,898.528,938.528,40,IMT candidate,synthetic_not_verified,synthetic_observation,0,SYNTHETIC_FOR_PIPELINE_TESTING
3973,B022,Karnataka,Bengaluru,5187.996,5227.996,40,WAS/RLAN,synthetic_not_verified,synthetic_observation,0,SYNTHETIC_FOR_PIPELINE_TESTING
3974,B002,Telangana,Hyderabad,586.013,606.013,20,IMT candidate,synthetic_not_verified,synthetic_observation,0,SYNTHETIC_FOR_PIPELINE_TESTING
3975,B023,West Bengal,Kolkata,5268.659,5348.659,80,WAS/RLAN,synthetic_not_verified,synthetic_observation,0,SYNTHETIC_FOR_PIPELINE_TESTING
3976,B019,Tamil Nadu,Chennai,43116.585,43196.585,80,IMT candidate,synthetic_not_verified,synthetic_observation,0,SYNTHETIC_FOR_PIPELINE_TESTING
3977,B009,Gujarat,Ahmedabad,2345.296,2355.296,10,IMT candidate,synthetic_not_verified,synthetic_observation,0,SYNTHETIC_FOR_PIPELINE_TESTING
3978,B010,Delhi,New Delhi,2659.674,2660.674,1,IMT candidate,synthetic_not_verified,synthetic_observation,1,SYNTHETIC_FOR_PIPELINE_TESTING
3979,B014,Tamil Nadu,Chennai,3621.707,3641.707,20,IMT candidate,synthetic_not_verified,synthetic_observation,0,SYNTHETIC_FOR_PIPELINE_TESTING
3980,B004,Delhi,New Delhi,890.0,942.0,80,IMT candidate,synthetic_not_verified,synthetic_observation,0,SYNTHETIC_FOR_PIPELINE_TESTING
3981,B022,Maharashtra,Mumbai,5197.429,5202.429,5,WAS/RLAN,synthetic_not_verified,synthetic_observation,1,SYNTHETIC_FOR_PIPELINE_TESTING
3982,B025,Gujarat,Ahmedabad,5779.701,5780.701,1,WAS/RLAN,synthetic_not_verified,synthetic_observation,0,SYNTHETIC_FOR_PIPELINE_TESTING
3983,B009,Gujarat,Ahmedabad,2331.411,2336.411,5,IMT candidate,synthetic_not_verified,synthetic_observation,0,SYNTHETIC_FOR_PIPELINE_TESTING
3984,B025,Tamil Nadu,Chennai,5840.83,5845.83,5,WAS/RLAN,synthetic_not_verified,synthetic_observation,0,SYNTHETIC_FOR_PIPELINE_TESTING
3985,B018,West Bengal,Kolkata,37167.981,37187.981,20,IMT candidate,synthetic_not_verified,synthetic_observation,0,SYNTHETIC_FOR_PIPELINE_TESTING
3986,B012,Tamil Nadu,Chennai,3408.127,3488.127,80,IMT candidate,synthetic_not_verified,synthetic_observation,1,SYNTHETIC_FOR_PIPELINE_TESTING
3987,B007,Maharashtra,Mumbai,1728.145,1768.145,40,IMT candidate,synthetic_not_verified,synthetic_observation,1,SYNTHETIC_FOR_PIPELINE_TESTING
3988,B001,Karnataka,Bengaluru,500.763,580.763,80,IMT candidate,synthetic_not_verified,synthetic_observation,0,SYNTHETIC_FOR_PIPELINE_TESTING
3989,B005,Karnataka,Bengaluru,946.198,956.198,10,IMT candidate,synthetic_not_verified,synthetic_observation,0,SYNTHETIC_FOR_PIPELINE_TESTING
3990,B021,Telangana,Hyderabad,2456.33,2466.33,10,Low Power / RLAN,synthetic_not_verified,synthetic_observation,0,SYNTHETIC_FOR_PIPELINE_TESTING
3991,B010,West Bengal,Kolkata,2620.111,2640.111,20,IMT candidate,synthetic_not_verified,synthetic_observation,0,SYNTHETIC_FOR_PIPELINE_TESTING
3992,B013,Rajasthan,Jaipur,3571.228,3572.228,1,IMT candidate,synthetic_not_verified,synthetic_observation,0,SYNTHETIC_FOR_PIPELINE_TESTING
3993,B022,Telangana,Hyderabad,5168.665,5248.665,80,WAS/RLAN,synthetic_not_verified,synthetic_observation,0,SYNTHETIC_FOR_PIPELINE_TESTING
3994,B001,Rajasthan,Jaipur,501.006,541.006,40,IMT candidate,synthetic_not_verified,synthetic_observation,0,SYNTHETIC_FOR_PIPELINE_TESTING
3995,B018,Rajasthan,Jaipur,37264.656,37265.656,1,IMT candidate,synthetic_not_verified,synthetic_observation,0,SYNTHETIC_FOR_PIPELINE_TESTING
3996,B011,West Bengal,Kolkata,3359.204,3369.204,10,IMT candidate,synthetic_not_verified,synthetic_observation,0,SYNTHETIC_FOR_PIPELINE_TESTING
3997,B024,Karnataka,Bengaluru,5644.113,5684.113,40,WAS/RLAN,synthetic_not_verified,synthetic_observation,0,SYNTHETIC_FOR_PIPELINE_TESTING
3998,B018,Delhi,New Delhi,38155.59,38235.59,80,IMT candidate,synthetic_not_verified,synthetic_observation,0,SYNTHETIC_FOR_PIPELINE_TESTING
3999,B022,Tamil Nadu,Chennai,5184.503,5189.503,5,WAS/RLAN,synthetic_not_verified,synthetic_observation,0,SYNTHETIC_FOR_PIPELINE_TESTING
4000,B020,Rajasthan,Jaipur,68085.248,68086.248,1,IMT candidate,synthetic_not_verified,synthetic_observation,0,SYNTHETIC_FOR_PIPELINE_TESTING
4001,B006,Karnataka,Bengaluru,1453.087,1463.087,10,IMT candidate,synthetic_not_verified,synthetic_observation,0,SYNTHETIC_FOR_PIPELINE_TESTING
4002,B017,Maharashtra,Mumbai,24858.591,24898.591,40,IMT candidate,synthetic_not_verified,synthetic_observation,1,SYNTHETIC_FOR_PIPELINE_TESTING
4003,B013,Rajasthan,Jaipur,3511.167,3591.167,80,IMT candidate,synthetic_not_verified,synthetic_observation,1,SYNTHETIC_FOR_PIPELINE_TESTING
4004,B018,Tamil Nadu,Chennai,39483.958,39493.958,10,IMT candidate,synthetic_not_verified,synthetic_observation,1,SYNTHETIC_FOR_PIPELINE_TESTING
4005,B006,Gujarat,Ahmedabad,1456.165,1476.165,20,IMT candidate,synthetic_not_verified,synthetic_observation,0,SYNTHETIC_FOR_PIPELINE_TESTING
4006,B014,West Bengal,Kolkata,3600.0,3670.0,80,IMT candidate,synthetic_not_verified,synthetic_observation,0,SYNTHETIC_FOR_PIPELINE_TESTING
4007,B016,Telangana,Hyderabad,7073.288,7113.288,40,IMT candidate,synthetic_not_verified,synthetic_observation,0,SYNTHETIC_FOR_PIPELINE_TESTING
4008,B003,Gujarat,Ahmedabad,675.563,755.563,80,IMT candidate,synthetic_not_verified,synthetic_observation,0,SYNTHETIC_FOR_PIPELINE_TESTING
4009,B025,Telangana,Hyderabad,5742.705,5762.705,20,WAS/RLAN,synthetic_not_verified,synthetic_observation,1,SYNTHETIC_FOR_PIPELINE_TESTING
4010,B016,Maharashtra,Mumbai,7062.535,7063.535,1,IMT candidate,synthetic_not_verified,synthetic_observation,0,SYNTHETIC_FOR_PIPELINE_TESTING
4011,B013,West Bengal,Kolkata,3527.681,3567.681,40,IMT candidate,synthetic_not_verified,synthetic_observation,0,SYNTHETIC_FOR_PIPELINE_TESTING
4012,B010,Delhi,New Delhi,2591.05,2596.05,5,IMT candidate,synthetic_not_verified,synthetic_observation,0,SYNTHETIC_FOR_PIPELINE_TESTING
4013,B004,West Bengal,Kolkata,921.446,941.446,20,IMT candidate,synthetic_not_verified,synthetic_observation,0,SYNTHETIC_FOR_PIPELINE_TESTING
4014,B022,West Bengal,Kolkata,5211.634,5231.634,20,WAS/RLAN,synthetic_not_verified,synthetic_observation,1,SYNTHETIC_FOR_PIPELINE_TESTING
4015,B001,Tamil Nadu,Chennai,557.229,562.229,5,IMT candidate,synthetic_not_verified,synthetic_observation,0,SYNTHETIC_FOR_PIPELINE_TESTING
4016,B024,Tamil Nadu,Chennai,5537.63,5547.63,10,WAS/RLAN,synthetic_not_verified,synthetic_observation,1,SYNTHETIC_FOR_PIPELINE_TESTING
4017,B010,Karnataka,Bengaluru,2680.527,2685.527,5,IMT candidate,synthetic_not_verified,synthetic_observation,1,SYNTHETIC_FOR_PIPELINE_TESTING
4018,B024,Rajasthan,Jaipur,5601.856,5606.856,5,WAS/RLAN,synthetic_not_verified,synthetic_observation,0,SYNTHETIC_FOR_PIPELINE_TESTING
4019,B003,Karnataka,Bengaluru,869.348,879.348,10,IMT candidate,synthetic_not_verified,synthetic_observation,1,SYNTHETIC_FOR_PIPELINE_TESTING
4020,B025,Tamil Nadu,Chennai,5735.388,5736.388,1,WAS/RLAN,synthetic_not_verified,synthetic_observation,1,SYNTHETIC_FOR_PIPELINE_TESTING
4021,B018,Karnataka,Bengaluru,38319.543,38329.543,10,IMT candidate,synthetic_not_verified,synthetic_observation,1,SYNTHETIC_FOR_PIPELINE_TESTING
4022,B025,West Bengal,Kolkata,5756.709,5766.709,10,WAS/RLAN,synthetic_not_verified,synthetic_observation,0,SYNTHETIC_FOR_PIPELINE_TESTING
4023,B014,Gujarat,Ahmedabad,3657.845,3667.845,10,IMT candidate,synthetic_not_verified,synthetic_observation,1,SYNTHETIC_FOR_PIPELINE_TESTING
4024,B018,Maharashtra,Mumbai,39650.564,39655.564,5,IMT candidate,synthetic_not_verified,synthetic_observation,0,SYNTHETIC_FOR_PIPELINE_TESTING
4025,B024,Delhi,New Delhi,5475.619,5555.619,80,WAS/RLAN,synthetic_not_verified,synthetic_observation,0,SYNTHETIC_FOR_PIPELINE_TESTING
4026,B010,Telangana,Hyderabad,2502.915,2507.915,5,IMT candidate,synthetic_not_verified,synthetic_observation,1,SYNTHETIC_FOR_PIPELINE_TESTING
4027,B010,Rajasthan,Jaipur,2638.473,2658.473,20,IMT candidate,synthetic_not_verified,synthetic_observation,0,SYNTHETIC_FOR_PIPELINE_TESTING
4028,B005,Karnataka,Bengaluru,942.0,960.0,80,IMT candidate,synthetic_not_verified,synthetic_observation,0,SYNTHETIC_FOR_PIPELINE_TESTING
4029,B003,Telangana,Hyderabad,731.945,741.945,10,IMT candidate,synthetic_not_verified,synthetic_observation,0,SYNTHETIC_FOR_PIPELINE_TESTING
4030,B002,Rajasthan,Jaipur,587.263,592.263,5,IMT candidate,synthetic_not_verified,synthetic_observation,1,SYNTHETIC_FOR_PIPELINE_TESTING
4031,B010,Rajasthan,Jaipur,2605.077,2685.077,80,IMT candidate,synthetic_not_verified,synthetic_observation,0,SYNTHETIC_FOR_PIPELINE_TESTING
4032,B020,Maharashtra,Mumbai,69360.05,69365.05,5,IMT candidate,synthetic_not_verified,synthetic_observation,0,SYNTHETIC_FOR_PIPELINE_TESTING
4033,B018,Maharashtra,Mumbai,39808.488,39848.488,40,IMT candidate,synthetic_not_verified,synthetic_observation,1,SYNTHETIC_FOR_PIPELINE_TESTING
4034,B004,Maharashtra,Mumbai,909.997,929.997,20,IMT candidate,synthetic_not_verified,synthetic_observation,1,SYNTHETIC_FOR_PIPELINE_TESTING
4035,B014,Karnataka,Bengaluru,3600.0,3670.0,80,IMT candidate,synthetic_not_verified,synthetic_observation,0,SYNTHETIC_FOR_PIPELINE_TESTING
4036,B010,West Bengal,Kolkata,2555.194,2575.194,20,IMT candidate,synthetic_not_verified,synthetic_observation,1,SYNTHETIC_FOR_PIPELINE_TESTING
4037,B002,Tamil Nadu,Chennai,585.0,610.0,40,IMT candidate,synthetic_not_verified,synthetic_observation,0,SYNTHETIC_FOR_PIPELINE_TESTING
4038,B022,Telangana,Hyderabad,5188.71,5208.71,20,WAS/RLAN,synthetic_not_verified,synthetic_observation,0,SYNTHETIC_FOR_PIPELINE_TESTING
4039,B023,Gujarat,Ahmedabad,5258.108,5268.108,10,WAS/RLAN,synthetic_not_verified,synthetic_observation,0,SYNTHETIC_FOR_PIPELINE_TESTING
4040,B007,Maharashtra,Mumbai,1826.047,1866.047,40,IMT candidate,synthetic_not_verified,synthetic_observation,0,SYNTHETIC_FOR_PIPELINE_TESTING
4041,B009,Tamil Nadu,Chennai,2309.166,2389.166,80,IMT candidate,synthetic_not_verified,synthetic_observation,0,SYNTHETIC_FOR_PIPELINE_TESTING
4042,B010,Gujarat,Ahmedabad,2505.416,2506.416,1,IMT candidate,synthetic_not_verified,synthetic_observation,0,SYNTHETIC_FOR_PIPELINE_TESTING
4043,B009,Telangana,Hyderabad,2359.763,2360.763,1,IMT candidate,synthetic_not_verified,synthetic_observation,0,SYNTHETIC_FOR_PIPELINE_TESTING
4044,B009,Maharashtra,Mumbai,2310.136,2311.136,1,IMT candidate,synthetic_not_verified,synthetic_observation,0,SYNTHETIC_FOR_PIPELINE_TESTING
4045,B018,Tamil Nadu,Chennai,39655.154,39656.154,1,IMT candidate,synthetic_not_verified,synthetic_observation,0,SYNTHETIC_FOR_PIPELINE_TESTING
4046,B017,West Bengal,Kolkata,25285.894,25325.894,40,IMT candidate,synthetic_not_verified,synthetic_observation,0,SYNTHETIC_FOR_PIPELINE_TESTING
4047,B010,Maharashtra,Mumbai,2515.513,2525.513,10,IMT candidate,synthetic_not_verified,synthetic_observation,0,SYNTHETIC_FOR_PIPELINE_TESTING
4048,B019,Telangana,Hyderabad,42628.533,42648.533,20,IMT candidate,synthetic_not_verified,synthetic_observation,1,SYNTHETIC_FOR_PIPELINE_TESTING
4049,B020,Karnataka,Bengaluru,69957.322,69967.322,10,IMT candidate,synthetic_not_verified,synthetic_observation,1,SYNTHETIC_FOR_PIPELINE_TESTING
4050,B006,Gujarat,Ahmedabad,1428.549,1433.549,5,IMT candidate,synthetic_not_verified,synthetic_observation,1,SYNTHETIC_FOR_PIPELINE_TESTING
4051,B011,Delhi,New Delhi,3323.103,3333.103,10,IMT candidate,synthetic_not_verified,synthetic_observation,0,SYNTHETIC_FOR_PIPELINE_TESTING
4052,B009,Tamil Nadu,Chennai,2339.491,2379.491,40,IMT candidate,synthetic_not_verified,synthetic_observation,0,SYNTHETIC_FOR_PIPELINE_TESTING
4053,B005,Maharashtra,Mumbai,942.0,960.0,80,IMT candidate,synthetic_not_verified,synthetic_observation,0,SYNTHETIC_FOR_PIPELINE_TESTING
4054,B004,Telangana,Hyderabad,924.224,934.224,10,IMT candidate,synthetic_not_verified,synthetic_observation,1,SYNTHETIC_FOR_PIPELINE_TESTING
4055,B022,Karnataka,Bengaluru,5155.878,5175.878,20,WAS/RLAN,synthetic_not_verified,synthetic_observation,0,SYNTHETIC_FOR_PIPELINE_TESTING
4056,B019,West Bengal,Kolkata,42843.901,42863.901,20,IMT candidate,synthetic_not_verified,synthetic_observation,0,SYNTHETIC_FOR_PIPELINE_TESTING
4057,B011,Maharashtra,Mumbai,3372.848,3392.848,20,IMT candidate,synthetic_not_verified,synthetic_observation,1,SYNTHETIC_FOR_PIPELINE_TESTING
4058,B004,Telangana,Hyderabad,890.198,900.198,10,IMT candidate,synthetic_not_verified,synthetic_observation,0,SYNTHETIC_FOR_PIPELINE_TESTING
4059,B014,Delhi,New Delhi,3644.276,3649.276,5,IMT candidate,synthetic_not_verified,synthetic_observation,0,SYNTHETIC_FOR_PIPELINE_TESTING
4060,B004,Gujarat,Ahmedabad,895.453,935.453,40,IMT candidate,synthetic_not_verified,synthetic_observation,1,SYNTHETIC_FOR_PIPELINE_TESTING
4061,B008,Gujarat,Ahmedabad,2114.471,2194.471,80,IMT candidate,synthetic_not_verified,synthetic_observation,0,SYNTHETIC_FOR_PIPELINE_TESTING
4062,B014,Maharashtra,Mumbai,3643.532,3648.532,5,IMT candidate,synthetic_not_verified,synthetic_observation,1,SYNTHETIC_FOR_PIPELINE_TESTING
4063,B012,Karnataka,Bengaluru,3410.181,3490.181,80,IMT candidate,synthetic_not_verified,synthetic_observation,0,SYNTHETIC_FOR_PIPELINE_TESTING
4064,B008,Delhi,New Delhi,2159.724,2160.724,1,IMT candidate,synthetic_not_verified,synthetic_observation,0,SYNTHETIC_FOR_PIPELINE_TESTING
4065,B022,Gujarat,Ahmedabad,5208.335,5218.335,10,WAS/RLAN,synthetic_not_verified,synthetic_observation,1,SYNTHETIC_FOR_PIPELINE_TESTING
4066,B012,Gujarat,Ahmedabad,3402.608,3407.608,5,IMT candidate,synthetic_not_verified,synthetic_observation,0,SYNTHETIC_FOR_PIPELINE_TESTING
4067,B014,Delhi,New Delhi,3615.022,3625.022,10,IMT candidate,synthetic_not_verified,synthetic_observation,1,SYNTHETIC_FOR_PIPELINE_TESTING
4068,B014,Rajasthan,Jaipur,3600.0,3670.0,80,IMT candidate,synthetic_not_verified,synthetic_observation,1,SYNTHETIC_FOR_PIPELINE_TESTING
4069,B011,Tamil Nadu,Chennai,3356.212,3357.212,1,IMT candidate,synthetic_not_verified,synthetic_observation,0,SYNTHETIC_FOR_PIPELINE_TESTING
4070,B005,Maharashtra,Mumbai,942.0,960.0,40,IMT candidate,synthetic_not_verified,synthetic_observation,0,SYNTHETIC_FOR_PIPELINE_TESTING
4071,B010,Tamil Nadu,Chennai,2665.954,2666.954,1,IMT candidate,synthetic_not_verified,synthetic_observation,1,SYNTHETIC_FOR_PIPELINE_TESTING
4072,B007,Delhi,New Delhi,1851.627,1931.627,80,IMT candidate,synthetic_not_verified,synthetic_observation,0,SYNTHETIC_FOR_PIPELINE_TESTING
4073,B009,Delhi,New Delhi,2370.573,2380.573,10,IMT candidate,synthetic_not_verified,synthetic_observation,1,SYNTHETIC_FOR_PIPELINE_TESTING
4074,B007,Gujarat,Ahmedabad,1820.428,1840.428,20,IMT candidate,synthetic_not_verified,synthetic_observation,1,SYNTHETIC_FOR_PIPELINE_TESTING
4075,B022,Telangana,Hyderabad,5151.013,5152.013,1,WAS/RLAN,synthetic_not_verified,synthetic_observation,1,SYNTHETIC_FOR_PIPELINE_TESTING
4076,B001,Delhi,New Delhi,563.932,564.932,1,IMT candidate,synthetic_not_verified,synthetic_observation,0,SYNTHETIC_FOR_PIPELINE_TESTING
4077,B025,Gujarat,Ahmedabad,5758.09,5768.09,10,WAS/RLAN,synthetic_not_verified,synthetic_observation,0,SYNTHETIC_FOR_PIPELINE_TESTING
4078,B002,Rajasthan,Jaipur,585.0,610.0,40,IMT candidate,synthetic_not_verified,synthetic_observation,0,SYNTHETIC_FOR_PIPELINE_TESTING
4079,B004,Gujarat,Ahmedabad,936.894,937.894,1,IMT candidate,synthetic_not_verified,synthetic_observation,1,SYNTHETIC_FOR_PIPELINE_TESTING
4080,B016,Karnataka,Bengaluru,7092.343,7097.343,5,IMT candidate,synthetic_not_verified,synthetic_observation,0,SYNTHETIC_FOR_PIPELINE_TESTING
4081,B023,West Bengal,Kolkata,5293.392,5298.392,5,WAS/RLAN,synthetic_not_verified,synthetic_observation,0,SYNTHETIC_FOR_PIPELINE_TESTING
4082,B003,Delhi,New Delhi,613.505,653.505,40,IMT candidate,synthetic_not_verified,synthetic_observation,0,SYNTHETIC_FOR_PIPELINE_TESTING
4083,B019,Delhi,New Delhi,42944.633,42945.633,1,IMT candidate,synthetic_not_verified,synthetic_observation,0,SYNTHETIC_FOR_PIPELINE_TESTING
4084,B005,West Bengal,Kolkata,954.501,959.501,5,IMT candidate,synthetic_not_verified,synthetic_observation,0,SYNTHETIC_FOR_PIPELINE_TESTING
4085,B014,West Bengal,Kolkata,3651.364,3652.364,1,IMT candidate,synthetic_not_verified,synthetic_observation,0,SYNTHETIC_FOR_PIPELINE_TESTING
4086,B004,Karnataka,Bengaluru,908.849,913.849,5,IMT candidate,synthetic_not_verified,synthetic_observation,0,SYNTHETIC_FOR_PIPELINE_TESTING
4087,B018,Karnataka,Bengaluru,38491.847,38531.847,40,IMT candidate,synthetic_not_verified,synthetic_observation,0,SYNTHETIC_FOR_PIPELINE_TESTING
4088,B020,West Bengal,Kolkata,67893.44,67894.44,1,IMT candidate,synthetic_not_verified,synthetic_observation,0,SYNTHETIC_FOR_PIPELINE_TESTING
4089,B006,Tamil Nadu,Chennai,1431.957,1432.957,1,IMT candidate,synthetic_not_verified,synthetic_observation,1,SYNTHETIC_FOR_PIPELINE_TESTING
4090,B001,Tamil Nadu,Chennai,489.229,494.229,5,IMT candidate,synthetic_not_verified,synthetic_observation,0,SYNTHETIC_FOR_PIPELINE_TESTING
4091,B005,Tamil Nadu,Chennai,942.0,960.0,80,IMT candidate,synthetic_not_verified,synthetic_observation,0,SYNTHETIC_FOR_PIPELINE_TESTING
4092,B001,Gujarat,Ahmedabad,522.43,562.43,40,IMT candidate,synthetic_not_verified,synthetic_observation,0,SYNTHETIC_FOR_PIPELINE_TESTING
4093,B025,Karnataka,Bengaluru,5773.971,5793.971,20,WAS/RLAN,synthetic_not_verified,synthetic_observation,1,SYNTHETIC_FOR_PIPELINE_TESTING
4094,B015,West Bengal,Kolkata,6579.029,6659.029,80,IMT candidate,synthetic_not_verified,synthetic_observation,0,SYNTHETIC_FOR_PIPELINE_TESTING
4095,B023,Delhi,New Delhi,5344.115,5349.115,5,WAS/RLAN,synthetic_not_verified,synthetic_observation,0,SYNTHETIC_FOR_PIPELINE_TESTING
4096,B005,Delhi,New Delhi,947.136,957.136,10,IMT candidate,synthetic_not_verified,synthetic_observation,0,SYNTHETIC_FOR_PIPELINE_TESTING
4097,B011,Tamil Nadu,Chennai,3347.7,3387.7,40,IMT candidate,synthetic_not_verified,synthetic_observation,0,SYNTHETIC_FOR_PIPELINE_TESTING
4098,B006,Rajasthan,Jaipur,1432.581,1512.581,80,IMT candidate,synthetic_not_verified,synthetic_observation,1,SYNTHETIC_FOR_PIPELINE_TESTING
4099,B010,Maharashtra,Mumbai,2678.855,2679.855,1,IMT candidate,synthetic_not_verified,synthetic_observation,0,SYNTHETIC_FOR_PIPELINE_TESTING
4100,B004,Telangana,Hyderabad,920.619,940.619,20,IMT candidate,synthetic_not_verified,synthetic_observation,1,SYNTHETIC_FOR_PIPELINE_TESTING
4101,B002,Telangana,Hyderabad,588.489,589.489,1,IMT candidate,synthetic_not_verified,synthetic_observation,1,SYNTHETIC_FOR_PIPELINE_TESTING
4102,B005,Delhi,New Delhi,944.672,954.672,10,IMT candidate,synthetic_not_verified,synthetic_observation,1,SYNTHETIC_FOR_PIPELINE_TESTING
4103,B017,Tamil Nadu,Chennai,27232.426,27312.426,80,IMT candidate,synthetic_not_verified,synthetic_observation,0,SYNTHETIC_FOR_PIPELINE_TESTING
4104,B004,Telangana,Hyderabad,896.936,901.936,5,IMT candidate,synthetic_not_verified,synthetic_observation,0,SYNTHETIC_FOR_PIPELINE_TESTING
4105,B015,Telangana,Hyderabad,6502.49,6512.49,10,IMT candidate,synthetic_not_verified,synthetic_observation,0,SYNTHETIC_FOR_PIPELINE_TESTING
4106,B004,Telangana,Hyderabad,920.049,940.049,20,IMT candidate,synthetic_not_verified,synthetic_observation,0,SYNTHETIC_FOR_PIPELINE_TESTING
4107,B006,Delhi,New Delhi,1480.566,1485.566,5,IMT candidate,synthetic_not_verified,synthetic_observation,0,SYNTHETIC_FOR_PIPELINE_TESTING
4108,B001,West Bengal,Kolkata,518.891,519.891,1,IMT candidate,synthetic_not_verified,synthetic_observation,1,SYNTHETIC_FOR_PIPELINE_TESTING
4109,B025,Telangana,Hyderabad,5752.498,5792.498,40,WAS/RLAN,synthetic_not_verified,synthetic_observation,0,SYNTHETIC_FOR_PIPELINE_TESTING
4110,B024,Karnataka,Bengaluru,5603.31,5643.31,40,WAS/RLAN,synthetic_not_verified,synthetic_observation,0,SYNTHETIC_FOR_PIPELINE_TESTING
4111,B018,Maharashtra,Mumbai,39779.849,39799.849,20,IMT candidate,synthetic_not_verified,synthetic_observation,0,SYNTHETIC_FOR_PIPELINE_TESTING
4112,B003,Karnataka,Bengaluru,832.729,842.729,10,IMT candidate,synthetic_not_verified,synthetic_observation,0,SYNTHETIC_FOR_PIPELINE_TESTING
4113,B025,Gujarat,Ahmedabad,5790.092,5800.092,10,WAS/RLAN,synthetic_not_verified,synthetic_observation,0,SYNTHETIC_FOR_PIPELINE_TESTING
4114,B015,Tamil Nadu,Chennai,6968.129,6978.129,10,IMT candidate,synthetic_not_verified,synthetic_observation,0,SYNTHETIC_FOR_PIPELINE_TESTING
4115,B010,Karnataka,Bengaluru,2685.917,2686.917,1,IMT candidate,synthetic_not_verified,synthetic_observation,0,SYNTHETIC_FOR_PIPELINE_TESTING
4116,B019,Rajasthan,Jaipur,43425.019,43426.019,1,IMT candidate,synthetic_not_verified,synthetic_observation,0,SYNTHETIC_FOR_PIPELINE_TESTING
4117,B001,Delhi,New Delhi,524.343,534.343,10,IMT candidate,synthetic_not_verified,synthetic_observation,0,SYNTHETIC_FOR_PIPELINE_TESTING
4118,B014,Telangana,Hyderabad,3600.0,3670.0,80,IMT candidate,synthetic_not_verified,synthetic_observation,0,SYNTHETIC_FOR_PIPELINE_TESTING
4119,B015,Rajasthan,Jaipur,6751.506,6791.506,40,IMT candidate,synthetic_not_verified,synthetic_observation,1,SYNTHETIC_FOR_PIPELINE_TESTING
4120,B017,Maharashtra,Mumbai,25140.871,25220.871,80,IMT candidate,synthetic_not_verified,synthetic_observation,1,SYNTHETIC_FOR_PIPELINE_TESTING
4121,B010,West Bengal,Kolkata,2649.065,2689.065,40,IMT candidate,synthetic_not_verified,synthetic_observation,1,SYNTHETIC_FOR_PIPELINE_TESTING
4122,B015,Delhi,New Delhi,6996.302,7016.302,20,IMT candidate,synthetic_not_verified,synthetic_observation,1,SYNTHETIC_FOR_PIPELINE_TESTING
4123,B025,West Bengal,Kolkata,5731.28,5736.28,5,WAS/RLAN,synthetic_not_verified,synthetic_observation,1,SYNTHETIC_FOR_PIPELINE_TESTING
4124,B020,West Bengal,Kolkata,69808.578,69818.578,10,IMT candidate,synthetic_not_verified,synthetic_observation,1,SYNTHETIC_FOR_PIPELINE_TESTING
4125,B011,Gujarat,Ahmedabad,3348.913,3349.913,1,IMT candidate,synthetic_not_verified,synthetic_observation,1,SYNTHETIC_FOR_PIPELINE_TESTING
4126,B020,Telangana,Hyderabad,67334.812,67339.812,5,IMT candidate,synthetic_not_verified,synthetic_observation,0,SYNTHETIC_FOR_PIPELINE_TESTING
4127,B013,Telangana,Hyderabad,3504.317,3544.317,40,IMT candidate,synthetic_not_verified,synthetic_observation,1,SYNTHETIC_FOR_PIPELINE_TESTING
4128,B020,West Bengal,Kolkata,66251.524,66291.524,40,IMT candidate,synthetic_not_verified,synthetic_observation,0,SYNTHETIC_FOR_PIPELINE_TESTING
4129,B008,Tamil Nadu,Chennai,2180.477,2185.477,5,IMT candidate,synthetic_not_verified,synthetic_observation,0,SYNTHETIC_FOR_PIPELINE_TESTING
4130,B004,Maharashtra,Mumbai,922.039,923.039,1,IMT candidate,synthetic_not_verified,synthetic_observation,0,SYNTHETIC_FOR_PIPELINE_TESTING
4131,B021,Gujarat,Ahmedabad,2402.878,2482.878,80,Low Power / RLAN,synthetic_not_verified,synthetic_observation,0,SYNTHETIC_FOR_PIPELINE_TESTING
4132,B008,Karnataka,Bengaluru,2128.511,2138.511,10,IMT candidate,synthetic_not_verified,synthetic_observation,1,SYNTHETIC_FOR_PIPELINE_TESTING
4133,B006,West Bengal,Kolkata,1485.224,1505.224,20,IMT candidate,synthetic_not_verified,synthetic_observation,1,SYNTHETIC_FOR_PIPELINE_TESTING
4134,B011,Rajasthan,Jaipur,3362.631,3382.631,20,IMT candidate,synthetic_not_verified,synthetic_observation,0,SYNTHETIC_FOR_PIPELINE_TESTING
4135,B008,West Bengal,Kolkata,2112.402,2192.402,80,IMT candidate,synthetic_not_verified,synthetic_observation,1,SYNTHETIC_FOR_PIPELINE_TESTING
4136,B016,Karnataka,Bengaluru,7059.124,7064.124,5,IMT candidate,synthetic_not_verified,synthetic_observation,1,SYNTHETIC_FOR_PIPELINE_TESTING
4137,B015,Delhi,New Delhi,6478.163,6479.163,1,IMT candidate,synthetic_not_verified,synthetic_observation,0,SYNTHETIC_FOR_PIPELINE_TESTING
4138,B010,Karnataka,Bengaluru,2626.342,2636.342,10,IMT candidate,synthetic_not_verified,synthetic_observation,0,SYNTHETIC_FOR_PIPELINE_TESTING
4139,B010,Tamil Nadu,Chennai,2685.415,2686.415,1,IMT candidate,synthetic_not_verified,synthetic_observation,0,SYNTHETIC_FOR_PIPELINE_TESTING
4140,B010,West Bengal,Kolkata,2501.688,2511.688,10,IMT candidate,synthetic_not_verified,synthetic_observation,0,SYNTHETIC_FOR_PIPELINE_TESTING
4141,B022,Rajasthan,Jaipur,5229.596,5234.596,5,WAS/RLAN,synthetic_not_verified,synthetic_observation,1,SYNTHETIC_FOR_PIPELINE_TESTING
4142,B007,Tamil Nadu,Chennai,1808.131,1828.131,20,IMT candidate,synthetic_not_verified,synthetic_observation,1,SYNTHETIC_FOR_PIPELINE_TESTING
4143,B018,Delhi,New Delhi,39927.542,39967.542,40,IMT candidate,synthetic_not_verified,synthetic_observation,0,SYNTHETIC_FOR_PIPELINE_TESTING
4144,B024,Karnataka,Bengaluru,5484.018,5504.018,20,WAS/RLAN,synthetic_not_verified,synthetic_observation,1,SYNTHETIC_FOR_PIPELINE_TESTING
4145,B016,Karnataka,Bengaluru,7088.924,7108.924,20,IMT candidate,synthetic_not_verified,synthetic_observation,0,SYNTHETIC_FOR_PIPELINE_TESTING
4146,B014,Maharashtra,Mumbai,3600.0,3670.0,80,IMT candidate,synthetic_not_verified,synthetic_observation,0,SYNTHETIC_FOR_PIPELINE_TESTING
4147,B016,Delhi,New Delhi,7089.789,7099.789,10,IMT candidate,synthetic_not_verified,synthetic_observation,0,SYNTHETIC_FOR_PIPELINE_TESTING
4148,B003,Gujarat,Ahmedabad,708.086,709.086,1,IMT candidate,synthetic_not_verified,synthetic_observation,0,SYNTHETIC_FOR_PIPELINE_TESTING
4149,B018,Maharashtra,Mumbai,39785.941,39786.941,1,IMT candidate,synthetic_not_verified,synthetic_observation,0,SYNTHETIC_FOR_PIPELINE_TESTING
4150,B010,Karnataka,Bengaluru,2588.63,2608.63,20,IMT candidate,synthetic_not_verified,synthetic_observation,0,SYNTHETIC_FOR_PIPELINE_TESTING
4151,B019,Tamil Nadu,Chennai,42537.714,42577.714,40,IMT candidate,synthetic_not_verified,synthetic_observation,0,SYNTHETIC_FOR_PIPELINE_TESTING
4152,B009,Gujarat,Ahmedabad,2367.071,2377.071,10,IMT candidate,synthetic_not_verified,synthetic_observation,0,SYNTHETIC_FOR_PIPELINE_TESTING
4153,B007,Maharashtra,Mumbai,1960.158,2000.158,40,IMT candidate,synthetic_not_verified,synthetic_observation,0,SYNTHETIC_FOR_PIPELINE_TESTING
4154,B025,Tamil Nadu,Chennai,5862.876,5867.876,5,WAS/RLAN,synthetic_not_verified,synthetic_observation,0,SYNTHETIC_FOR_PIPELINE_TESTING
4155,B015,Tamil Nadu,Chennai,6500.289,6510.289,10,IMT candidate,synthetic_not_verified,synthetic_observation,0,SYNTHETIC_FOR_PIPELINE_TESTING
4156,B017,West Bengal,Kolkata,25908.609,25918.609,10,IMT candidate,synthetic_not_verified,synthetic_observation,1,SYNTHETIC_FOR_PIPELINE_TESTING
4157,B015,Tamil Nadu,Chennai,6704.788,6784.788,80,IMT candidate,synthetic_not_verified,synthetic_observation,0,SYNTHETIC_FOR_PIPELINE_TESTING
4158,B009,Karnataka,Bengaluru,2303.578,2343.578,40,IMT candidate,synthetic_not_verified,synthetic_observation,0,SYNTHETIC_FOR_PIPELINE_TESTING
4159,B006,Gujarat,Ahmedabad,1436.34,1516.34,80,IMT candidate,synthetic_not_verified,synthetic_observation,1,SYNTHETIC_FOR_PIPELINE_TESTING
4160,B017,Delhi,New Delhi,25822.134,25823.134,1,IMT candidate,synthetic_not_verified,synthetic_observation,0,SYNTHETIC_FOR_PIPELINE_TESTING
4161,B017,Karnataka,Bengaluru,27078.678,27088.678,10,IMT candidate,synthetic_not_verified,synthetic_observation,1,SYNTHETIC_FOR_PIPELINE_TESTING
4162,B017,Karnataka,Bengaluru,24632.073,24642.073,10,IMT candidate,synthetic_not_verified,synthetic_observation,0,SYNTHETIC_FOR_PIPELINE_TESTING
4163,B007,Tamil Nadu,Chennai,1760.617,1780.617,20,IMT candidate,synthetic_not_verified,synthetic_observation,0,SYNTHETIC_FOR_PIPELINE_TESTING
4164,B008,West Bengal,Kolkata,2196.516,2197.516,1,IMT candidate,synthetic_not_verified,synthetic_observation,0,SYNTHETIC_FOR_PIPELINE_TESTING
4165,B016,Telangana,Hyderabad,7056.352,7096.352,40,IMT candidate,synthetic_not_verified,synthetic_observation,1,SYNTHETIC_FOR_PIPELINE_TESTING
4166,B020,Karnataka,Bengaluru,66989.483,67069.483,80,IMT candidate,synthetic_not_verified,synthetic_observation,0,SYNTHETIC_FOR_PIPELINE_TESTING
4167,B003,Rajasthan,Jaipur,614.255,634.255,20,IMT candidate,synthetic_not_verified,synthetic_observation,0,SYNTHETIC_FOR_PIPELINE_TESTING
4168,B005,Karnataka,Bengaluru,948.624,953.624,5,IMT candidate,synthetic_not_verified,synthetic_observation,0,SYNTHETIC_FOR_PIPELINE_TESTING
4169,B006,West Bengal,Kolkata,1469.495,1509.495,40,IMT candidate,synthetic_not_verified,synthetic_observation,1,SYNTHETIC_FOR_PIPELINE_TESTING
4170,B005,West Bengal,Kolkata,946.474,951.474,5,IMT candidate,synthetic_not_verified,synthetic_observation,1,SYNTHETIC_FOR_PIPELINE_TESTING
4171,B015,Gujarat,Ahmedabad,6531.131,6541.131,10,IMT candidate,synthetic_not_verified,synthetic_observation,0,SYNTHETIC_FOR_PIPELINE_TESTING
4172,B017,West Bengal,Kolkata,27384.108,27464.108,80,IMT candidate,synthetic_not_verified,synthetic_observation,1,SYNTHETIC_FOR_PIPELINE_TESTING
4173,B024,Telangana,Hyderabad,5519.112,5520.112,1,WAS/RLAN,synthetic_not_verified,synthetic_observation,0,SYNTHETIC_FOR_PIPELINE_TESTING
4174,B021,Maharashtra,Mumbai,2433.744,2473.744,40,Low Power / RLAN,synthetic_not_verified,synthetic_observation,0,SYNTHETIC_FOR_PIPELINE_TESTING
4175,B024,Maharashtra,Mumbai,5497.779,5517.779,20,WAS/RLAN,synthetic_not_verified,synthetic_observation,0,SYNTHETIC_FOR_PIPELINE_TESTING
4176,B020,Telangana,Hyderabad,66728.404,66808.404,80,IMT candidate,synthetic_not_verified,synthetic_observation,0,SYNTHETIC_FOR_PIPELINE_TESTING
4177,B008,Rajasthan,Jaipur,2113.565,2193.565,80,IMT candidate,synthetic_not_verified,synthetic_observation,0,SYNTHETIC_FOR_PIPELINE_TESTING
4178,B016,Karnataka,Bengaluru,7071.823,7111.823,40,IMT candidate,synthetic_not_verified,synthetic_observation,0,SYNTHETIC_FOR_PIPELINE_TESTING
4179,B016,Rajasthan,Jaipur,7027.096,7067.096,40,IMT candidate,synthetic_not_verified,synthetic_observation,0,SYNTHETIC_FOR_PIPELINE_TESTING
4180,B015,West Bengal,Kolkata,6480.027,6485.027,5,IMT candidate,synthetic_not_verified,synthetic_observation,1,SYNTHETIC_FOR_PIPELINE_TESTING
4181,B008,Gujarat,Ahmedabad,2131.121,2132.121,1,IMT candidate,synthetic_not_verified,synthetic_observation,1,SYNTHETIC_FOR_PIPELINE_TESTING
4182,B001,Delhi,New Delhi,473.477,483.477,10,IMT candidate,synthetic_not_verified,synthetic_observation,0,SYNTHETIC_FOR_PIPELINE_TESTING
4183,B024,Delhi,New Delhi,5471.435,5511.435,40,WAS/RLAN,synthetic_not_verified,synthetic_observation,0,SYNTHETIC_FOR_PIPELINE_TESTING
4184,B017,Karnataka,Bengaluru,25593.775,25613.775,20,IMT candidate,synthetic_not_verified,synthetic_observation,1,SYNTHETIC_FOR_PIPELINE_TESTING
4185,B007,Delhi,New Delhi,1732.601,1733.601,1,IMT candidate,synthetic_not_verified,synthetic_observation,0,SYNTHETIC_FOR_PIPELINE_TESTING
4186,B010,Gujarat,Ahmedabad,2505.448,2545.448,40,IMT candidate,synthetic_not_verified,synthetic_observation,1,SYNTHETIC_FOR_PIPELINE_TESTING
4187,B011,Karnataka,Bengaluru,3320.306,3360.306,40,IMT candidate,synthetic_not_verified,synthetic_observation,0,SYNTHETIC_FOR_PIPELINE_TESTING
4188,B021,Delhi,New Delhi,2412.17,2432.17,20,Low Power / RLAN,synthetic_not_verified,synthetic_observation,0,SYNTHETIC_FOR_PIPELINE_TESTING
4189,B012,Maharashtra,Mumbai,3401.828,3421.828,20,IMT candidate,synthetic_not_verified,synthetic_observation,0,SYNTHETIC_FOR_PIPELINE_TESTING
4190,B013,Gujarat,Ahmedabad,3518.887,3598.887,80,IMT candidate,synthetic_not_verified,synthetic_observation,1,SYNTHETIC_FOR_PIPELINE_TESTING
4191,B022,Gujarat,Ahmedabad,5173.293,5213.293,40,WAS/RLAN,synthetic_not_verified,synthetic_observation,1,SYNTHETIC_FOR_PIPELINE_TESTING
4192,B008,Delhi,New Delhi,2166.774,2171.774,5,IMT candidate,synthetic_not_verified,synthetic_observation,1,SYNTHETIC_FOR_PIPELINE_TESTING
4193,B021,Rajasthan,Jaipur,2405.697,2410.697,5,Low Power / RLAN,synthetic_not_verified,synthetic_observation,0,SYNTHETIC_FOR_PIPELINE_TESTING
4194,B022,Rajasthan,Jaipur,5164.164,5244.164,80,WAS/RLAN,synthetic_not_verified,synthetic_observation,0,SYNTHETIC_FOR_PIPELINE_TESTING
4195,B013,Telangana,Hyderabad,3517.786,3597.786,80,IMT candidate,synthetic_not_verified,synthetic_observation,0,SYNTHETIC_FOR_PIPELINE_TESTING
4196,B014,Gujarat,Ahmedabad,3654.151,3655.151,1,IMT candidate,synthetic_not_verified,synthetic_observation,1,SYNTHETIC_FOR_PIPELINE_TESTING
4197,B008,Telangana,Hyderabad,2155.538,2175.538,20,IMT candidate,synthetic_not_verified,synthetic_observation,1,SYNTHETIC_FOR_PIPELINE_TESTING
4198,B014,Maharashtra,Mumbai,3622.606,3627.606,5,IMT candidate,synthetic_not_verified,synthetic_observation,0,SYNTHETIC_FOR_PIPELINE_TESTING
4199,B007,Rajasthan,Jaipur,1846.784,1886.784,40,IMT candidate,synthetic_not_verified,synthetic_observation,1,SYNTHETIC_FOR_PIPELINE_TESTING
4200,B008,Maharashtra,Mumbai,2154.268,2174.268,20,IMT candidate,synthetic_not_verified,synthetic_observation,0,SYNTHETIC_FOR_PIPELINE_TESTING
4201,B018,Gujarat,Ahmedabad,38170.932,38171.932,1,IMT candidate,synthetic_not_verified,synthetic_observation,0,SYNTHETIC_FOR_PIPELINE_TESTING
4202,B003,Rajasthan,Jaipur,793.83,813.83,20,IMT candidate,synthetic_not_verified,synthetic_observation,1,SYNTHETIC_FOR_PIPELINE_TESTING
4203,B024,Rajasthan,Jaipur,5550.018,5551.018,1,WAS/RLAN,synthetic_not_verified,synthetic_observation,1,SYNTHETIC_FOR_PIPELINE_TESTING
4204,B020,Tamil Nadu,Chennai,70200.528,70201.528,1,IMT candidate,synthetic_not_verified,synthetic_observation,0,SYNTHETIC_FOR_PIPELINE_TESTING
4205,B025,West Bengal,Kolkata,5825.684,5865.684,40,WAS/RLAN,synthetic_not_verified,synthetic_observation,0,SYNTHETIC_FOR_PIPELINE_TESTING
4206,B020,Delhi,New Delhi,68924.474,69004.474,80,IMT candidate,synthetic_not_verified,synthetic_observation,0,SYNTHETIC_FOR_PIPELINE_TESTING
4207,B008,Maharashtra,Mumbai,2114.049,2115.049,1,IMT candidate,synthetic_not_verified,synthetic_observation,0,SYNTHETIC_FOR_PIPELINE_TESTING
4208,B024,Delhi,New Delhi,5690.729,5710.729,20,WAS/RLAN,synthetic_not_verified,synthetic_observation,1,SYNTHETIC_FOR_PIPELINE_TESTING
4209,B020,Karnataka,Bengaluru,69840.225,69845.225,5,IMT candidate,synthetic_not_verified,synthetic_observation,0,SYNTHETIC_FOR_PIPELINE_TESTING
4210,B023,Gujarat,Ahmedabad,5259.312,5339.312,80,WAS/RLAN,synthetic_not_verified,synthetic_observation,0,SYNTHETIC_FOR_PIPELINE_TESTING
4211,B008,Telangana,Hyderabad,2139.36,2159.36,20,IMT candidate,synthetic_not_verified,synthetic_observation,1,SYNTHETIC_FOR_PIPELINE_TESTING
4212,B009,Maharashtra,Mumbai,2320.413,2325.413,5,IMT candidate,synthetic_not_verified,synthetic_observation,0,SYNTHETIC_FOR_PIPELINE_TESTING
4213,B015,Karnataka,Bengaluru,6795.797,6835.797,40,IMT candidate,synthetic_not_verified,synthetic_observation,1,SYNTHETIC_FOR_PIPELINE_TESTING
4214,B006,Delhi,New Delhi,1443.668,1463.668,20,IMT candidate,synthetic_not_verified,synthetic_observation,0,SYNTHETIC_FOR_PIPELINE_TESTING
4215,B018,Rajasthan,Jaipur,39706.789,39786.789,80,IMT candidate,synthetic_not_verified,synthetic_observation,0,SYNTHETIC_FOR_PIPELINE_TESTING
4216,B018,Delhi,New Delhi,38504.507,38544.507,40,IMT candidate,synthetic_not_verified,synthetic_observation,0,SYNTHETIC_FOR_PIPELINE_TESTING
4217,B007,Karnataka,Bengaluru,1824.549,1834.549,10,IMT candidate,synthetic_not_verified,synthetic_observation,1,SYNTHETIC_FOR_PIPELINE_TESTING
4218,B015,Gujarat,Ahmedabad,6939.878,6979.878,40,IMT candidate,synthetic_not_verified,synthetic_observation,1,SYNTHETIC_FOR_PIPELINE_TESTING
4219,B008,Delhi,New Delhi,2112.125,2132.125,20,IMT candidate,synthetic_not_verified,synthetic_observation,1,SYNTHETIC_FOR_PIPELINE_TESTING
4220,B012,Delhi,New Delhi,3453.529,3473.529,20,IMT candidate,synthetic_not_verified,synthetic_observation,1,SYNTHETIC_FOR_PIPELINE_TESTING
4221,B004,Karnataka,Bengaluru,890.0,942.0,80,IMT candidate,synthetic_not_verified,synthetic_observation,0,SYNTHETIC_FOR_PIPELINE_TESTING
4222,B012,West Bengal,Kolkata,3404.995,3484.995,80,IMT candidate,synthetic_not_verified,synthetic_observation,0,SYNTHETIC_FOR_PIPELINE_TESTING
4223,B015,Karnataka,Bengaluru,6978.558,6983.558,5,IMT candidate,synthetic_not_verified,synthetic_observation,0,SYNTHETIC_FOR_PIPELINE_TESTING
4224,B014,Gujarat,Ahmedabad,3631.844,3651.844,20,IMT candidate,synthetic_not_verified,synthetic_observation,1,SYNTHETIC_FOR_PIPELINE_TESTING
4225,B014,Telangana,Hyderabad,3612.435,3632.435,20,IMT candidate,synthetic_not_verified,synthetic_observation,1,SYNTHETIC_FOR_PIPELINE_TESTING
4226,B012,West Bengal,Kolkata,3402.198,3403.198,1,IMT candidate,synthetic_not_verified,synthetic_observation,0,SYNTHETIC_FOR_PIPELINE_TESTING
4227,B017,Maharashtra,Mumbai,24797.653,24817.653,20,IMT candidate,synthetic_not_verified,synthetic_observation,1,SYNTHETIC_FOR_PIPELINE_TESTING
4228,B006,Delhi,New Delhi,1430.562,1510.562,80,IMT candidate,synthetic_not_verified,synthetic_observation,1,SYNTHETIC_FOR_PIPELINE_TESTING
4229,B012,Rajasthan,Jaipur,3438.699,3443.699,5,IMT candidate,synthetic_not_verified,synthetic_observation,0,SYNTHETIC_FOR_PIPELINE_TESTING
4230,B003,Karnataka,Bengaluru,611.628,651.628,40,IMT candidate,synthetic_not_verified,synthetic_observation,0,SYNTHETIC_FOR_PIPELINE_TESTING
4231,B020,Karnataka,Bengaluru,70453.526,70454.526,1,IMT candidate,synthetic_not_verified,synthetic_observation,0,SYNTHETIC_FOR_PIPELINE_TESTING
4232,B003,Gujarat,Ahmedabad,781.562,821.562,40,IMT candidate,synthetic_not_verified,synthetic_observation,1,SYNTHETIC_FOR_PIPELINE_TESTING
4233,B019,West Bengal,Kolkata,43254.767,43334.767,80,IMT candidate,synthetic_not_verified,synthetic_observation,0,SYNTHETIC_FOR_PIPELINE_TESTING
4234,B013,Maharashtra,Mumbai,3504.091,3514.091,10,IMT candidate,synthetic_not_verified,synthetic_observation,0,SYNTHETIC_FOR_PIPELINE_TESTING
4235,B019,West Bengal,Kolkata,42610.075,42690.075,80,IMT candidate,synthetic_not_verified,synthetic_observation,0,SYNTHETIC_FOR_PIPELINE_TESTING
4236,B001,Telangana,Hyderabad,534.608,574.608,40,IMT candidate,synthetic_not_verified,synthetic_observation,1,SYNTHETIC_FOR_PIPELINE_TESTING
4237,B010,Gujarat,Ahmedabad,2593.364,2598.364,5,IMT candidate,synthetic_not_verified,synthetic_observation,0,SYNTHETIC_FOR_PIPELINE_TESTING
4238,B009,Rajasthan,Jaipur,2361.199,2371.199,10,IMT candidate,synthetic_not_verified,synthetic_observation,0,SYNTHETIC_FOR_PIPELINE_TESTING
4239,B019,Delhi,New Delhi,42743.74,42753.74,10,IMT candidate,synthetic_not_verified,synthetic_observation,0,SYNTHETIC_FOR_PIPELINE_TESTING
4240,B008,Karnataka,Bengaluru,2159.556,2160.556,1,IMT candidate,synthetic_not_verified,synthetic_observation,1,SYNTHETIC_FOR_PIPELINE_TESTING
4241,B015,Maharashtra,Mumbai,6670.562,6690.562,20,IMT candidate,synthetic_not_verified,synthetic_observation,1,SYNTHETIC_FOR_PIPELINE_TESTING
4242,B005,Rajasthan,Jaipur,942.0,960.0,80,IMT candidate,synthetic_not_verified,synthetic_observation,1,SYNTHETIC_FOR_PIPELINE_TESTING
4243,B021,Gujarat,Ahmedabad,2401.244,2411.244,10,Low Power / RLAN,synthetic_not_verified,synthetic_observation,0,SYNTHETIC_FOR_PIPELINE_TESTING
4244,B019,West Bengal,Kolkata,43129.924,43134.924,5,IMT candidate,synthetic_not_verified,synthetic_observation,0,SYNTHETIC_FOR_PIPELINE_TESTING
4245,B010,Delhi,New Delhi,2511.45,2516.45,5,IMT candidate,synthetic_not_verified,synthetic_observation,1,SYNTHETIC_FOR_PIPELINE_TESTING
4246,B001,Telangana,Hyderabad,550.113,570.113,20,IMT candidate,synthetic_not_verified,synthetic_observation,0,SYNTHETIC_FOR_PIPELINE_TESTING
4247,B012,Rajasthan,Jaipur,3423.784,3428.784,5,IMT candidate,synthetic_not_verified,synthetic_observation,0,SYNTHETIC_FOR_PIPELINE_TESTING
4248,B016,West Bengal,Kolkata,7030.933,7040.933,10,IMT candidate,synthetic_not_verified,synthetic_observation,0,SYNTHETIC_FOR_PIPELINE_TESTING
4249,B001,West Bengal,Kolkata,564.298,565.298,1,IMT candidate,synthetic_not_verified,synthetic_observation,1,SYNTHETIC_FOR_PIPELINE_TESTING
4250,B015,Delhi,New Delhi,6817.857,6857.857,40,IMT candidate,synthetic_not_verified,synthetic_observation,0,SYNTHETIC_FOR_PIPELINE_TESTING
4251,B002,Rajasthan,Jaipur,585.0,610.0,40,IMT candidate,synthetic_not_verified,synthetic_observation,0,SYNTHETIC_FOR_PIPELINE_TESTING
4252,B025,Karnataka,Bengaluru,5840.917,5850.917,10,WAS/RLAN,synthetic_not_verified,synthetic_observation,0,SYNTHETIC_FOR_PIPELINE_TESTING
4253,B024,Rajasthan,Jaipur,5590.112,5670.112,80,WAS/RLAN,synthetic_not_verified,synthetic_observation,1,SYNTHETIC_FOR_PIPELINE_TESTING
4254,B010,Karnataka,Bengaluru,2664.214,2684.214,20,IMT candidate,synthetic_not_verified,synthetic_observation,1,SYNTHETIC_FOR_PIPELINE_TESTING
4255,B001,Karnataka,Bengaluru,561.993,571.993,10,IMT candidate,synthetic_not_verified,synthetic_observation,0,SYNTHETIC_FOR_PIPELINE_TESTING
4256,B023,Delhi,New Delhi,5262.138,5342.138,80,WAS/RLAN,synthetic_not_verified,synthetic_observation,0,SYNTHETIC_FOR_PIPELINE_TESTING
4257,B013,Gujarat,Ahmedabad,3516.554,3521.554,5,IMT candidate,synthetic_not_verified,synthetic_observation,0,SYNTHETIC_FOR_PIPELINE_TESTING
4258,B017,Telangana,Hyderabad,25268.849,25288.849,20,IMT candidate,synthetic_not_verified,synthetic_observation,0,SYNTHETIC_FOR_PIPELINE_TESTING
4259,B021,Karnataka,Bengaluru,2401.114,2481.114,80,Low Power / RLAN,synthetic_not_verified,synthetic_observation,0,SYNTHETIC_FOR_PIPELINE_TESTING
4260,B009,Maharashtra,Mumbai,2329.234,2369.234,40,IMT candidate,synthetic_not_verified,synthetic_observation,1,SYNTHETIC_FOR_PIPELINE_TESTING
4261,B023,Maharashtra,Mumbai,5260.81,5340.81,80,WAS/RLAN,synthetic_not_verified,synthetic_observation,0,SYNTHETIC_FOR_PIPELINE_TESTING
4262,B008,Telangana,Hyderabad,2117.256,2197.256,80,IMT candidate,synthetic_not_verified,synthetic_observation,0,SYNTHETIC_FOR_PIPELINE_TESTING
4263,B016,Gujarat,Ahmedabad,7035.065,7040.065,5,IMT candidate,synthetic_not_verified,synthetic_observation,0,SYNTHETIC_FOR_PIPELINE_TESTING
4264,B015,Gujarat,Ahmedabad,6615.248,6625.248,10,IMT candidate,synthetic_not_verified,synthetic_observation,1,SYNTHETIC_FOR_PIPELINE_TESTING
4265,B003,Karnataka,Bengaluru,835.266,875.266,40,IMT candidate,synthetic_not_verified,synthetic_observation,1,SYNTHETIC_FOR_PIPELINE_TESTING
4266,B007,Tamil Nadu,Chennai,1925.038,1930.038,5,IMT candidate,synthetic_not_verified,synthetic_observation,0,SYNTHETIC_FOR_PIPELINE_TESTING
4267,B010,Tamil Nadu,Chennai,2505.767,2585.767,80,IMT candidate,synthetic_not_verified,synthetic_observation,0,SYNTHETIC_FOR_PIPELINE_TESTING
4268,B013,Rajasthan,Jaipur,3519.691,3559.691,40,IMT candidate,synthetic_not_verified,synthetic_observation,1,SYNTHETIC_FOR_PIPELINE_TESTING
4269,B025,Maharashtra,Mumbai,5850.629,5851.629,1,WAS/RLAN,synthetic_not_verified,synthetic_observation,1,SYNTHETIC_FOR_PIPELINE_TESTING
4270,B019,Maharashtra,Mumbai,42616.279,42621.279,5,IMT candidate,synthetic_not_verified,synthetic_observation,0,SYNTHETIC_FOR_PIPELINE_TESTING
4271,B025,West Bengal,Kolkata,5746.024,5766.024,20,WAS/RLAN,synthetic_not_verified,synthetic_observation,0,SYNTHETIC_FOR_PIPELINE_TESTING
4272,B020,Telangana,Hyderabad,67792.914,67797.914,5,IMT candidate,synthetic_not_verified,synthetic_observation,0,SYNTHETIC_FOR_PIPELINE_TESTING
4273,B006,Gujarat,Ahmedabad,1516.017,1517.017,1,IMT candidate,synthetic_not_verified,synthetic_observation,1,SYNTHETIC_FOR_PIPELINE_TESTING
4274,B004,Rajasthan,Jaipur,914.907,934.907,20,IMT candidate,synthetic_not_verified,synthetic_observation,0,SYNTHETIC_FOR_PIPELINE_TESTING
4275,B001,Telangana,Hyderabad,470.664,475.664,5,IMT candidate,synthetic_not_verified,synthetic_observation,0,SYNTHETIC_FOR_PIPELINE_TESTING
4276,B011,Delhi,New Delhi,3363.991,3368.991,5,IMT candidate,synthetic_not_verified,synthetic_observation,0,SYNTHETIC_FOR_PIPELINE_TESTING
4277,B018,Tamil Nadu,Chennai,38796.319,38876.319,80,IMT candidate,synthetic_not_verified,synthetic_observation,1,SYNTHETIC_FOR_PIPELINE_TESTING
4278,B009,Karnataka,Bengaluru,2331.564,2371.564,40,IMT candidate,synthetic_not_verified,synthetic_observation,1,SYNTHETIC_FOR_PIPELINE_TESTING
4279,B011,Delhi,New Delhi,3377.691,3382.691,5,IMT candidate,synthetic_not_verified,synthetic_observation,0,SYNTHETIC_FOR_PIPELINE_TESTING
4280,B008,Karnataka,Bengaluru,2111.784,2151.784,40,IMT candidate,synthetic_not_verified,synthetic_observation,1,SYNTHETIC_FOR_PIPELINE_TESTING
4281,B025,Tamil Nadu,Chennai,5727.451,5767.451,40,WAS/RLAN,synthetic_not_verified,synthetic_observation,0,SYNTHETIC_FOR_PIPELINE_TESTING
4282,B011,Gujarat,Ahmedabad,3335.458,3340.458,5,IMT candidate,synthetic_not_verified,synthetic_observation,0,SYNTHETIC_FOR_PIPELINE_TESTING
4283,B006,West Bengal,Kolkata,1494.584,1499.584,5,IMT candidate,synthetic_not_verified,synthetic_observation,0,SYNTHETIC_FOR_PIPELINE_TESTING
4284,B007,West Bengal,Kolkata,1741.887,1746.887,5,IMT candidate,synthetic_not_verified,synthetic_observation,0,SYNTHETIC_FOR_PIPELINE_TESTING
4285,B004,Maharashtra,Mumbai,893.437,913.437,20,IMT candidate,synthetic_not_verified,synthetic_observation,0,SYNTHETIC_FOR_PIPELINE_TESTING
4286,B013,Tamil Nadu,Chennai,3515.007,3520.007,5,IMT candidate,synthetic_not_verified,synthetic_observation,0,SYNTHETIC_FOR_PIPELINE_TESTING
4287,B006,Tamil Nadu,Chennai,1429.392,1509.392,80,IMT candidate,synthetic_not_verified,synthetic_observation,0,SYNTHETIC_FOR_PIPELINE_TESTING
4288,B017,Tamil Nadu,Chennai,26107.814,26108.814,1,IMT candidate,synthetic_not_verified,synthetic_observation,0,SYNTHETIC_FOR_PIPELINE_TESTING
4289,B012,Rajasthan,Jaipur,3426.816,3431.816,5,IMT candidate,synthetic_not_verified,synthetic_observation,0,SYNTHETIC_FOR_PIPELINE_TESTING
4290,B010,Delhi,New Delhi,2501.804,2511.804,10,IMT candidate,synthetic_not_verified,synthetic_observation,0,SYNTHETIC_FOR_PIPELINE_TESTING
4291,B007,West Bengal,Kolkata,1779.362,1819.362,40,IMT candidate,synthetic_not_verified,synthetic_observation,1,SYNTHETIC_FOR_PIPELINE_TESTING
4292,B006,Delhi,New Delhi,1432.382,1512.382,80,IMT candidate,synthetic_not_verified,synthetic_observation,0,SYNTHETIC_FOR_PIPELINE_TESTING
4293,B003,Telangana,Hyderabad,807.362,808.362,1,IMT candidate,synthetic_not_verified,synthetic_observation,0,SYNTHETIC_FOR_PIPELINE_TESTING
4294,B010,Tamil Nadu,Chennai,2644.533,2684.533,40,IMT candidate,synthetic_not_verified,synthetic_observation,0,SYNTHETIC_FOR_PIPELINE_TESTING
4295,B020,Rajasthan,Jaipur,67443.385,67453.385,10,IMT candidate,synthetic_not_verified,synthetic_observation,0,SYNTHETIC_FOR_PIPELINE_TESTING
4296,B016,Delhi,New Delhi,7035.384,7036.384,1,IMT candidate,synthetic_not_verified,synthetic_observation,0,SYNTHETIC_FOR_PIPELINE_TESTING
4297,B025,Telangana,Hyderabad,5855.884,5860.884,5,WAS/RLAN,synthetic_not_verified,synthetic_observation,0,SYNTHETIC_FOR_PIPELINE_TESTING
4298,B022,Delhi,New Delhi,5174.888,5184.888,10,WAS/RLAN,synthetic_not_verified,synthetic_observation,0,SYNTHETIC_FOR_PIPELINE_TESTING
4299,B018,Maharashtra,Mumbai,39817.894,39857.894,40,IMT candidate,synthetic_not_verified,synthetic_observation,0,SYNTHETIC_FOR_PIPELINE_TESTING
4300,B015,Rajasthan,Jaipur,6582.822,6592.822,10,IMT candidate,synthetic_not_verified,synthetic_observation,0,SYNTHETIC_FOR_PIPELINE_TESTING
4301,B016,Telangana,Hyderabad,7094.007,7104.007,10,IMT candidate,synthetic_not_verified,synthetic_observation,0,SYNTHETIC_FOR_PIPELINE_TESTING
4302,B001,Maharashtra,Mumbai,513.804,533.804,20,IMT candidate,synthetic_not_verified,synthetic_observation,0,SYNTHETIC_FOR_PIPELINE_TESTING
4303,B008,Delhi,New Delhi,2194.969,2199.969,5,IMT candidate,synthetic_not_verified,synthetic_observation,1,SYNTHETIC_FOR_PIPELINE_TESTING
4304,B014,Delhi,New Delhi,3630.214,3650.214,20,IMT candidate,synthetic_not_verified,synthetic_observation,1,SYNTHETIC_FOR_PIPELINE_TESTING
4305,B020,Delhi,New Delhi,69915.254,69925.254,10,IMT candidate,synthetic_not_verified,synthetic_observation,0,SYNTHETIC_FOR_PIPELINE_TESTING
4306,B017,Rajasthan,Jaipur,25710.095,25720.095,10,IMT candidate,synthetic_not_verified,synthetic_observation,0,SYNTHETIC_FOR_PIPELINE_TESTING
4307,B011,Maharashtra,Mumbai,3377.283,3382.283,5,IMT candidate,synthetic_not_verified,synthetic_observation,0,SYNTHETIC_FOR_PIPELINE_TESTING
4308,B004,Telangana,Hyderabad,903.428,923.428,20,IMT candidate,synthetic_not_verified,synthetic_observation,1,SYNTHETIC_FOR_PIPELINE_TESTING
4309,B012,West Bengal,Kolkata,3450.914,3451.914,1,IMT candidate,synthetic_not_verified,synthetic_observation,0,SYNTHETIC_FOR_PIPELINE_TESTING
4310,B010,West Bengal,Kolkata,2530.271,2535.271,5,IMT candidate,synthetic_not_verified,synthetic_observation,0,SYNTHETIC_FOR_PIPELINE_TESTING
4311,B018,West Bengal,Kolkata,38345.215,38346.215,1,IMT candidate,synthetic_not_verified,synthetic_observation,0,SYNTHETIC_FOR_PIPELINE_TESTING
4312,B024,Maharashtra,Mumbai,5520.045,5525.045,5,WAS/RLAN,synthetic_not_verified,synthetic_observation,1,SYNTHETIC_FOR_PIPELINE_TESTING
4313,B005,Delhi,New Delhi,942.0,960.0,20,IMT candidate,synthetic_not_verified,synthetic_observation,1,SYNTHETIC_FOR_PIPELINE_TESTING
4314,B001,Rajasthan,Jaipur,531.386,532.386,1,IMT candidate,synthetic_not_verified,synthetic_observation,0,SYNTHETIC_FOR_PIPELINE_TESTING
4315,B006,Maharashtra,Mumbai,1428.435,1468.435,40,IMT candidate,synthetic_not_verified,synthetic_observation,1,SYNTHETIC_FOR_PIPELINE_TESTING
4316,B003,Maharashtra,Mumbai,785.418,805.418,20,IMT candidate,synthetic_not_verified,synthetic_observation,0,SYNTHETIC_FOR_PIPELINE_TESTING
4317,B008,Maharashtra,Mumbai,2116.318,2196.318,80,IMT candidate,synthetic_not_verified,synthetic_observation,0,SYNTHETIC_FOR_PIPELINE_TESTING
4318,B006,Karnataka,Bengaluru,1433.972,1443.972,10,IMT candidate,synthetic_not_verified,synthetic_observation,0,SYNTHETIC_FOR_PIPELINE_TESTING
4319,B023,Tamil Nadu,Chennai,5305.652,5306.652,1,WAS/RLAN,synthetic_not_verified,synthetic_observation,0,SYNTHETIC_FOR_PIPELINE_TESTING
4320,B013,Maharashtra,Mumbai,3506.422,3586.422,80,IMT candidate,synthetic_not_verified,synthetic_observation,1,SYNTHETIC_FOR_PIPELINE_TESTING
4321,B013,Karnataka,Bengaluru,3579.44,3599.44,20,IMT candidate,synthetic_not_verified,synthetic_observation,0,SYNTHETIC_FOR_PIPELINE_TESTING
4322,B017,Karnataka,Bengaluru,24804.631,24824.631,20,IMT candidate,synthetic_not_verified,synthetic_observation,1,SYNTHETIC_FOR_PIPELINE_TESTING
4323,B006,Tamil Nadu,Chennai,1467.249,1487.249,20,IMT candidate,synthetic_not_verified,synthetic_observation,1,SYNTHETIC_FOR_PIPELINE_TESTING
4324,B017,Karnataka,Bengaluru,24599.644,24600.644,1,IMT candidate,synthetic_not_verified,synthetic_observation,0,SYNTHETIC_FOR_PIPELINE_TESTING
4325,B009,Rajasthan,Jaipur,2335.813,2336.813,1,IMT candidate,synthetic_not_verified,synthetic_observation,0,SYNTHETIC_FOR_PIPELINE_TESTING
4326,B013,Tamil Nadu,Chennai,3539.786,3579.786,40,IMT candidate,synthetic_not_verified,synthetic_observation,0,SYNTHETIC_FOR_PIPELINE_TESTING
4327,B022,Karnataka,Bengaluru,5229.487,5230.487,1,WAS/RLAN,synthetic_not_verified,synthetic_observation,0,SYNTHETIC_FOR_PIPELINE_TESTING
4328,B024,Gujarat,Ahmedabad,5584.889,5604.889,20,WAS/RLAN,synthetic_not_verified,synthetic_observation,0,SYNTHETIC_FOR_PIPELINE_TESTING
4329,B022,Maharashtra,Mumbai,5192.137,5212.137,20,WAS/RLAN,synthetic_not_verified,synthetic_observation,1,SYNTHETIC_FOR_PIPELINE_TESTING
4330,B020,Telangana,Hyderabad,70028.227,70108.227,80,IMT candidate,synthetic_not_verified,synthetic_observation,0,SYNTHETIC_FOR_PIPELINE_TESTING
4331,B006,Maharashtra,Mumbai,1436.081,1516.081,80,IMT candidate,synthetic_not_verified,synthetic_observation,0,SYNTHETIC_FOR_PIPELINE_TESTING
4332,B021,Tamil Nadu,Chennai,2426.466,2466.466,40,Low Power / RLAN,synthetic_not_verified,synthetic_observation,0,SYNTHETIC_FOR_PIPELINE_TESTING
4333,B001,Telangana,Hyderabad,535.086,545.086,10,IMT candidate,synthetic_not_verified,synthetic_observation,0,SYNTHETIC_FOR_PIPELINE_TESTING
4334,B023,Delhi,New Delhi,5260.112,5261.112,1,WAS/RLAN,synthetic_not_verified,synthetic_observation,0,SYNTHETIC_FOR_PIPELINE_TESTING
4335,B012,Rajasthan,Jaipur,3442.138,3443.138,1,IMT candidate,synthetic_not_verified,synthetic_observation,1,SYNTHETIC_FOR_PIPELINE_TESTING
4336,B002,Telangana,Hyderabad,588.122,598.122,10,IMT candidate,synthetic_not_verified,synthetic_observation,0,SYNTHETIC_FOR_PIPELINE_TESTING
4337,B020,West Bengal,Kolkata,66768.394,66848.394,80,IMT candidate,synthetic_not_verified,synthetic_observation,0,SYNTHETIC_FOR_PIPELINE_TESTING
4338,B016,Gujarat,Ahmedabad,7050.056,7060.056,10,IMT candidate,synthetic_not_verified,synthetic_observation,0,SYNTHETIC_FOR_PIPELINE_TESTING
4339,B001,Rajasthan,Jaipur,581.988,582.988,1,IMT candidate,synthetic_not_verified,synthetic_observation,0,SYNTHETIC_FOR_PIPELINE_TESTING
4340,B009,Telangana,Hyderabad,2352.939,2392.939,40,IMT candidate,synthetic_not_verified,synthetic_observation,1,SYNTHETIC_FOR_PIPELINE_TESTING
4341,B011,Maharashtra,Mumbai,3308.426,3328.426,20,IMT candidate,synthetic_not_verified,synthetic_observation,1,SYNTHETIC_FOR_PIPELINE_TESTING
4342,B005,Gujarat,Ahmedabad,942.0,960.0,20,IMT candidate,synthetic_not_verified,synthetic_observation,1,SYNTHETIC_FOR_PIPELINE_TESTING
4343,B010,Maharashtra,Mumbai,2528.745,2608.745,80,IMT candidate,synthetic_not_verified,synthetic_observation,0,SYNTHETIC_FOR_PIPELINE_TESTING
4344,B022,West Bengal,Kolkata,5218.286,5219.286,1,WAS/RLAN,synthetic_not_verified,synthetic_observation,0,SYNTHETIC_FOR_PIPELINE_TESTING
4345,B023,Tamil Nadu,Chennai,5299.049,5300.049,1,WAS/RLAN,synthetic_not_verified,synthetic_observation,0,SYNTHETIC_FOR_PIPELINE_TESTING
4346,B013,Rajasthan,Jaipur,3527.083,3567.083,40,IMT candidate,synthetic_not_verified,synthetic_observation,0,SYNTHETIC_FOR_PIPELINE_TESTING
4347,B021,Telangana,Hyderabad,2474.667,2475.667,1,Low Power / RLAN,synthetic_not_verified,synthetic_observation,0,SYNTHETIC_FOR_PIPELINE_TESTING
4348,B020,Delhi,New Delhi,67093.285,67103.285,10,IMT candidate,synthetic_not_verified,synthetic_observation,0,SYNTHETIC_FOR_PIPELINE_TESTING
4349,B014,Rajasthan,Jaipur,3655.934,3665.934,10,IMT candidate,synthetic_not_verified,synthetic_observation,0,SYNTHETIC_FOR_PIPELINE_TESTING
4350,B012,Telangana,Hyderabad,3449.57,3459.57,10,IMT candidate,synthetic_not_verified,synthetic_observation,0,SYNTHETIC_FOR_PIPELINE_TESTING
4351,B006,Gujarat,Ahmedabad,1480.742,1490.742,10,IMT candidate,synthetic_not_verified,synthetic_observation,1,SYNTHETIC_FOR_PIPELINE_TESTING
4352,B021,Telangana,Hyderabad,2407.099,2447.099,40,Low Power / RLAN,synthetic_not_verified,synthetic_observation,0,SYNTHETIC_FOR_PIPELINE_TESTING
4353,B004,Karnataka,Bengaluru,890.0,942.0,80,IMT candidate,synthetic_not_verified,synthetic_observation,0,SYNTHETIC_FOR_PIPELINE_TESTING
4354,B019,Karnataka,Bengaluru,43147.189,43167.189,20,IMT candidate,synthetic_not_verified,synthetic_observation,1,SYNTHETIC_FOR_PIPELINE_TESTING
4355,B024,Gujarat,Ahmedabad,5531.0,5611.0,80,WAS/RLAN,synthetic_not_verified,synthetic_observation,1,SYNTHETIC_FOR_PIPELINE_TESTING
4356,B016,Rajasthan,Jaipur,7063.285,7103.285,40,IMT candidate,synthetic_not_verified,synthetic_observation,0,SYNTHETIC_FOR_PIPELINE_TESTING
4357,B006,Delhi,New Delhi,1456.672,1496.672,40,IMT candidate,synthetic_not_verified,synthetic_observation,1,SYNTHETIC_FOR_PIPELINE_TESTING
4358,B018,Telangana,Hyderabad,39575.002,39585.002,10,IMT candidate,synthetic_not_verified,synthetic_observation,0,SYNTHETIC_FOR_PIPELINE_TESTING
4359,B007,Maharashtra,Mumbai,1787.778,1827.778,40,IMT candidate,synthetic_not_verified,synthetic_observation,0,SYNTHETIC_FOR_PIPELINE_TESTING
4360,B025,Tamil Nadu,Chennai,5827.678,5828.678,1,WAS/RLAN,synthetic_not_verified,synthetic_observation,0,SYNTHETIC_FOR_PIPELINE_TESTING
4361,B004,Telangana,Hyderabad,923.124,933.124,10,IMT candidate,synthetic_not_verified,synthetic_observation,0,SYNTHETIC_FOR_PIPELINE_TESTING
4362,B003,Rajasthan,Jaipur,761.837,801.837,40,IMT candidate,synthetic_not_verified,synthetic_observation,1,SYNTHETIC_FOR_PIPELINE_TESTING
4363,B025,Gujarat,Ahmedabad,5760.113,5780.113,20,WAS/RLAN,synthetic_not_verified,synthetic_observation,0,SYNTHETIC_FOR_PIPELINE_TESTING
4364,B004,Karnataka,Bengaluru,890.399,930.399,40,IMT candidate,synthetic_not_verified,synthetic_observation,0,SYNTHETIC_FOR_PIPELINE_TESTING
4365,B015,Telangana,Hyderabad,6728.236,6738.236,10,IMT candidate,synthetic_not_verified,synthetic_observation,0,SYNTHETIC_FOR_PIPELINE_TESTING
4366,B017,Maharashtra,Mumbai,25441.04,25451.04,10,IMT candidate,synthetic_not_verified,synthetic_observation,0,SYNTHETIC_FOR_PIPELINE_TESTING
4367,B016,Rajasthan,Jaipur,7036.367,7076.367,40,IMT candidate,synthetic_not_verified,synthetic_observation,0,SYNTHETIC_FOR_PIPELINE_TESTING
4368,B003,Gujarat,Ahmedabad,826.547,827.547,1,IMT candidate,synthetic_not_verified,synthetic_observation,1,SYNTHETIC_FOR_PIPELINE_TESTING
4369,B017,Rajasthan,Jaipur,25265.074,25275.074,10,IMT candidate,synthetic_not_verified,synthetic_observation,0,SYNTHETIC_FOR_PIPELINE_TESTING
4370,B020,Delhi,New Delhi,68828.86,68838.86,10,IMT candidate,synthetic_not_verified,synthetic_observation,1,SYNTHETIC_FOR_PIPELINE_TESTING
4371,B020,Gujarat,Ahmedabad,70070.426,70090.426,20,IMT candidate,synthetic_not_verified,synthetic_observation,0,SYNTHETIC_FOR_PIPELINE_TESTING
4372,B002,Karnataka,Bengaluru,591.648,601.648,10,IMT candidate,synthetic_not_verified,synthetic_observation,0,SYNTHETIC_FOR_PIPELINE_TESTING
4373,B006,Karnataka,Bengaluru,1506.512,1507.512,1,IMT candidate,synthetic_not_verified,synthetic_observation,1,SYNTHETIC_FOR_PIPELINE_TESTING
4374,B010,Rajasthan,Jaipur,2546.846,2586.846,40,IMT candidate,synthetic_not_verified,synthetic_observation,1,SYNTHETIC_FOR_PIPELINE_TESTING
4375,B020,Karnataka,Bengaluru,68745.035,68825.035,80,IMT candidate,synthetic_not_verified,synthetic_observation,0,SYNTHETIC_FOR_PIPELINE_TESTING
4376,B011,Maharashtra,Mumbai,3320.729,3340.729,20,IMT candidate,synthetic_not_verified,synthetic_observation,0,SYNTHETIC_FOR_PIPELINE_TESTING
4377,B013,Telangana,Hyderabad,3512.774,3532.774,20,IMT candidate,synthetic_not_verified,synthetic_observation,0,SYNTHETIC_FOR_PIPELINE_TESTING
4378,B007,Telangana,Hyderabad,1921.044,2001.044,80,IMT candidate,synthetic_not_verified,synthetic_observation,1,SYNTHETIC_FOR_PIPELINE_TESTING
4379,B012,Tamil Nadu,Chennai,3413.109,3418.109,5,IMT candidate,synthetic_not_verified,synthetic_observation,0,SYNTHETIC_FOR_PIPELINE_TESTING
4380,B024,Gujarat,Ahmedabad,5471.929,5491.929,20,WAS/RLAN,synthetic_not_verified,synthetic_observation,1,SYNTHETIC_FOR_PIPELINE_TESTING
4381,B021,Maharashtra,Mumbai,2404.223,2409.223,5,Low Power / RLAN,synthetic_not_verified,synthetic_observation,0,SYNTHETIC_FOR_PIPELINE_TESTING
4382,B012,Maharashtra,Mumbai,3400.555,3405.555,5,IMT candidate,synthetic_not_verified,synthetic_observation,1,SYNTHETIC_FOR_PIPELINE_TESTING
4383,B003,Rajasthan,Jaipur,851.915,856.915,5,IMT candidate,synthetic_not_verified,synthetic_observation,0,SYNTHETIC_FOR_PIPELINE_TESTING
4384,B004,Telangana,Hyderabad,891.573,931.573,40,IMT candidate,synthetic_not_verified,synthetic_observation,0,SYNTHETIC_FOR_PIPELINE_TESTING
4385,B021,Tamil Nadu,Chennai,2429.599,2449.599,20,Low Power / RLAN,synthetic_not_verified,synthetic_observation,1,SYNTHETIC_FOR_PIPELINE_TESTING
4386,B020,Gujarat,Ahmedabad,66462.609,66502.609,40,IMT candidate,synthetic_not_verified,synthetic_observation,0,SYNTHETIC_FOR_PIPELINE_TESTING
4387,B004,Karnataka,Bengaluru,908.386,928.386,20,IMT candidate,synthetic_not_verified,synthetic_observation,0,SYNTHETIC_FOR_PIPELINE_TESTING
4388,B011,Karnataka,Bengaluru,3309.843,3329.843,20,IMT candidate,synthetic_not_verified,synthetic_observation,1,SYNTHETIC_FOR_PIPELINE_TESTING
4389,B006,West Bengal,Kolkata,1483.577,1493.577,10,IMT candidate,synthetic_not_verified,synthetic_observation,1,SYNTHETIC_FOR_PIPELINE_TESTING
4390,B012,Maharashtra,Mumbai,3456.432,3496.432,40,IMT candidate,synthetic_not_verified,synthetic_observation,0,SYNTHETIC_FOR_PIPELINE_TESTING
4391,B010,West Bengal,Kolkata,2507.66,2547.66,40,IMT candidate,synthetic_not_verified,synthetic_observation,0,SYNTHETIC_FOR_PIPELINE_TESTING
4392,B010,Tamil Nadu,Chennai,2573.533,2653.533,80,IMT candidate,synthetic_not_verified,synthetic_observation,1,SYNTHETIC_FOR_PIPELINE_TESTING
4393,B016,West Bengal,Kolkata,7105.644,7115.644,10,IMT candidate,synthetic_not_verified,synthetic_observation,0,SYNTHETIC_FOR_PIPELINE_TESTING
4394,B016,Delhi,New Delhi,7054.196,7094.196,40,IMT candidate,synthetic_not_verified,synthetic_observation,1,SYNTHETIC_FOR_PIPELINE_TESTING
4395,B023,Rajasthan,Jaipur,5291.321,5292.321,1,WAS/RLAN,synthetic_not_verified,synthetic_observation,0,SYNTHETIC_FOR_PIPELINE_TESTING
4396,B014,West Bengal,Kolkata,3647.737,3648.737,1,IMT candidate,synthetic_not_verified,synthetic_observation,1,SYNTHETIC_FOR_PIPELINE_TESTING
4397,B016,Maharashtra,Mumbai,7050.558,7070.558,20,IMT candidate,synthetic_not_verified,synthetic_observation,1,SYNTHETIC_FOR_PIPELINE_TESTING
4398,B020,Rajasthan,Jaipur,66985.292,67025.292,40,IMT candidate,synthetic_not_verified,synthetic_observation,0,SYNTHETIC_FOR_PIPELINE_TESTING
4399,B013,West Bengal,Kolkata,3517.077,3597.077,80,IMT candidate,synthetic_not_verified,synthetic_observation,1,SYNTHETIC_FOR_PIPELINE_TESTING
4400,B012,Delhi,New Delhi,3404.785,3424.785,20,IMT candidate,synthetic_not_verified,synthetic_observation,0,SYNTHETIC_FOR_PIPELINE_TESTING
4401,B010,Karnataka,Bengaluru,2518.86,2519.86,1,IMT candidate,synthetic_not_verified,synthetic_observation,0,SYNTHETIC_FOR_PIPELINE_TESTING
4402,B018,Telangana,Hyderabad,38698.123,38703.123,5,IMT candidate,synthetic_not_verified,synthetic_observation,0,SYNTHETIC_FOR_PIPELINE_TESTING
4403,B014,Karnataka,Bengaluru,3633.639,3634.639,1,IMT candidate,synthetic_not_verified,synthetic_observation,1,SYNTHETIC_FOR_PIPELINE_TESTING
4404,B022,Delhi,New Delhi,5161.425,5201.425,40,WAS/RLAN,synthetic_not_verified,synthetic_observation,1,SYNTHETIC_FOR_PIPELINE_TESTING
4405,B014,Delhi,New Delhi,3617.057,3618.057,1,IMT candidate,synthetic_not_verified,synthetic_observation,1,SYNTHETIC_FOR_PIPELINE_TESTING
4406,B010,Delhi,New Delhi,2571.687,2572.687,1,IMT candidate,synthetic_not_verified,synthetic_observation,1,SYNTHETIC_FOR_PIPELINE_TESTING
4407,B010,Delhi,New Delhi,2653.894,2673.894,20,IMT candidate,synthetic_not_verified,synthetic_observation,1,SYNTHETIC_FOR_PIPELINE_TESTING
4408,B015,Telangana,Hyderabad,6684.674,6704.674,20,IMT candidate,synthetic_not_verified,synthetic_observation,0,SYNTHETIC_FOR_PIPELINE_TESTING
4409,B013,Telangana,Hyderabad,3539.908,3540.908,1,IMT candidate,synthetic_not_verified,synthetic_observation,0,SYNTHETIC_FOR_PIPELINE_TESTING
4410,B006,Tamil Nadu,Chennai,1473.903,1513.903,40,IMT candidate,synthetic_not_verified,synthetic_observation,0,SYNTHETIC_FOR_PIPELINE_TESTING
4411,B007,Gujarat,Ahmedabad,1760.865,1840.865,80,IMT candidate,synthetic_not_verified,synthetic_observation,0,SYNTHETIC_FOR_PIPELINE_TESTING
4412,B012,West Bengal,Kolkata,3413.474,3453.474,40,IMT candidate,synthetic_not_verified,synthetic_observation,0,SYNTHETIC_FOR_PIPELINE_TESTING
4413,B016,Gujarat,Ahmedabad,7077.987,7117.987,40,IMT candidate,synthetic_not_verified,synthetic_observation,1,SYNTHETIC_FOR_PIPELINE_TESTING
4414,B013,Tamil Nadu,Chennai,3587.392,3597.392,10,IMT candidate,synthetic_not_verified,synthetic_observation,0,SYNTHETIC_FOR_PIPELINE_TESTING
4415,B008,West Bengal,Kolkata,2151.263,2171.263,20,IMT candidate,synthetic_not_verified,synthetic_observation,1,SYNTHETIC_FOR_PIPELINE_TESTING
4416,B013,Tamil Nadu,Chennai,3514.787,3534.787,20,IMT candidate,synthetic_not_verified,synthetic_observation,0,SYNTHETIC_FOR_PIPELINE_TESTING
4417,B018,Delhi,New Delhi,38260.671,38261.671,1,IMT candidate,synthetic_not_verified,synthetic_observation,0,SYNTHETIC_FOR_PIPELINE_TESTING
4418,B021,Rajasthan,Jaipur,2466.388,2471.388,5,Low Power / RLAN,synthetic_not_verified,synthetic_observation,1,SYNTHETIC_FOR_PIPELINE_TESTING
4419,B015,Delhi,New Delhi,6559.363,6560.363,1,IMT candidate,synthetic_not_verified,synthetic_observation,1,SYNTHETIC_FOR_PIPELINE_TESTING
4420,B023,Karnataka,Bengaluru,5308.871,5318.871,10,WAS/RLAN,synthetic_not_verified,synthetic_observation,1,SYNTHETIC_FOR_PIPELINE_TESTING
4421,B009,Maharashtra,Mumbai,2361.055,2366.055,5,IMT candidate,synthetic_not_verified,synthetic_observation,0,SYNTHETIC_FOR_PIPELINE_TESTING
4422,B010,Maharashtra,Mumbai,2674.438,2679.438,5,IMT candidate,synthetic_not_verified,synthetic_observation,0,SYNTHETIC_FOR_PIPELINE_TESTING
4423,B013,Telangana,Hyderabad,3573.215,3583.215,10,IMT candidate,synthetic_not_verified,synthetic_observation,0,SYNTHETIC_FOR_PIPELINE_TESTING
4424,B013,West Bengal,Kolkata,3559.891,3569.891,10,IMT candidate,synthetic_not_verified,synthetic_observation,0,SYNTHETIC_FOR_PIPELINE_TESTING
4425,B007,Telangana,Hyderabad,1889.321,1969.321,80,IMT candidate,synthetic_not_verified,synthetic_observation,1,SYNTHETIC_FOR_PIPELINE_TESTING
4426,B016,Tamil Nadu,Chennai,7060.097,7061.097,1,IMT candidate,synthetic_not_verified,synthetic_observation,0,SYNTHETIC_FOR_PIPELINE_TESTING
4427,B004,Maharashtra,Mumbai,897.204,902.204,5,IMT candidate,synthetic_not_verified,synthetic_observation,0,SYNTHETIC_FOR_PIPELINE_TESTING
4428,B011,Delhi,New Delhi,3313.779,3314.779,1,IMT candidate,synthetic_not_verified,synthetic_observation,0,SYNTHETIC_FOR_PIPELINE_TESTING
4429,B010,Gujarat,Ahmedabad,2618.665,2619.665,1,IMT candidate,synthetic_not_verified,synthetic_observation,1,SYNTHETIC_FOR_PIPELINE_TESTING
4430,B019,Delhi,New Delhi,42756.549,42761.549,5,IMT candidate,synthetic_not_verified,synthetic_observation,1,SYNTHETIC_FOR_PIPELINE_TESTING
4431,B024,Rajasthan,Jaipur,5487.968,5527.968,40,WAS/RLAN,synthetic_not_verified,synthetic_observation,0,SYNTHETIC_FOR_PIPELINE_TESTING
4432,B018,Telangana,Hyderabad,37492.116,37493.116,1,IMT candidate,synthetic_not_verified,synthetic_observation,0,SYNTHETIC_FOR_PIPELINE_TESTING
4433,B007,Tamil Nadu,Chennai,1971.988,2011.988,40,IMT candidate,synthetic_not_verified,synthetic_observation,1,SYNTHETIC_FOR_PIPELINE_TESTING
4434,B009,Gujarat,Ahmedabad,2348.483,2349.483,1,IMT candidate,synthetic_not_verified,synthetic_observation,0,SYNTHETIC_FOR_PIPELINE_TESTING
4435,B010,Delhi,New Delhi,2602.695,2682.695,80,IMT candidate,synthetic_not_verified,synthetic_observation,0,SYNTHETIC_FOR_PIPELINE_TESTING
4436,B014,Telangana,Hyderabad,3652.084,3662.084,10,IMT candidate,synthetic_not_verified,synthetic_observation,0,SYNTHETIC_FOR_PIPELINE_TESTING
4437,B006,Rajasthan,Jaipur,1435.416,1455.416,20,IMT candidate,synthetic_not_verified,synthetic_observation,0,SYNTHETIC_FOR_PIPELINE_TESTING
4438,B001,Karnataka,Bengaluru,508.305,518.305,10,IMT candidate,synthetic_not_verified,synthetic_observation,0,SYNTHETIC_FOR_PIPELINE_TESTING
4439,B022,Delhi,New Delhi,5160.712,5240.712,80,WAS/RLAN,synthetic_not_verified,synthetic_observation,1,SYNTHETIC_FOR_PIPELINE_TESTING
4440,B025,Gujarat,Ahmedabad,5799.988,5819.988,20,WAS/RLAN,synthetic_not_verified,synthetic_observation,1,SYNTHETIC_FOR_PIPELINE_TESTING
4441,B008,Gujarat,Ahmedabad,2134.289,2154.289,20,IMT candidate,synthetic_not_verified,synthetic_observation,0,SYNTHETIC_FOR_PIPELINE_TESTING
4442,B005,Delhi,New Delhi,947.467,957.467,10,IMT candidate,synthetic_not_verified,synthetic_observation,0,SYNTHETIC_FOR_PIPELINE_TESTING
4443,B004,Tamil Nadu,Chennai,890.0,942.0,80,IMT candidate,synthetic_not_verified,synthetic_observation,0,SYNTHETIC_FOR_PIPELINE_TESTING
4444,B005,Delhi,New Delhi,942.0,960.0,20,IMT candidate,synthetic_not_verified,synthetic_observation,1,SYNTHETIC_FOR_PIPELINE_TESTING
4445,B021,Delhi,New Delhi,2454.888,2464.888,10,Low Power / RLAN,synthetic_not_verified,synthetic_observation,0,SYNTHETIC_FOR_PIPELINE_TESTING
4446,B020,Telangana,Hyderabad,70709.136,70749.136,40,IMT candidate,synthetic_not_verified,synthetic_observation,0,SYNTHETIC_FOR_PIPELINE_TESTING
4447,B007,Tamil Nadu,Chennai,1981.65,1991.65,10,IMT candidate,synthetic_not_verified,synthetic_observation,0,SYNTHETIC_FOR_PIPELINE_TESTING
4448,B015,Karnataka,Bengaluru,6698.737,6738.737,40,IMT candidate,synthetic_not_verified,synthetic_observation,0,SYNTHETIC_FOR_PIPELINE_TESTING
4449,B025,Gujarat,Ahmedabad,5820.854,5860.854,40,WAS/RLAN,synthetic_not_verified,synthetic_observation,1,SYNTHETIC_FOR_PIPELINE_TESTING
4450,B001,Rajasthan,Jaipur,560.414,565.414,5,IMT candidate,synthetic_not_verified,synthetic_observation,0,SYNTHETIC_FOR_PIPELINE_TESTING
4451,B003,Tamil Nadu,Chennai,725.086,765.086,40,IMT candidate,synthetic_not_verified,synthetic_observation,0,SYNTHETIC_FOR_PIPELINE_TESTING
4452,B012,Telangana,Hyderabad,3432.626,3442.626,10,IMT candidate,synthetic_not_verified,synthetic_observation,0,SYNTHETIC_FOR_PIPELINE_TESTING
4453,B003,Gujarat,Ahmedabad,659.148,669.148,10,IMT candidate,synthetic_not_verified,synthetic_observation,0,SYNTHETIC_FOR_PIPELINE_TESTING
4454,B011,Delhi,New Delhi,3354.674,3359.674,5,IMT candidate,synthetic_not_verified,synthetic_observation,0,SYNTHETIC_FOR_PIPELINE_TESTING
4455,B004,Delhi,New Delhi,931.22,941.22,10,IMT candidate,synthetic_not_verified,synthetic_observation,1,SYNTHETIC_FOR_PIPELINE_TESTING
4456,B008,Rajasthan,Jaipur,2137.752,2177.752,40,IMT candidate,synthetic_not_verified,synthetic_observation,1,SYNTHETIC_FOR_PIPELINE_TESTING
4457,B009,Rajasthan,Jaipur,2355.849,2395.849,40,IMT candidate,synthetic_not_verified,synthetic_observation,1,SYNTHETIC_FOR_PIPELINE_TESTING
4458,B017,Telangana,Hyderabad,24461.256,24501.256,40,IMT candidate,synthetic_not_verified,synthetic_observation,1,SYNTHETIC_FOR_PIPELINE_TESTING
4459,B001,West Bengal,Kolkata,490.435,510.435,20,IMT candidate,synthetic_not_verified,synthetic_observation,0,SYNTHETIC_FOR_PIPELINE_TESTING
4460,B019,Rajasthan,Jaipur,42587.131,42607.131,20,IMT candidate,synthetic_not_verified,synthetic_observation,0,SYNTHETIC_FOR_PIPELINE_TESTING
4461,B002,Rajasthan,Jaipur,595.084,596.084,1,IMT candidate,synthetic_not_verified,synthetic_observation,0,SYNTHETIC_FOR_PIPELINE_TESTING
4462,B025,Delhi,New Delhi,5827.248,5837.248,10,WAS/RLAN,synthetic_not_verified,synthetic_observation,0,SYNTHETIC_FOR_PIPELINE_TESTING
4463,B021,Gujarat,Ahmedabad,2403.657,2423.657,20,Low Power / RLAN,synthetic_not_verified,synthetic_observation,1,SYNTHETIC_FOR_PIPELINE_TESTING
4464,B025,Telangana,Hyderabad,5803.577,5808.577,5,WAS/RLAN,synthetic_not_verified,synthetic_observation,0,SYNTHETIC_FOR_PIPELINE_TESTING
4465,B002,Telangana,Hyderabad,585.471,605.471,20,IMT candidate,synthetic_not_verified,synthetic_observation,1,SYNTHETIC_FOR_PIPELINE_TESTING
4466,B024,Rajasthan,Jaipur,5590.756,5595.756,5,WAS/RLAN,synthetic_not_verified,synthetic_observation,1,SYNTHETIC_FOR_PIPELINE_TESTING
4467,B007,Karnataka,Bengaluru,1821.891,1901.891,80,IMT candidate,synthetic_not_verified,synthetic_observation,1,SYNTHETIC_FOR_PIPELINE_TESTING
4468,B020,Telangana,Hyderabad,69279.385,69284.385,5,IMT candidate,synthetic_not_verified,synthetic_observation,1,SYNTHETIC_FOR_PIPELINE_TESTING
4469,B019,Rajasthan,Jaipur,43369.737,43370.737,1,IMT candidate,synthetic_not_verified,synthetic_observation,0,SYNTHETIC_FOR_PIPELINE_TESTING
4470,B020,Tamil Nadu,Chennai,67396.928,67397.928,1,IMT candidate,synthetic_not_verified,synthetic_observation,0,SYNTHETIC_FOR_PIPELINE_TESTING
4471,B019,Tamil Nadu,Chennai,43120.231,43125.231,5,IMT candidate,synthetic_not_verified,synthetic_observation,0,SYNTHETIC_FOR_PIPELINE_TESTING
4472,B019,Telangana,Hyderabad,43362.516,43372.516,10,IMT candidate,synthetic_not_verified,synthetic_observation,0,SYNTHETIC_FOR_PIPELINE_TESTING
4473,B011,Rajasthan,Jaipur,3364.587,3365.587,1,IMT candidate,synthetic_not_verified,synthetic_observation,0,SYNTHETIC_FOR_PIPELINE_TESTING
4474,B009,Maharashtra,Mumbai,2360.906,2380.906,20,IMT candidate,synthetic_not_verified,synthetic_observation,1,SYNTHETIC_FOR_PIPELINE_TESTING
4475,B024,Gujarat,Ahmedabad,5675.242,5685.242,10,WAS/RLAN,synthetic_not_verified,synthetic_observation,1,SYNTHETIC_FOR_PIPELINE_TESTING
4476,B025,Gujarat,Ahmedabad,5867.005,5872.005,5,WAS/RLAN,synthetic_not_verified,synthetic_observation,1,SYNTHETIC_FOR_PIPELINE_TESTING
4477,B012,Maharashtra,Mumbai,3464.533,3484.533,20,IMT candidate,synthetic_not_verified,synthetic_observation,0,SYNTHETIC_FOR_PIPELINE_TESTING
4478,B015,Gujarat,Ahmedabad,6789.874,6829.874,40,IMT candidate,synthetic_not_verified,synthetic_observation,0,SYNTHETIC_FOR_PIPELINE_TESTING
4479,B017,Karnataka,Bengaluru,26047.397,26052.397,5,IMT candidate,synthetic_not_verified,synthetic_observation,0,SYNTHETIC_FOR_PIPELINE_TESTING
4480,B019,West Bengal,Kolkata,42689.094,42694.094,5,IMT candidate,synthetic_not_verified,synthetic_observation,0,SYNTHETIC_FOR_PIPELINE_TESTING
4481,B018,West Bengal,Kolkata,38621.555,38626.555,5,IMT candidate,synthetic_not_verified,synthetic_observation,0,SYNTHETIC_FOR_PIPELINE_TESTING
4482,B015,West Bengal,Kolkata,6514.853,6519.853,5,IMT candidate,synthetic_not_verified,synthetic_observation,1,SYNTHETIC_FOR_PIPELINE_TESTING
4483,B005,Karnataka,Bengaluru,942.0,960.0,40,IMT candidate,synthetic_not_verified,synthetic_observation,0,SYNTHETIC_FOR_PIPELINE_TESTING
4484,B024,Telangana,Hyderabad,5541.655,5542.655,1,WAS/RLAN,synthetic_not_verified,synthetic_observation,1,SYNTHETIC_FOR_PIPELINE_TESTING
4485,B012,Maharashtra,Mumbai,3412.086,3413.086,1,IMT candidate,synthetic_not_verified,synthetic_observation,1,SYNTHETIC_FOR_PIPELINE_TESTING
4486,B011,Delhi,New Delhi,3315.81,3320.81,5,IMT candidate,synthetic_not_verified,synthetic_observation,1,SYNTHETIC_FOR_PIPELINE_TESTING
4487,B001,Gujarat,Ahmedabad,492.65,493.65,1,IMT candidate,synthetic_not_verified,synthetic_observation,0,SYNTHETIC_FOR_PIPELINE_TESTING
4488,B023,West Bengal,Kolkata,5288.926,5328.926,40,WAS/RLAN,synthetic_not_verified,synthetic_observation,0,SYNTHETIC_FOR_PIPELINE_TESTING
4489,B011,Rajasthan,Jaipur,3318.283,3319.283,1,IMT candidate,synthetic_not_verified,synthetic_observation,0,SYNTHETIC_FOR_PIPELINE_TESTING
4490,B018,Gujarat,Ahmedabad,37053.273,37058.273,5,IMT candidate,synthetic_not_verified,synthetic_observation,1,SYNTHETIC_FOR_PIPELINE_TESTING
4491,B003,Telangana,Hyderabad,744.802,764.802,20,IMT candidate,synthetic_not_verified,synthetic_observation,0,SYNTHETIC_FOR_PIPELINE_TESTING
4492,B009,Delhi,New Delhi,2352.082,2362.082,10,IMT candidate,synthetic_not_verified,synthetic_observation,0,SYNTHETIC_FOR_PIPELINE_TESTING
4493,B020,Karnataka,Bengaluru,68497.167,68537.167,40,IMT candidate,synthetic_not_verified,synthetic_observation,0,SYNTHETIC_FOR_PIPELINE_TESTING
4494,B008,Tamil Nadu,Chennai,2149.236,2154.236,5,IMT candidate,synthetic_not_verified,synthetic_observation,0,SYNTHETIC_FOR_PIPELINE_TESTING
4495,B001,West Bengal,Kolkata,513.404,533.404,20,IMT candidate,synthetic_not_verified,synthetic_observation,1,SYNTHETIC_FOR_PIPELINE_TESTING
4496,B020,Tamil Nadu,Chennai,68352.304,68432.304,80,IMT candidate,synthetic_not_verified,synthetic_observation,1,SYNTHETIC_FOR_PIPELINE_TESTING
4497,B019,Delhi,New Delhi,43004.678,43014.678,10,IMT candidate,synthetic_not_verified,synthetic_observation,0,SYNTHETIC_FOR_PIPELINE_TESTING
4498,B013,Tamil Nadu,Chennai,3512.947,3592.947,80,IMT candidate,synthetic_not_verified,synthetic_observation,0,SYNTHETIC_FOR_PIPELINE_TESTING
4499,B002,Telangana,Hyderabad,585.0,610.0,40,IMT candidate,synthetic_not_verified,synthetic_observation,1,SYNTHETIC_FOR_PIPELINE_TESTING
4500,B015,Telangana,Hyderabad,6438.668,6458.668,20,IMT candidate,synthetic_not_verified,synthetic_observation,0,SYNTHETIC_FOR_PIPELINE_TESTING
4501,B006,Maharashtra,Mumbai,1494.278,1514.278,20,IMT candidate,synthetic_not_verified,synthetic_observation,0,SYNTHETIC_FOR_PIPELINE_TESTING
4502,B005,Maharashtra,Mumbai,942.0,960.0,40,IMT candidate,synthetic_not_verified,synthetic_observation,0,SYNTHETIC_FOR_PIPELINE_TESTING
4503,B004,Karnataka,Bengaluru,929.837,934.837,5,IMT candidate,synthetic_not_verified,synthetic_observation,0,SYNTHETIC_FOR_PIPELINE_TESTING
4504,B016,Gujarat,Ahmedabad,7042.989,7043.989,1,IMT candidate,synthetic_not_verified,synthetic_observation,1,SYNTHETIC_FOR_PIPELINE_TESTING
4505,B013,Karnataka,Bengaluru,3506.648,3586.648,80,IMT candidate,synthetic_not_verified,synthetic_observation,0,SYNTHETIC_FOR_PIPELINE_TESTING
4506,B005,Karnataka,Bengaluru,943.266,953.266,10,IMT candidate,synthetic_not_verified,synthetic_observation,0,SYNTHETIC_FOR_PIPELINE_TESTING
4507,B017,West Bengal,Kolkata,27445.696,27450.696,5,IMT candidate,synthetic_not_verified,synthetic_observation,1,SYNTHETIC_FOR_PIPELINE_TESTING
4508,B019,Rajasthan,Jaipur,42749.678,42789.678,40,IMT candidate,synthetic_not_verified,synthetic_observation,1,SYNTHETIC_FOR_PIPELINE_TESTING
4509,B014,Gujarat,Ahmedabad,3604.486,3644.486,40,IMT candidate,synthetic_not_verified,synthetic_observation,0,SYNTHETIC_FOR_PIPELINE_TESTING
4510,B020,West Bengal,Kolkata,67145.261,67155.261,10,IMT candidate,synthetic_not_verified,synthetic_observation,1,SYNTHETIC_FOR_PIPELINE_TESTING
4511,B012,Tamil Nadu,Chennai,3400.873,3410.873,10,IMT candidate,synthetic_not_verified,synthetic_observation,0,SYNTHETIC_FOR_PIPELINE_TESTING
4512,B012,Telangana,Hyderabad,3446.168,3466.168,20,IMT candidate,synthetic_not_verified,synthetic_observation,0,SYNTHETIC_FOR_PIPELINE_TESTING
4513,B017,Delhi,New Delhi,24498.112,24503.112,5,IMT candidate,synthetic_not_verified,synthetic_observation,0,SYNTHETIC_FOR_PIPELINE_TESTING
4514,B001,Maharashtra,Mumbai,489.225,499.225,10,IMT candidate,synthetic_not_verified,synthetic_observation,0,SYNTHETIC_FOR_PIPELINE_TESTING
4515,B004,Gujarat,Ahmedabad,932.089,933.089,1,IMT candidate,synthetic_not_verified,synthetic_observation,1,SYNTHETIC_FOR_PIPELINE_TESTING
4516,B016,Karnataka,Bengaluru,7048.385,7088.385,40,IMT candidate,synthetic_not_verified,synthetic_observation,1,SYNTHETIC_FOR_PIPELINE_TESTING
4517,B003,Rajasthan,Jaipur,764.655,769.655,5,IMT candidate,synthetic_not_verified,synthetic_observation,0,SYNTHETIC_FOR_PIPELINE_TESTING
4518,B023,Telangana,Hyderabad,5265.345,5270.345,5,WAS/RLAN,synthetic_not_verified,synthetic_observation,1,SYNTHETIC_FOR_PIPELINE_TESTING
4519,B005,Delhi,New Delhi,948.606,958.606,10,IMT candidate,synthetic_not_verified,synthetic_observation,1,SYNTHETIC_FOR_PIPELINE_TESTING
4520,B018,Gujarat,Ahmedabad,37712.803,37722.803,10,IMT candidate,synthetic_not_verified,synthetic_observation,1,SYNTHETIC_FOR_PIPELINE_TESTING
4521,B018,Delhi,New Delhi,39228.515,39268.515,40,IMT candidate,synthetic_not_verified,synthetic_observation,1,SYNTHETIC_FOR_PIPELINE_TESTING
4522,B024,Maharashtra,Mumbai,5470.974,5475.974,5,WAS/RLAN,synthetic_not_verified,synthetic_observation,0,SYNTHETIC_FOR_PIPELINE_TESTING
4523,B010,Delhi,New Delhi,2568.838,2578.838,10,IMT candidate,synthetic_not_verified,synthetic_observation,0,SYNTHETIC_FOR_PIPELINE_TESTING
4524,B025,Gujarat,Ahmedabad,5799.608,5804.608,5,WAS/RLAN,synthetic_not_verified,synthetic_observation,0,SYNTHETIC_FOR_PIPELINE_TESTING
4525,B006,Rajasthan,Jaipur,1434.422,1474.422,40,IMT candidate,synthetic_not_verified,synthetic_observation,0,SYNTHETIC_FOR_PIPELINE_TESTING
4526,B006,Tamil Nadu,Chennai,1445.949,1446.949,1,IMT candidate,synthetic_not_verified,synthetic_observation,0,SYNTHETIC_FOR_PIPELINE_TESTING
4527,B019,Maharashtra,Mumbai,43284.866,43364.866,80,IMT candidate,synthetic_not_verified,synthetic_observation,0,SYNTHETIC_FOR_PIPELINE_TESTING
4528,B023,West Bengal,Kolkata,5330.58,5331.58,1,WAS/RLAN,synthetic_not_verified,synthetic_observation,1,SYNTHETIC_FOR_PIPELINE_TESTING
4529,B022,West Bengal,Kolkata,5150.441,5155.441,5,WAS/RLAN,synthetic_not_verified,synthetic_observation,1,SYNTHETIC_FOR_PIPELINE_TESTING
4530,B010,Telangana,Hyderabad,2590.571,2610.571,20,IMT candidate,synthetic_not_verified,synthetic_observation,1,SYNTHETIC_FOR_PIPELINE_TESTING
4531,B012,Gujarat,Ahmedabad,3401.951,3481.951,80,IMT candidate,synthetic_not_verified,synthetic_observation,0,SYNTHETIC_FOR_PIPELINE_TESTING
4532,B021,Telangana,Hyderabad,2444.005,2454.005,10,Low Power / RLAN,synthetic_not_verified,synthetic_observation,0,SYNTHETIC_FOR_PIPELINE_TESTING
4533,B024,Karnataka,Bengaluru,5499.455,5579.455,80,WAS/RLAN,synthetic_not_verified,synthetic_observation,0,SYNTHETIC_FOR_PIPELINE_TESTING
4534,B013,Tamil Nadu,Chennai,3583.113,3588.113,5,IMT candidate,synthetic_not_verified,synthetic_observation,0,SYNTHETIC_FOR_PIPELINE_TESTING
4535,B002,Telangana,Hyderabad,592.51,593.51,1,IMT candidate,synthetic_not_verified,synthetic_observation,1,SYNTHETIC_FOR_PIPELINE_TESTING
4536,B022,Gujarat,Ahmedabad,5158.809,5163.809,5,WAS/RLAN,synthetic_not_verified,synthetic_observation,1,SYNTHETIC_FOR_PIPELINE_TESTING
4537,B016,Telangana,Hyderabad,7100.23,7120.23,20,IMT candidate,synthetic_not_verified,synthetic_observation,0,SYNTHETIC_FOR_PIPELINE_TESTING
4538,B001,Karnataka,Bengaluru,490.89,500.89,10,IMT candidate,synthetic_not_verified,synthetic_observation,0,SYNTHETIC_FOR_PIPELINE_TESTING
4539,B006,Delhi,New Delhi,1427.015,1428.015,1,IMT candidate,synthetic_not_verified,synthetic_observation,0,SYNTHETIC_FOR_PIPELINE_TESTING
4540,B013,West Bengal,Kolkata,3507.105,3547.105,40,IMT candidate,synthetic_not_verified,synthetic_observation,0,SYNTHETIC_FOR_PIPELINE_TESTING
4541,B021,Delhi,New Delhi,2442.634,2452.634,10,Low Power / RLAN,synthetic_not_verified,synthetic_observation,0,SYNTHETIC_FOR_PIPELINE_TESTING
4542,B016,Delhi,New Delhi,7035.908,7075.908,40,IMT candidate,synthetic_not_verified,synthetic_observation,1,SYNTHETIC_FOR_PIPELINE_TESTING
4543,B025,Karnataka,Bengaluru,5777.782,5857.782,80,WAS/RLAN,synthetic_not_verified,synthetic_observation,0,SYNTHETIC_FOR_PIPELINE_TESTING
4544,B014,Gujarat,Ahmedabad,3610.769,3650.769,40,IMT candidate,synthetic_not_verified,synthetic_observation,1,SYNTHETIC_FOR_PIPELINE_TESTING
4545,B021,Maharashtra,Mumbai,2400.058,2480.058,80,Low Power / RLAN,synthetic_not_verified,synthetic_observation,1,SYNTHETIC_FOR_PIPELINE_TESTING
4546,B023,Rajasthan,Jaipur,5330.153,5335.153,5,WAS/RLAN,synthetic_not_verified,synthetic_observation,0,SYNTHETIC_FOR_PIPELINE_TESTING
4547,B023,Tamil Nadu,Chennai,5266.848,5346.848,80,WAS/RLAN,synthetic_not_verified,synthetic_observation,0,SYNTHETIC_FOR_PIPELINE_TESTING
4548,B021,Tamil Nadu,Chennai,2415.06,2455.06,40,Low Power / RLAN,synthetic_not_verified,synthetic_observation,0,SYNTHETIC_FOR_PIPELINE_TESTING
4549,B016,Telangana,Hyderabad,7112.421,7117.421,5,IMT candidate,synthetic_not_verified,synthetic_observation,0,SYNTHETIC_FOR_PIPELINE_TESTING
4550,B023,West Bengal,Kolkata,5300.596,5310.596,10,WAS/RLAN,synthetic_not_verified,synthetic_observation,1,SYNTHETIC_FOR_PIPELINE_TESTING
4551,B020,West Bengal,Kolkata,67126.879,67146.879,20,IMT candidate,synthetic_not_verified,synthetic_observation,0,SYNTHETIC_FOR_PIPELINE_TESTING
4552,B003,Rajasthan,Jaipur,853.853,854.853,1,IMT candidate,synthetic_not_verified,synthetic_observation,0,SYNTHETIC_FOR_PIPELINE_TESTING
4553,B004,Gujarat,Ahmedabad,896.081,906.081,10,IMT candidate,synthetic_not_verified,synthetic_observation,0,SYNTHETIC_FOR_PIPELINE_TESTING
4554,B024,West Bengal,Kolkata,5613.875,5693.875,80,WAS/RLAN,synthetic_not_verified,synthetic_observation,0,SYNTHETIC_FOR_PIPELINE_TESTING
4555,B005,Telangana,Hyderabad,958.243,959.243,1,IMT candidate,synthetic_not_verified,synthetic_observation,0,SYNTHETIC_FOR_PIPELINE_TESTING
4556,B023,West Bengal,Kolkata,5294.449,5314.449,20,WAS/RLAN,synthetic_not_verified,synthetic_observation,1,SYNTHETIC_FOR_PIPELINE_TESTING
4557,B009,Karnataka,Bengaluru,2320.666,2340.666,20,IMT candidate,synthetic_not_verified,synthetic_observation,0,SYNTHETIC_FOR_PIPELINE_TESTING
4558,B017,Gujarat,Ahmedabad,25975.057,25976.057,1,IMT candidate,synthetic_not_verified,synthetic_observation,1,SYNTHETIC_FOR_PIPELINE_TESTING
4559,B004,Telangana,Hyderabad,939.74,940.74,1,IMT candidate,synthetic_not_verified,synthetic_observation,0,SYNTHETIC_FOR_PIPELINE_TESTING
4560,B005,Telangana,Hyderabad,942.0,960.0,40,IMT candidate,synthetic_not_verified,synthetic_observation,0,SYNTHETIC_FOR_PIPELINE_TESTING
4561,B015,Karnataka,Bengaluru,6525.303,6565.303,40,IMT candidate,synthetic_not_verified,synthetic_observation,0,SYNTHETIC_FOR_PIPELINE_TESTING
4562,B023,Rajasthan,Jaipur,5284.402,5304.402,20,WAS/RLAN,synthetic_not_verified,synthetic_observation,1,SYNTHETIC_FOR_PIPELINE_TESTING
4563,B006,Tamil Nadu,Chennai,1487.191,1492.191,5,IMT candidate,synthetic_not_verified,synthetic_observation,1,SYNTHETIC_FOR_PIPELINE_TESTING
4564,B010,Karnataka,Bengaluru,2606.619,2686.619,80,IMT candidate,synthetic_not_verified,synthetic_observation,0,SYNTHETIC_FOR_PIPELINE_TESTING
4565,B019,Delhi,New Delhi,42780.784,42785.784,5,IMT candidate,synthetic_not_verified,synthetic_observation,0,SYNTHETIC_FOR_PIPELINE_TESTING
4566,B019,Tamil Nadu,Chennai,42547.954,42548.954,1,IMT candidate,synthetic_not_verified,synthetic_observation,0,SYNTHETIC_FOR_PIPELINE_TESTING
4567,B025,Gujarat,Ahmedabad,5758.663,5778.663,20,WAS/RLAN,synthetic_not_verified,synthetic_observation,0,SYNTHETIC_FOR_PIPELINE_TESTING
4568,B013,Karnataka,Bengaluru,3514.498,3519.498,5,IMT candidate,synthetic_not_verified,synthetic_observation,0,SYNTHETIC_FOR_PIPELINE_TESTING
4569,B006,Gujarat,Ahmedabad,1487.511,1488.511,1,IMT candidate,synthetic_not_verified,synthetic_observation,0,SYNTHETIC_FOR_PIPELINE_TESTING
4570,B007,Gujarat,Ahmedabad,1815.871,1820.871,5,IMT candidate,synthetic_not_verified,synthetic_observation,0,SYNTHETIC_FOR_PIPELINE_TESTING
4571,B006,Gujarat,Ahmedabad,1463.272,1503.272,40,IMT candidate,synthetic_not_verified,synthetic_observation,0,SYNTHETIC_FOR_PIPELINE_TESTING
4572,B017,Tamil Nadu,Chennai,25538.143,25548.143,10,IMT candidate,synthetic_not_verified,synthetic_observation,0,SYNTHETIC_FOR_PIPELINE_TESTING
4573,B011,Karnataka,Bengaluru,3346.035,3347.035,1,IMT candidate,synthetic_not_verified,synthetic_observation,0,SYNTHETIC_FOR_PIPELINE_TESTING
4574,B024,Maharashtra,Mumbai,5516.438,5517.438,1,WAS/RLAN,synthetic_not_verified,synthetic_observation,0,SYNTHETIC_FOR_PIPELINE_TESTING
4575,B011,Telangana,Hyderabad,3304.258,3344.258,40,IMT candidate,synthetic_not_verified,synthetic_observation,0,SYNTHETIC_FOR_PIPELINE_TESTING
4576,B016,Rajasthan,Jaipur,7040.455,7060.455,20,IMT candidate,synthetic_not_verified,synthetic_observation,0,SYNTHETIC_FOR_PIPELINE_TESTING
4577,B006,Telangana,Hyderabad,1430.414,1450.414,20,IMT candidate,synthetic_not_verified,synthetic_observation,0,SYNTHETIC_FOR_PIPELINE_TESTING
4578,B004,Telangana,Hyderabad,927.428,937.428,10,IMT candidate,synthetic_not_verified,synthetic_observation,0,SYNTHETIC_FOR_PIPELINE_TESTING
4579,B018,Maharashtra,Mumbai,39730.152,39770.152,40,IMT candidate,synthetic_not_verified,synthetic_observation,0,SYNTHETIC_FOR_PIPELINE_TESTING
4580,B013,West Bengal,Kolkata,3512.582,3513.582,1,IMT candidate,synthetic_not_verified,synthetic_observation,1,SYNTHETIC_FOR_PIPELINE_TESTING
4581,B005,Karnataka,Bengaluru,942.309,943.309,1,IMT candidate,synthetic_not_verified,synthetic_observation,0,SYNTHETIC_FOR_PIPELINE_TESTING
4582,B012,Telangana,Hyderabad,3415.148,3425.148,10,IMT candidate,synthetic_not_verified,synthetic_observation,0,SYNTHETIC_FOR_PIPELINE_TESTING
4583,B004,Maharashtra,Mumbai,898.01,899.01,1,IMT candidate,synthetic_not_verified,synthetic_observation,0,SYNTHETIC_FOR_PIPELINE_TESTING
4584,B023,West Bengal,Kolkata,5318.926,5328.926,10,WAS/RLAN,synthetic_not_verified,synthetic_observation,0,SYNTHETIC_FOR_PIPELINE_TESTING
4585,B017,Delhi,New Delhi,27179.518,27219.518,40,IMT candidate,synthetic_not_verified,synthetic_observation,0,SYNTHETIC_FOR_PIPELINE_TESTING
4586,B019,Maharashtra,Mumbai,42570.097,42650.097,80,IMT candidate,synthetic_not_verified,synthetic_observation,0,SYNTHETIC_FOR_PIPELINE_TESTING
4587,B016,Maharashtra,Mumbai,7031.218,7036.218,5,IMT candidate,synthetic_not_verified,synthetic_observation,1,SYNTHETIC_FOR_PIPELINE_TESTING
4588,B005,West Bengal,Kolkata,942.0,960.0,80,IMT candidate,synthetic_not_verified,synthetic_observation,1,SYNTHETIC_FOR_PIPELINE_TESTING
4589,B017,Gujarat,Ahmedabad,25778.591,25818.591,40,IMT candidate,synthetic_not_verified,synthetic_observation,0,SYNTHETIC_FOR_PIPELINE_TESTING
4590,B002,Rajasthan,Jaipur,603.473,608.473,5,IMT candidate,synthetic_not_verified,synthetic_observation,1,SYNTHETIC_FOR_PIPELINE_TESTING
4591,B022,Gujarat,Ahmedabad,5151.123,5156.123,5,WAS/RLAN,synthetic_not_verified,synthetic_observation,0,SYNTHETIC_FOR_PIPELINE_TESTING
4592,B017,Delhi,New Delhi,24783.232,24803.232,20,IMT candidate,synthetic_not_verified,synthetic_observation,0,SYNTHETIC_FOR_PIPELINE_TESTING
4593,B005,Tamil Nadu,Chennai,942.941,952.941,10,IMT candidate,synthetic_not_verified,synthetic_observation,1,SYNTHETIC_FOR_PIPELINE_TESTING
4594,B023,Delhi,New Delhi,5329.22,5334.22,5,WAS/RLAN,synthetic_not_verified,synthetic_observation,0,SYNTHETIC_FOR_PIPELINE_TESTING
4595,B008,Delhi,New Delhi,2150.837,2190.837,40,IMT candidate,synthetic_not_verified,synthetic_observation,0,SYNTHETIC_FOR_PIPELINE_TESTING
4596,B011,West Bengal,Kolkata,3328.255,3368.255,40,IMT candidate,synthetic_not_verified,synthetic_observation,0,SYNTHETIC_FOR_PIPELINE_TESTING
4597,B005,Telangana,Hyderabad,942.0,960.0,80,IMT candidate,synthetic_not_verified,synthetic_observation,0,SYNTHETIC_FOR_PIPELINE_TESTING
4598,B025,Rajasthan,Jaipur,5779.627,5859.627,80,WAS/RLAN,synthetic_not_verified,synthetic_observation,0,SYNTHETIC_FOR_PIPELINE_TESTING
4599,B002,Gujarat,Ahmedabad,593.097,594.097,1,IMT candidate,synthetic_not_verified,synthetic_observation,0,SYNTHETIC_FOR_PIPELINE_TESTING
4600,B004,Rajasthan,Jaipur,890.0,942.0,80,IMT candidate,synthetic_not_verified,synthetic_observation,1,SYNTHETIC_FOR_PIPELINE_TESTING
4601,B001,Tamil Nadu,Chennai,477.479,497.479,20,IMT candidate,synthetic_not_verified,synthetic_observation,1,SYNTHETIC_FOR_PIPELINE_TESTING
4602,B023,Tamil Nadu,Chennai,5330.57,5340.57,10,WAS/RLAN,synthetic_not_verified,synthetic_observation,1,SYNTHETIC_FOR_PIPELINE_TESTING
4603,B024,West Bengal,Kolkata,5550.038,5630.038,80,WAS/RLAN,synthetic_not_verified,synthetic_observation,1,SYNTHETIC_FOR_PIPELINE_TESTING
4604,B001,Gujarat,Ahmedabad,476.504,556.504,80,IMT candidate,synthetic_not_verified,synthetic_observation,1,SYNTHETIC_FOR_PIPELINE_TESTING
4605,B002,Maharashtra,Mumbai,587.336,597.336,10,IMT candidate,synthetic_not_verified,synthetic_observation,1,SYNTHETIC_FOR_PIPELINE_TESTING
4606,B011,West Bengal,Kolkata,3322.63,3327.63,5,IMT candidate,synthetic_not_verified,synthetic_observation,1,SYNTHETIC_FOR_PIPELINE_TESTING
4607,B016,Telangana,Hyderabad,7110.76,7120.76,10,IMT candidate,synthetic_not_verified,synthetic_observation,0,SYNTHETIC_FOR_PIPELINE_TESTING
4608,B016,Telangana,Hyderabad,7043.566,7123.566,80,IMT candidate,synthetic_not_verified,synthetic_observation,1,SYNTHETIC_FOR_PIPELINE_TESTING
4609,B013,Tamil Nadu,Chennai,3502.766,3542.766,40,IMT candidate,synthetic_not_verified,synthetic_observation,1,SYNTHETIC_FOR_PIPELINE_TESTING
4610,B012,Karnataka,Bengaluru,3415.223,3416.223,1,IMT candidate,synthetic_not_verified,synthetic_observation,0,SYNTHETIC_FOR_PIPELINE_TESTING
4611,B010,Delhi,New Delhi,2517.691,2597.691,80,IMT candidate,synthetic_not_verified,synthetic_observation,0,SYNTHETIC_FOR_PIPELINE_TESTING
4612,B011,Rajasthan,Jaipur,3363.095,3383.095,20,IMT candidate,synthetic_not_verified,synthetic_observation,0,SYNTHETIC_FOR_PIPELINE_TESTING
4613,B023,Telangana,Hyderabad,5295.94,5335.94,40,WAS/RLAN,synthetic_not_verified,synthetic_observation,1,SYNTHETIC_FOR_PIPELINE_TESTING
4614,B014,Karnataka,Bengaluru,3641.38,3661.38,20,IMT candidate,synthetic_not_verified,synthetic_observation,1,SYNTHETIC_FOR_PIPELINE_TESTING
4615,B005,Rajasthan,Jaipur,953.369,958.369,5,IMT candidate,synthetic_not_verified,synthetic_observation,0,SYNTHETIC_FOR_PIPELINE_TESTING
4616,B007,Telangana,Hyderabad,1837.557,1838.557,1,IMT candidate,synthetic_not_verified,synthetic_observation,0,SYNTHETIC_FOR_PIPELINE_TESTING
4617,B009,West Bengal,Kolkata,2316.793,2321.793,5,IMT candidate,synthetic_not_verified,synthetic_observation,0,SYNTHETIC_FOR_PIPELINE_TESTING
4618,B005,Rajasthan,Jaipur,943.962,953.962,10,IMT candidate,synthetic_not_verified,synthetic_observation,1,SYNTHETIC_FOR_PIPELINE_TESTING
4619,B024,Gujarat,Ahmedabad,5570.134,5650.134,80,WAS/RLAN,synthetic_not_verified,synthetic_observation,0,SYNTHETIC_FOR_PIPELINE_TESTING
4620,B023,Maharashtra,Mumbai,5260.15,5270.15,10,WAS/RLAN,synthetic_not_verified,synthetic_observation,0,SYNTHETIC_FOR_PIPELINE_TESTING
4621,B012,Gujarat,Ahmedabad,3471.686,3476.686,5,IMT candidate,synthetic_not_verified,synthetic_observation,0,SYNTHETIC_FOR_PIPELINE_TESTING
4622,B012,Telangana,Hyderabad,3430.261,3450.261,20,IMT candidate,synthetic_not_verified,synthetic_observation,1,SYNTHETIC_FOR_PIPELINE_TESTING
4623,B004,Telangana,Hyderabad,895.923,915.923,20,IMT candidate,synthetic_not_verified,synthetic_observation,0,SYNTHETIC_FOR_PIPELINE_TESTING
4624,B003,Telangana,Hyderabad,764.0,765.0,1,IMT candidate,synthetic_not_verified,synthetic_observation,0,SYNTHETIC_FOR_PIPELINE_TESTING
4625,B015,Karnataka,Bengaluru,6846.996,6866.996,20,IMT candidate,synthetic_not_verified,synthetic_observation,0,SYNTHETIC_FOR_PIPELINE_TESTING
4626,B025,Delhi,New Delhi,5788.938,5789.938,1,WAS/RLAN,synthetic_not_verified,synthetic_observation,0,SYNTHETIC_FOR_PIPELINE_TESTING
4627,B015,West Bengal,Kolkata,6890.792,6900.792,10,IMT candidate,synthetic_not_verified,synthetic_observation,0,SYNTHETIC_FOR_PIPELINE_TESTING
4628,B009,Rajasthan,Jaipur,2316.753,2336.753,20,IMT candidate,synthetic_not_verified,synthetic_observation,0,SYNTHETIC_FOR_PIPELINE_TESTING
4629,B025,Gujarat,Ahmedabad,5736.051,5741.051,5,WAS/RLAN,synthetic_not_verified,synthetic_observation,0,SYNTHETIC_FOR_PIPELINE_TESTING
4630,B006,Telangana,Hyderabad,1503.647,1513.647,10,IMT candidate,synthetic_not_verified,synthetic_observation,0,SYNTHETIC_FOR_PIPELINE_TESTING
4631,B015,Delhi,New Delhi,6650.95,6651.95,1,IMT candidate,synthetic_not_verified,synthetic_observation,0,SYNTHETIC_FOR_PIPELINE_TESTING
4632,B014,Rajasthan,Jaipur,3621.963,3626.963,5,IMT candidate,synthetic_not_verified,synthetic_observation,0,SYNTHETIC_FOR_PIPELINE_TESTING
4633,B003,Delhi,New Delhi,769.34,849.34,80,IMT candidate,synthetic_not_verified,synthetic_observation,1,SYNTHETIC_FOR_PIPELINE_TESTING
4634,B019,Delhi,New Delhi,42560.37,42561.37,1,IMT candidate,synthetic_not_verified,synthetic_observation,1,SYNTHETIC_FOR_PIPELINE_TESTING
4635,B009,Karnataka,Bengaluru,2305.86,2310.86,5,IMT candidate,synthetic_not_verified,synthetic_observation,1,SYNTHETIC_FOR_PIPELINE_TESTING
4636,B010,Gujarat,Ahmedabad,2666.992,2686.992,20,IMT candidate,synthetic_not_verified,synthetic_observation,1,SYNTHETIC_FOR_PIPELINE_TESTING
4637,B023,Karnataka,Bengaluru,5268.344,5308.344,40,WAS/RLAN,synthetic_not_verified,synthetic_observation,0,SYNTHETIC_FOR_PIPELINE_TESTING
4638,B007,Maharashtra,Mumbai,1858.171,1878.171,20,IMT candidate,synthetic_not_verified,synthetic_observation,0,SYNTHETIC_FOR_PIPELINE_TESTING
4639,B020,Maharashtra,Mumbai,67544.368,67564.368,20,IMT candidate,synthetic_not_verified,synthetic_observation,0,SYNTHETIC_FOR_PIPELINE_TESTING
4640,B011,Tamil Nadu,Chennai,3326.127,3331.127,5,IMT candidate,synthetic_not_verified,synthetic_observation,1,SYNTHETIC_FOR_PIPELINE_TESTING
4641,B023,Rajasthan,Jaipur,5279.939,5280.939,1,WAS/RLAN,synthetic_not_verified,synthetic_observation,0,SYNTHETIC_FOR_PIPELINE_TESTING
4642,B020,West Bengal,Kolkata,67280.987,67281.987,1,IMT candidate,synthetic_not_verified,synthetic_observation,1,SYNTHETIC_FOR_PIPELINE_TESTING
4643,B020,Tamil Nadu,Chennai,67686.072,67687.072,1,IMT candidate,synthetic_not_verified,synthetic_observation,1,SYNTHETIC_FOR_PIPELINE_TESTING
4644,B019,Tamil Nadu,Chennai,42853.677,42863.677,10,IMT candidate,synthetic_not_verified,synthetic_observation,0,SYNTHETIC_FOR_PIPELINE_TESTING
4645,B001,Delhi,New Delhi,557.372,567.372,10,IMT candidate,synthetic_not_verified,synthetic_observation,0,SYNTHETIC_FOR_PIPELINE_TESTING
4646,B018,Telangana,Hyderabad,38537.704,38542.704,5,IMT candidate,synthetic_not_verified,synthetic_observation,0,SYNTHETIC_FOR_PIPELINE_TESTING
4647,B014,West Bengal,Kolkata,3611.7,3612.7,1,IMT candidate,synthetic_not_verified,synthetic_observation,0,SYNTHETIC_FOR_PIPELINE_TESTING
4648,B018,Gujarat,Ahmedabad,37960.99,37970.99,10,IMT candidate,synthetic_not_verified,synthetic_observation,1,SYNTHETIC_FOR_PIPELINE_TESTING
4649,B007,Gujarat,Ahmedabad,1802.751,1822.751,20,IMT candidate,synthetic_not_verified,synthetic_observation,1,SYNTHETIC_FOR_PIPELINE_TESTING
4650,B024,Karnataka,Bengaluru,5603.851,5683.851,80,WAS/RLAN,synthetic_not_verified,synthetic_observation,1,SYNTHETIC_FOR_PIPELINE_TESTING
4651,B020,Rajasthan,Jaipur,70584.042,70624.042,40,IMT candidate,synthetic_not_verified,synthetic_observation,1,SYNTHETIC_FOR_PIPELINE_TESTING
4652,B012,Karnataka,Bengaluru,3478.747,3488.747,10,IMT candidate,synthetic_not_verified,synthetic_observation,0,SYNTHETIC_FOR_PIPELINE_TESTING
4653,B002,Gujarat,Ahmedabad,585.0,610.0,40,IMT candidate,synthetic_not_verified,synthetic_observation,1,SYNTHETIC_FOR_PIPELINE_TESTING
4654,B007,Tamil Nadu,Chennai,1727.45,1732.45,5,IMT candidate,synthetic_not_verified,synthetic_observation,0,SYNTHETIC_FOR_PIPELINE_TESTING
4655,B013,Karnataka,Bengaluru,3558.041,3578.041,20,IMT candidate,synthetic_not_verified,synthetic_observation,0,SYNTHETIC_FOR_PIPELINE_TESTING
4656,B005,Delhi,New Delhi,942.393,952.393,10,IMT candidate,synthetic_not_verified,synthetic_observation,0,SYNTHETIC_FOR_PIPELINE_TESTING
4657,B001,Gujarat,Ahmedabad,541.901,551.901,10,IMT candidate,synthetic_not_verified,synthetic_observation,0,SYNTHETIC_FOR_PIPELINE_TESTING
4658,B015,Tamil Nadu,Chennai,6709.186,6789.186,80,IMT candidate,synthetic_not_verified,synthetic_observation,0,SYNTHETIC_FOR_PIPELINE_TESTING
4659,B012,Karnataka,Bengaluru,3415.213,3455.213,40,IMT candidate,synthetic_not_verified,synthetic_observation,1,SYNTHETIC_FOR_PIPELINE_TESTING
4660,B018,Telangana,Hyderabad,37594.257,37614.257,20,IMT candidate,synthetic_not_verified,synthetic_observation,1,SYNTHETIC_FOR_PIPELINE_TESTING
4661,B025,Tamil Nadu,Chennai,5807.055,5847.055,40,WAS/RLAN,synthetic_not_verified,synthetic_observation,0,SYNTHETIC_FOR_PIPELINE_TESTING
4662,B005,Karnataka,Bengaluru,954.196,955.196,1,IMT candidate,synthetic_not_verified,synthetic_observation,0,SYNTHETIC_FOR_PIPELINE_TESTING
4663,B013,Telangana,Hyderabad,3571.039,3576.039,5,IMT candidate,synthetic_not_verified,synthetic_observation,0,SYNTHETIC_FOR_PIPELINE_TESTING
4664,B007,Telangana,Hyderabad,1765.789,1770.789,5,IMT candidate,synthetic_not_verified,synthetic_observation,0,SYNTHETIC_FOR_PIPELINE_TESTING
4665,B012,Maharashtra,Mumbai,3412.403,3422.403,10,IMT candidate,synthetic_not_verified,synthetic_observation,0,SYNTHETIC_FOR_PIPELINE_TESTING
4666,B006,Delhi,New Delhi,1430.451,1435.451,5,IMT candidate,synthetic_not_verified,synthetic_observation,1,SYNTHETIC_FOR_PIPELINE_TESTING
4667,B011,Maharashtra,Mumbai,3386.76,3391.76,5,IMT candidate,synthetic_not_verified,synthetic_observation,1,SYNTHETIC_FOR_PIPELINE_TESTING
4668,B003,West Bengal,Kolkata,641.862,651.862,10,IMT candidate,synthetic_not_verified,synthetic_observation,1,SYNTHETIC_FOR_PIPELINE_TESTING
4669,B013,Delhi,New Delhi,3519.093,3539.093,20,IMT candidate,synthetic_not_verified,synthetic_observation,1,SYNTHETIC_FOR_PIPELINE_TESTING
4670,B009,Karnataka,Bengaluru,2314.594,2319.594,5,IMT candidate,synthetic_not_verified,synthetic_observation,0,SYNTHETIC_FOR_PIPELINE_TESTING
4671,B001,West Bengal,Kolkata,533.597,538.597,5,IMT candidate,synthetic_not_verified,synthetic_observation,1,SYNTHETIC_FOR_PIPELINE_TESTING
4672,B011,Gujarat,Ahmedabad,3303.806,3383.806,80,IMT candidate,synthetic_not_verified,synthetic_observation,1,SYNTHETIC_FOR_PIPELINE_TESTING
4673,B009,Telangana,Hyderabad,2306.267,2316.267,10,IMT candidate,synthetic_not_verified,synthetic_observation,1,SYNTHETIC_FOR_PIPELINE_TESTING
4674,B024,Maharashtra,Mumbai,5600.488,5601.488,1,WAS/RLAN,synthetic_not_verified,synthetic_observation,0,SYNTHETIC_FOR_PIPELINE_TESTING
4675,B017,Karnataka,Bengaluru,25011.726,25016.726,5,IMT candidate,synthetic_not_verified,synthetic_observation,0,SYNTHETIC_FOR_PIPELINE_TESTING
4676,B014,Telangana,Hyderabad,3624.786,3634.786,10,IMT candidate,synthetic_not_verified,synthetic_observation,0,SYNTHETIC_FOR_PIPELINE_TESTING
4677,B014,Maharashtra,Mumbai,3600.0,3670.0,80,IMT candidate,synthetic_not_verified,synthetic_observation,0,SYNTHETIC_FOR_PIPELINE_TESTING
4678,B021,Gujarat,Ahmedabad,2403.243,2483.243,80,Low Power / RLAN,synthetic_not_verified,synthetic_observation,0,SYNTHETIC_FOR_PIPELINE_TESTING
4679,B006,Gujarat,Ahmedabad,1446.797,1486.797,40,IMT candidate,synthetic_not_verified,synthetic_observation,0,SYNTHETIC_FOR_PIPELINE_TESTING
4680,B016,Tamil Nadu,Chennai,7034.449,7114.449,80,IMT candidate,synthetic_not_verified,synthetic_observation,1,SYNTHETIC_FOR_PIPELINE_TESTING
4681,B002,Karnataka,Bengaluru,598.883,603.883,5,IMT candidate,synthetic_not_verified,synthetic_observation,1,SYNTHETIC_FOR_PIPELINE_TESTING
4682,B008,Telangana,Hyderabad,2115.508,2195.508,80,IMT candidate,synthetic_not_verified,synthetic_observation,0,SYNTHETIC_FOR_PIPELINE_TESTING
4683,B018,Tamil Nadu,Chennai,37155.771,37156.771,1,IMT candidate,synthetic_not_verified,synthetic_observation,0,SYNTHETIC_FOR_PIPELINE_TESTING
4684,B004,Telangana,Hyderabad,926.209,936.209,10,IMT candidate,synthetic_not_verified,synthetic_observation,0,SYNTHETIC_FOR_PIPELINE_TESTING
4685,B008,Delhi,New Delhi,2133.44,2134.44,1,IMT candidate,synthetic_not_verified,synthetic_observation,0,SYNTHETIC_FOR_PIPELINE_TESTING
4686,B009,Karnataka,Bengaluru,2390.572,2395.572,5,IMT candidate,synthetic_not_verified,synthetic_observation,0,SYNTHETIC_FOR_PIPELINE_TESTING
4687,B006,Delhi,New Delhi,1451.55,1491.55,40,IMT candidate,synthetic_not_verified,synthetic_observation,0,SYNTHETIC_FOR_PIPELINE_TESTING
4688,B023,West Bengal,Kolkata,5307.857,5317.857,10,WAS/RLAN,synthetic_not_verified,synthetic_observation,1,SYNTHETIC_FOR_PIPELINE_TESTING
4689,B013,Telangana,Hyderabad,3576.538,3596.538,20,IMT candidate,synthetic_not_verified,synthetic_observation,0,SYNTHETIC_FOR_PIPELINE_TESTING
4690,B010,Gujarat,Ahmedabad,2530.035,2535.035,5,IMT candidate,synthetic_not_verified,synthetic_observation,0,SYNTHETIC_FOR_PIPELINE_TESTING
4691,B019,Gujarat,Ahmedabad,42918.108,42923.108,5,IMT candidate,synthetic_not_verified,synthetic_observation,0,SYNTHETIC_FOR_PIPELINE_TESTING
4692,B015,West Bengal,Kolkata,6764.199,6844.199,80,IMT candidate,synthetic_not_verified,synthetic_observation,0,SYNTHETIC_FOR_PIPELINE_TESTING
4693,B023,Karnataka,Bengaluru,5251.385,5271.385,20,WAS/RLAN,synthetic_not_verified,synthetic_observation,0,SYNTHETIC_FOR_PIPELINE_TESTING
4694,B009,Rajasthan,Jaipur,2318.987,2319.987,1,IMT candidate,synthetic_not_verified,synthetic_observation,1,SYNTHETIC_FOR_PIPELINE_TESTING
4695,B012,West Bengal,Kolkata,3447.737,3457.737,10,IMT candidate,synthetic_not_verified,synthetic_observation,0,SYNTHETIC_FOR_PIPELINE_TESTING
4696,B019,Telangana,Hyderabad,42792.126,42802.126,10,IMT candidate,synthetic_not_verified,synthetic_observation,0,SYNTHETIC_FOR_PIPELINE_TESTING
4697,B025,Maharashtra,Mumbai,5851.563,5852.563,1,WAS/RLAN,synthetic_not_verified,synthetic_observation,1,SYNTHETIC_FOR_PIPELINE_TESTING
4698,B016,West Bengal,Kolkata,7057.566,7062.566,5,IMT candidate,synthetic_not_verified,synthetic_observation,0,SYNTHETIC_FOR_PIPELINE_TESTING
4699,B004,Maharashtra,Mumbai,891.019,931.019,40,IMT candidate,synthetic_not_verified,synthetic_observation,1,SYNTHETIC_FOR_PIPELINE_TESTING
4700,B005,Rajasthan,Jaipur,942.0,960.0,40,IMT candidate,synthetic_not_verified,synthetic_observation,0,SYNTHETIC_FOR_PIPELINE_TESTING
4701,B007,Karnataka,Bengaluru,1788.998,1828.998,40,IMT candidate,synthetic_not_verified,synthetic_observation,0,SYNTHETIC_FOR_PIPELINE_TESTING
4702,B015,Delhi,New Delhi,6783.284,6803.284,20,IMT candidate,synthetic_not_verified,synthetic_observation,1,SYNTHETIC_FOR_PIPELINE_TESTING
4703,B024,Tamil Nadu,Chennai,5577.289,5597.289,20,WAS/RLAN,synthetic_not_verified,synthetic_observation,0,SYNTHETIC_FOR_PIPELINE_TESTING
4704,B003,Delhi,New Delhi,790.229,791.229,1,IMT candidate,synthetic_not_verified,synthetic_observation,1,SYNTHETIC_FOR_PIPELINE_TESTING
4705,B008,Maharashtra,Mumbai,2133.78,2153.78,20,IMT candidate,synthetic_not_verified,synthetic_observation,0,SYNTHETIC_FOR_PIPELINE_TESTING
4706,B007,Tamil Nadu,Chennai,1908.981,1909.981,1,IMT candidate,synthetic_not_verified,synthetic_observation,0,SYNTHETIC_FOR_PIPELINE_TESTING
4707,B002,West Bengal,Kolkata,585.0,610.0,40,IMT candidate,synthetic_not_verified,synthetic_observation,1,SYNTHETIC_FOR_PIPELINE_TESTING
4708,B012,Rajasthan,Jaipur,3428.068,3429.068,1,IMT candidate,synthetic_not_verified,synthetic_observation,0,SYNTHETIC_FOR_PIPELINE_TESTING
4709,B003,West Bengal,Kolkata,633.972,713.972,80,IMT candidate,synthetic_not_verified,synthetic_observation,0,SYNTHETIC_FOR_PIPELINE_TESTING
4710,B012,Karnataka,Bengaluru,3486.123,3487.123,1,IMT candidate,synthetic_not_verified,synthetic_observation,0,SYNTHETIC_FOR_PIPELINE_TESTING
4711,B002,Rajasthan,Jaipur,585.0,610.0,40,IMT candidate,synthetic_not_verified,synthetic_observation,1,SYNTHETIC_FOR_PIPELINE_TESTING
4712,B011,West Bengal,Kolkata,3332.679,3372.679,40,IMT candidate,synthetic_not_verified,synthetic_observation,0,SYNTHETIC_FOR_PIPELINE_TESTING
4713,B003,Delhi,New Delhi,746.086,751.086,5,IMT candidate,synthetic_not_verified,synthetic_observation,1,SYNTHETIC_FOR_PIPELINE_TESTING
4714,B005,Maharashtra,Mumbai,942.0,960.0,40,IMT candidate,synthetic_not_verified,synthetic_observation,0,SYNTHETIC_FOR_PIPELINE_TESTING
4715,B025,Rajasthan,Jaipur,5776.146,5856.146,80,WAS/RLAN,synthetic_not_verified,synthetic_observation,1,SYNTHETIC_FOR_PIPELINE_TESTING
4716,B009,Maharashtra,Mumbai,2336.023,2376.023,40,IMT candidate,synthetic_not_verified,synthetic_observation,1,SYNTHETIC_FOR_PIPELINE_TESTING
4717,B018,West Bengal,Kolkata,37421.331,37431.331,10,IMT candidate,synthetic_not_verified,synthetic_observation,0,SYNTHETIC_FOR_PIPELINE_TESTING
4718,B025,Delhi,New Delhi,5752.295,5792.295,40,WAS/RLAN,synthetic_not_verified,synthetic_observation,0,SYNTHETIC_FOR_PIPELINE_TESTING
4719,B014,Rajasthan,Jaipur,3624.246,3629.246,5,IMT candidate,synthetic_not_verified,synthetic_observation,0,SYNTHETIC_FOR_PIPELINE_TESTING
4720,B014,Maharashtra,Mumbai,3657.785,3658.785,1,IMT candidate,synthetic_not_verified,synthetic_observation,1,SYNTHETIC_FOR_PIPELINE_TESTING
4721,B005,Telangana,Hyderabad,942.0,960.0,20,IMT candidate,synthetic_not_verified,synthetic_observation,0,SYNTHETIC_FOR_PIPELINE_TESTING
4722,B003,Karnataka,Bengaluru,760.698,780.698,20,IMT candidate,synthetic_not_verified,synthetic_observation,1,SYNTHETIC_FOR_PIPELINE_TESTING
4723,B004,Tamil Nadu,Chennai,918.971,938.971,20,IMT candidate,synthetic_not_verified,synthetic_observation,0,SYNTHETIC_FOR_PIPELINE_TESTING
4724,B007,Tamil Nadu,Chennai,1952.607,1972.607,20,IMT candidate,synthetic_not_verified,synthetic_observation,1,SYNTHETIC_FOR_PIPELINE_TESTING
4725,B015,Maharashtra,Mumbai,6586.957,6606.957,20,IMT candidate,synthetic_not_verified,synthetic_observation,0,SYNTHETIC_FOR_PIPELINE_TESTING
4726,B005,West Bengal,Kolkata,942.0,960.0,40,IMT candidate,synthetic_not_verified,synthetic_observation,0,SYNTHETIC_FOR_PIPELINE_TESTING
4727,B003,Maharashtra,Mumbai,843.05,863.05,20,IMT candidate,synthetic_not_verified,synthetic_observation,0,SYNTHETIC_FOR_PIPELINE_TESTING
4728,B025,Karnataka,Bengaluru,5735.835,5755.835,20,WAS/RLAN,synthetic_not_verified,synthetic_observation,1,SYNTHETIC_FOR_PIPELINE_TESTING
4729,B010,Gujarat,Ahmedabad,2500.506,2520.506,20,IMT candidate,synthetic_not_verified,synthetic_observation,0,SYNTHETIC_FOR_PIPELINE_TESTING
4730,B025,West Bengal,Kolkata,5764.951,5844.951,80,WAS/RLAN,synthetic_not_verified,synthetic_observation,0,SYNTHETIC_FOR_PIPELINE_TESTING
4731,B016,Delhi,New Delhi,7104.933,7109.933,5,IMT candidate,synthetic_not_verified,synthetic_observation,1,SYNTHETIC_FOR_PIPELINE_TESTING
4732,B024,Karnataka,Bengaluru,5579.205,5659.205,80,WAS/RLAN,synthetic_not_verified,synthetic_observation,0,SYNTHETIC_FOR_PIPELINE_TESTING
4733,B016,Delhi,New Delhi,7034.833,7039.833,5,IMT candidate,synthetic_not_verified,synthetic_observation,1,SYNTHETIC_FOR_PIPELINE_TESTING
4734,B011,Telangana,Hyderabad,3326.754,3327.754,1,IMT candidate,synthetic_not_verified,synthetic_observation,0,SYNTHETIC_FOR_PIPELINE_TESTING
4735,B023,Telangana,Hyderabad,5272.319,5282.319,10,WAS/RLAN,synthetic_not_verified,synthetic_observation,0,SYNTHETIC_FOR_PIPELINE_TESTING
4736,B013,Karnataka,Bengaluru,3518.188,3598.188,80,IMT candidate,synthetic_not_verified,synthetic_observation,1,SYNTHETIC_FOR_PIPELINE_TESTING
4737,B012,Telangana,Hyderabad,3425.652,3426.652,1,IMT candidate,synthetic_not_verified,synthetic_observation,1,SYNTHETIC_FOR_PIPELINE_TESTING
4738,B007,Rajasthan,Jaipur,1780.03,1800.03,20,IMT candidate,synthetic_not_verified,synthetic_observation,0,SYNTHETIC_FOR_PIPELINE_TESTING
4739,B017,West Bengal,Kolkata,26628.418,26638.418,10,IMT candidate,synthetic_not_verified,synthetic_observation,1,SYNTHETIC_FOR_PIPELINE_TESTING
4740,B023,Gujarat,Ahmedabad,5307.464,5347.464,40,WAS/RLAN,synthetic_not_verified,synthetic_observation,0,SYNTHETIC_FOR_PIPELINE_TESTING
4741,B008,Karnataka,Bengaluru,2174.355,2194.355,20,IMT candidate,synthetic_not_verified,synthetic_observation,0,SYNTHETIC_FOR_PIPELINE_TESTING
4742,B024,Delhi,New Delhi,5561.663,5641.663,80,WAS/RLAN,synthetic_not_verified,synthetic_observation,0,SYNTHETIC_FOR_PIPELINE_TESTING
4743,B012,Tamil Nadu,Chennai,3405.259,3485.259,80,IMT candidate,synthetic_not_verified,synthetic_observation,1,SYNTHETIC_FOR_PIPELINE_TESTING
4744,B011,Rajasthan,Jaipur,3314.348,3394.348,80,IMT candidate,synthetic_not_verified,synthetic_observation,0,SYNTHETIC_FOR_PIPELINE_TESTING
4745,B007,Karnataka,Bengaluru,1929.224,1969.224,40,IMT candidate,synthetic_not_verified,synthetic_observation,0,SYNTHETIC_FOR_PIPELINE_TESTING
4746,B003,Maharashtra,Mumbai,882.05,887.05,5,IMT candidate,synthetic_not_verified,synthetic_observation,0,SYNTHETIC_FOR_PIPELINE_TESTING
4747,B023,Gujarat,Ahmedabad,5303.889,5313.889,10,WAS/RLAN,synthetic_not_verified,synthetic_observation,0,SYNTHETIC_FOR_PIPELINE_TESTING
4748,B012,Telangana,Hyderabad,3469.989,3470.989,1,IMT candidate,synthetic_not_verified,synthetic_observation,1,SYNTHETIC_FOR_PIPELINE_TESTING
4749,B009,Delhi,New Delhi,2317.816,2357.816,40,IMT candidate,synthetic_not_verified,synthetic_observation,0,SYNTHETIC_FOR_PIPELINE_TESTING
4750,B024,West Bengal,Kolkata,5533.868,5543.868,10,WAS/RLAN,synthetic_not_verified,synthetic_observation,1,SYNTHETIC_FOR_PIPELINE_TESTING
4751,B003,Gujarat,Ahmedabad,622.326,662.326,40,IMT candidate,synthetic_not_verified,synthetic_observation,1,SYNTHETIC_FOR_PIPELINE_TESTING
4752,B017,Rajasthan,Jaipur,24874.711,24894.711,20,IMT candidate,synthetic_not_verified,synthetic_observation,0,SYNTHETIC_FOR_PIPELINE_TESTING
4753,B002,Tamil Nadu,Chennai,604.162,605.162,1,IMT candidate,synthetic_not_verified,synthetic_observation,0,SYNTHETIC_FOR_PIPELINE_TESTING
4754,B014,Gujarat,Ahmedabad,3613.988,3633.988,20,IMT candidate,synthetic_not_verified,synthetic_observation,1,SYNTHETIC_FOR_PIPELINE_TESTING
4755,B002,Karnataka,Bengaluru,591.489,601.489,10,IMT candidate,synthetic_not_verified,synthetic_observation,1,SYNTHETIC_FOR_PIPELINE_TESTING
4756,B020,Gujarat,Ahmedabad,69759.428,69779.428,20,IMT candidate,synthetic_not_verified,synthetic_observation,0,SYNTHETIC_FOR_PIPELINE_TESTING
4757,B004,Tamil Nadu,Chennai,890.0,942.0,80,IMT candidate,synthetic_not_verified,synthetic_observation,0,SYNTHETIC_FOR_PIPELINE_TESTING
4758,B009,Telangana,Hyderabad,2308.987,2388.987,80,IMT candidate,synthetic_not_verified,synthetic_observation,0,SYNTHETIC_FOR_PIPELINE_TESTING
4759,B009,West Bengal,Kolkata,2319.041,2399.041,80,IMT candidate,synthetic_not_verified,synthetic_observation,0,SYNTHETIC_FOR_PIPELINE_TESTING
4760,B003,Rajasthan,Jaipur,841.755,842.755,1,IMT candidate,synthetic_not_verified,synthetic_observation,0,SYNTHETIC_FOR_PIPELINE_TESTING
4761,B010,Gujarat,Ahmedabad,2577.367,2578.367,1,IMT candidate,synthetic_not_verified,synthetic_observation,0,SYNTHETIC_FOR_PIPELINE_TESTING
4762,B024,Delhi,New Delhi,5621.946,5661.946,40,WAS/RLAN,synthetic_not_verified,synthetic_observation,1,SYNTHETIC_FOR_PIPELINE_TESTING
4763,B019,Rajasthan,Jaipur,43363.097,43403.097,40,IMT candidate,synthetic_not_verified,synthetic_observation,0,SYNTHETIC_FOR_PIPELINE_TESTING
4764,B013,Maharashtra,Mumbai,3512.158,3517.158,5,IMT candidate,synthetic_not_verified,synthetic_observation,1,SYNTHETIC_FOR_PIPELINE_TESTING
4765,B013,Delhi,New Delhi,3594.516,3599.516,5,IMT candidate,synthetic_not_verified,synthetic_observation,0,SYNTHETIC_FOR_PIPELINE_TESTING
4766,B017,Maharashtra,Mumbai,27408.439,27409.439,1,IMT candidate,synthetic_not_verified,synthetic_observation,0,SYNTHETIC_FOR_PIPELINE_TESTING
4767,B016,Rajasthan,Jaipur,7050.62,7090.62,40,IMT candidate,synthetic_not_verified,synthetic_observation,1,SYNTHETIC_FOR_PIPELINE_TESTING
4768,B013,Tamil Nadu,Chennai,3525.79,3526.79,1,IMT candidate,synthetic_not_verified,synthetic_observation,1,SYNTHETIC_FOR_PIPELINE_TESTING
4769,B013,Rajasthan,Jaipur,3528.507,3568.507,40,IMT candidate,synthetic_not_verified,synthetic_observation,0,SYNTHETIC_FOR_PIPELINE_TESTING
4770,B012,Karnataka,Bengaluru,3411.119,3412.119,1,IMT candidate,synthetic_not_verified,synthetic_observation,0,SYNTHETIC_FOR_PIPELINE_TESTING
4771,B002,Telangana,Hyderabad,585.0,610.0,40,IMT candidate,synthetic_not_verified,synthetic_observation,0,SYNTHETIC_FOR_PIPELINE_TESTING
4772,B009,West Bengal,Kolkata,2316.778,2356.778,40,IMT candidate,synthetic_not_verified,synthetic_observation,0,SYNTHETIC_FOR_PIPELINE_TESTING
4773,B015,Delhi,New Delhi,6910.576,6990.576,80,IMT candidate,synthetic_not_verified,synthetic_observation,1,SYNTHETIC_FOR_PIPELINE_TESTING
4774,B019,Telangana,Hyderabad,43181.913,43191.913,10,IMT candidate,synthetic_not_verified,synthetic_observation,0,SYNTHETIC_FOR_PIPELINE_TESTING
4775,B025,West Bengal,Kolkata,5779.2,5789.2,10,WAS/RLAN,synthetic_not_verified,synthetic_observation,0,SYNTHETIC_FOR_PIPELINE_TESTING
4776,B011,Rajasthan,Jaipur,3325.009,3335.009,10,IMT candidate,synthetic_not_verified,synthetic_observation,0,SYNTHETIC_FOR_PIPELINE_TESTING
4777,B022,Telangana,Hyderabad,5150.217,5170.217,20,WAS/RLAN,synthetic_not_verified,synthetic_observation,0,SYNTHETIC_FOR_PIPELINE_TESTING
4778,B016,Tamil Nadu,Chennai,7037.171,7077.171,40,IMT candidate,synthetic_not_verified,synthetic_observation,0,SYNTHETIC_FOR_PIPELINE_TESTING
4779,B021,Gujarat,Ahmedabad,2469.817,2474.817,5,Low Power / RLAN,synthetic_not_verified,synthetic_observation,0,SYNTHETIC_FOR_PIPELINE_TESTING
4780,B010,Telangana,Hyderabad,2671.36,2681.36,10,IMT candidate,synthetic_not_verified,synthetic_observation,0,SYNTHETIC_FOR_PIPELINE_TESTING
4781,B019,Delhi,New Delhi,43350.004,43351.004,1,IMT candidate,synthetic_not_verified,synthetic_observation,0,SYNTHETIC_FOR_PIPELINE_TESTING
4782,B001,Gujarat,Ahmedabad,560.648,570.648,10,IMT candidate,synthetic_not_verified,synthetic_observation,0,SYNTHETIC_FOR_PIPELINE_TESTING
4783,B009,Rajasthan,Jaipur,2379.126,2389.126,10,IMT candidate,synthetic_not_verified,synthetic_observation,0,SYNTHETIC_FOR_PIPELINE_TESTING
4784,B006,Maharashtra,Mumbai,1430.121,1440.121,10,IMT candidate,synthetic_not_verified,synthetic_observation,1,SYNTHETIC_FOR_PIPELINE_TESTING
4785,B007,Maharashtra,Mumbai,1873.681,1953.681,80,IMT candidate,synthetic_not_verified,synthetic_observation,1,SYNTHETIC_FOR_PIPELINE_TESTING
4786,B024,Karnataka,Bengaluru,5491.061,5496.061,5,WAS/RLAN,synthetic_not_verified,synthetic_observation,0,SYNTHETIC_FOR_PIPELINE_TESTING
4787,B023,Delhi,New Delhi,5341.253,5346.253,5,WAS/RLAN,synthetic_not_verified,synthetic_observation,0,SYNTHETIC_FOR_PIPELINE_TESTING
4788,B004,Delhi,New Delhi,899.575,939.575,40,IMT candidate,synthetic_not_verified,synthetic_observation,0,SYNTHETIC_FOR_PIPELINE_TESTING
4789,B015,Rajasthan,Jaipur,6748.172,6753.172,5,IMT candidate,synthetic_not_verified,synthetic_observation,0,SYNTHETIC_FOR_PIPELINE_TESTING
4790,B014,Tamil Nadu,Chennai,3612.997,3622.997,10,IMT candidate,synthetic_not_verified,synthetic_observation,0,SYNTHETIC_FOR_PIPELINE_TESTING
4791,B022,Delhi,New Delhi,5166.372,5246.372,80,WAS/RLAN,synthetic_not_verified,synthetic_observation,0,SYNTHETIC_FOR_PIPELINE_TESTING
4792,B020,Tamil Nadu,Chennai,69716.915,69756.915,40,IMT candidate,synthetic_not_verified,synthetic_observation,0,SYNTHETIC_FOR_PIPELINE_TESTING
4793,B013,Gujarat,Ahmedabad,3541.806,3581.806,40,IMT candidate,synthetic_not_verified,synthetic_observation,0,SYNTHETIC_FOR_PIPELINE_TESTING
4794,B005,Maharashtra,Mumbai,946.741,947.741,1,IMT candidate,synthetic_not_verified,synthetic_observation,1,SYNTHETIC_FOR_PIPELINE_TESTING
4795,B022,Delhi,New Delhi,5163.307,5243.307,80,WAS/RLAN,synthetic_not_verified,synthetic_observation,0,SYNTHETIC_FOR_PIPELINE_TESTING
4796,B017,Gujarat,Ahmedabad,26787.025,26807.025,20,IMT candidate,synthetic_not_verified,synthetic_observation,0,SYNTHETIC_FOR_PIPELINE_TESTING
4797,B017,Maharashtra,Mumbai,24509.335,24519.335,10,IMT candidate,synthetic_not_verified,synthetic_observation,0,SYNTHETIC_FOR_PIPELINE_TESTING
4798,B024,Karnataka,Bengaluru,5661.537,5671.537,10,WAS/RLAN,synthetic_not_verified,synthetic_observation,0,SYNTHETIC_FOR_PIPELINE_TESTING
4799,B017,Telangana,Hyderabad,24822.695,24832.695,10,IMT candidate,synthetic_not_verified,synthetic_observation,1,SYNTHETIC_FOR_PIPELINE_TESTING
4800,B012,Tamil Nadu,Chennai,3418.431,3458.431,40,IMT candidate,synthetic_not_verified,synthetic_observation,0,SYNTHETIC_FOR_PIPELINE_TESTING
4801,B012,Telangana,Hyderabad,3434.055,3474.055,40,IMT candidate,synthetic_not_verified,synthetic_observation,0,SYNTHETIC_FOR_PIPELINE_TESTING
4802,B012,Telangana,Hyderabad,3442.143,3482.143,40,IMT candidate,synthetic_not_verified,synthetic_observation,1,SYNTHETIC_FOR_PIPELINE_TESTING
4803,B014,Gujarat,Ahmedabad,3648.402,3658.402,10,IMT candidate,synthetic_not_verified,synthetic_observation,0,SYNTHETIC_FOR_PIPELINE_TESTING
4804,B003,Delhi,New Delhi,724.275,734.275,10,IMT candidate,synthetic_not_verified,synthetic_observation,1,SYNTHETIC_FOR_PIPELINE_TESTING
4805,B020,Gujarat,Ahmedabad,70428.983,70429.983,1,IMT candidate,synthetic_not_verified,synthetic_observation,0,SYNTHETIC_FOR_PIPELINE_TESTING
4806,B005,West Bengal,Kolkata,946.33,947.33,1,IMT candidate,synthetic_not_verified,synthetic_observation,1,SYNTHETIC_FOR_PIPELINE_TESTING
4807,B006,Tamil Nadu,Chennai,1445.963,1450.963,5,IMT candidate,synthetic_not_verified,synthetic_observation,0,SYNTHETIC_FOR_PIPELINE_TESTING
4808,B020,West Bengal,Kolkata,69954.676,69964.676,10,IMT candidate,synthetic_not_verified,synthetic_observation,0,SYNTHETIC_FOR_PIPELINE_TESTING
4809,B003,Maharashtra,Mumbai,800.576,801.576,1,IMT candidate,synthetic_not_verified,synthetic_observation,0,SYNTHETIC_FOR_PIPELINE_TESTING
4810,B010,Gujarat,Ahmedabad,2512.1,2522.1,10,IMT candidate,synthetic_not_verified,synthetic_observation,0,SYNTHETIC_FOR_PIPELINE_TESTING
4811,B018,Rajasthan,Jaipur,37160.281,37170.281,10,IMT candidate,synthetic_not_verified,synthetic_observation,1,SYNTHETIC_FOR_PIPELINE_TESTING
4812,B002,Rajasthan,Jaipur,589.159,599.159,10,IMT candidate,synthetic_not_verified,synthetic_observation,0,SYNTHETIC_FOR_PIPELINE_TESTING
4813,B006,West Bengal,Kolkata,1489.142,1490.142,1,IMT candidate,synthetic_not_verified,synthetic_observation,0,SYNTHETIC_FOR_PIPELINE_TESTING
4814,B005,Karnataka,Bengaluru,942.0,960.0,40,IMT candidate,synthetic_not_verified,synthetic_observation,0,SYNTHETIC_FOR_PIPELINE_TESTING
4815,B007,Maharashtra,Mumbai,1954.695,1994.695,40,IMT candidate,synthetic_not_verified,synthetic_observation,0,SYNTHETIC_FOR_PIPELINE_TESTING
4816,B009,Telangana,Hyderabad,2334.824,2339.824,5,IMT candidate,synthetic_not_verified,synthetic_observation,0,SYNTHETIC_FOR_PIPELINE_TESTING
4817,B016,Gujarat,Ahmedabad,7082.001,7122.001,40,IMT candidate,synthetic_not_verified,synthetic_observation,1,SYNTHETIC_FOR_PIPELINE_TESTING
4818,B003,Delhi,New Delhi,688.839,728.839,40,IMT candidate,synthetic_not_verified,synthetic_observation,0,SYNTHETIC_FOR_PIPELINE_TESTING
4819,B016,Karnataka,Bengaluru,7073.433,7113.433,40,IMT candidate,synthetic_not_verified,synthetic_observation,0,SYNTHETIC_FOR_PIPELINE_TESTING
4820,B015,Delhi,New Delhi,6655.827,6660.827,5,IMT candidate,synthetic_not_verified,synthetic_observation,0,SYNTHETIC_FOR_PIPELINE_TESTING
4821,B013,Delhi,New Delhi,3568.369,3569.369,1,IMT candidate,synthetic_not_verified,synthetic_observation,1,SYNTHETIC_FOR_PIPELINE_TESTING
4822,B003,Delhi,New Delhi,866.027,867.027,1,IMT candidate,synthetic_not_verified,synthetic_observation,1,SYNTHETIC_FOR_PIPELINE_TESTING
4823,B012,Tamil Nadu,Chennai,3434.027,3435.027,1,IMT candidate,synthetic_not_verified,synthetic_observation,0,SYNTHETIC_FOR_PIPELINE_TESTING
4824,B013,Karnataka,Bengaluru,3503.363,3583.363,80,IMT candidate,synthetic_not_verified,synthetic_observation,1,SYNTHETIC_FOR_PIPELINE_TESTING
4825,B015,Rajasthan,Jaipur,6449.589,6450.589,1,IMT candidate,synthetic_not_verified,synthetic_observation,0,SYNTHETIC_FOR_PIPELINE_TESTING
4826,B020,Gujarat,Ahmedabad,67521.782,67561.782,40,IMT candidate,synthetic_not_verified,synthetic_observation,0,SYNTHETIC_FOR_PIPELINE_TESTING
4827,B003,Karnataka,Bengaluru,843.978,863.978,20,IMT candidate,synthetic_not_verified,synthetic_observation,1,SYNTHETIC_FOR_PIPELINE_TESTING
4828,B024,Telangana,Hyderabad,5500.482,5510.482,10,WAS/RLAN,synthetic_not_verified,synthetic_observation,0,SYNTHETIC_FOR_PIPELINE_TESTING
4829,B023,Rajasthan,Jaipur,5256.476,5266.476,10,WAS/RLAN,synthetic_not_verified,synthetic_observation,0,SYNTHETIC_FOR_PIPELINE_TESTING
4830,B007,Delhi,New Delhi,1872.403,1877.403,5,IMT candidate,synthetic_not_verified,synthetic_observation,0,SYNTHETIC_FOR_PIPELINE_TESTING
4831,B001,Tamil Nadu,Chennai,561.36,571.36,10,IMT candidate,synthetic_not_verified,synthetic_observation,1,SYNTHETIC_FOR_PIPELINE_TESTING
4832,B007,Gujarat,Ahmedabad,1919.523,1999.523,80,IMT candidate,synthetic_not_verified,synthetic_observation,1,SYNTHETIC_FOR_PIPELINE_TESTING
4833,B015,Karnataka,Bengaluru,6469.142,6470.142,1,IMT candidate,synthetic_not_verified,synthetic_observation,1,SYNTHETIC_FOR_PIPELINE_TESTING
4834,B023,Delhi,New Delhi,5266.389,5346.389,80,WAS/RLAN,synthetic_not_verified,synthetic_observation,0,SYNTHETIC_FOR_PIPELINE_TESTING
4835,B013,Karnataka,Bengaluru,3509.938,3589.938,80,IMT candidate,synthetic_not_verified,synthetic_observation,0,SYNTHETIC_FOR_PIPELINE_TESTING
4836,B005,Rajasthan,Jaipur,942.0,960.0,40,IMT candidate,synthetic_not_verified,synthetic_observation,1,SYNTHETIC_FOR_PIPELINE_TESTING
4837,B013,Gujarat,Ahmedabad,3514.761,3534.761,20,IMT candidate,synthetic_not_verified,synthetic_observation,1,SYNTHETIC_FOR_PIPELINE_TESTING
4838,B009,Delhi,New Delhi,2342.634,2343.634,1,IMT candidate,synthetic_not_verified,synthetic_observation,1,SYNTHETIC_FOR_PIPELINE_TESTING
4839,B012,Gujarat,Ahmedabad,3458.493,3468.493,10,IMT candidate,synthetic_not_verified,synthetic_observation,0,SYNTHETIC_FOR_PIPELINE_TESTING
4840,B006,Gujarat,Ahmedabad,1440.198,1480.198,40,IMT candidate,synthetic_not_verified,synthetic_observation,0,SYNTHETIC_FOR_PIPELINE_TESTING
4841,B013,Maharashtra,Mumbai,3510.088,3550.088,40,IMT candidate,synthetic_not_verified,synthetic_observation,1,SYNTHETIC_FOR_PIPELINE_TESTING
4842,B023,Maharashtra,Mumbai,5308.105,5348.105,40,WAS/RLAN,synthetic_not_verified,synthetic_observation,1,SYNTHETIC_FOR_PIPELINE_TESTING
4843,B022,Tamil Nadu,Chennai,5203.951,5243.951,40,WAS/RLAN,synthetic_not_verified,synthetic_observation,0,SYNTHETIC_FOR_PIPELINE_TESTING
4844,B004,Maharashtra,Mumbai,890.0,942.0,80,IMT candidate,synthetic_not_verified,synthetic_observation,0,SYNTHETIC_FOR_PIPELINE_TESTING
4845,B023,Rajasthan,Jaipur,5297.215,5337.215,40,WAS/RLAN,synthetic_not_verified,synthetic_observation,0,SYNTHETIC_FOR_PIPELINE_TESTING
4846,B024,Delhi,New Delhi,5657.832,5667.832,10,WAS/RLAN,synthetic_not_verified,synthetic_observation,1,SYNTHETIC_FOR_PIPELINE_TESTING
4847,B002,Telangana,Hyderabad,585.221,590.221,5,IMT candidate,synthetic_not_verified,synthetic_observation,0,SYNTHETIC_FOR_PIPELINE_TESTING
4848,B018,Karnataka,Bengaluru,38011.032,38091.032,80,IMT candidate,synthetic_not_verified,synthetic_observation,0,SYNTHETIC_FOR_PIPELINE_TESTING
4849,B006,Maharashtra,Mumbai,1442.227,1462.227,20,IMT candidate,synthetic_not_verified,synthetic_observation,0,SYNTHETIC_FOR_PIPELINE_TESTING
4850,B008,Tamil Nadu,Chennai,2112.743,2192.743,80,IMT candidate,synthetic_not_verified,synthetic_observation,0,SYNTHETIC_FOR_PIPELINE_TESTING
4851,B004,Gujarat,Ahmedabad,895.956,935.956,40,IMT candidate,synthetic_not_verified,synthetic_observation,1,SYNTHETIC_FOR_PIPELINE_TESTING
4852,B019,Gujarat,Ahmedabad,43308.122,43309.122,1,IMT candidate,synthetic_not_verified,synthetic_observation,0,SYNTHETIC_FOR_PIPELINE_TESTING
4853,B002,Delhi,New Delhi,601.299,606.299,5,IMT candidate,synthetic_not_verified,synthetic_observation,1,SYNTHETIC_FOR_PIPELINE_TESTING
4854,B021,Maharashtra,Mumbai,2402.841,2482.841,80,Low Power / RLAN,synthetic_not_verified,synthetic_observation,0,SYNTHETIC_FOR_PIPELINE_TESTING
4855,B024,Telangana,Hyderabad,5715.684,5720.684,5,WAS/RLAN,synthetic_not_verified,synthetic_observation,0,SYNTHETIC_FOR_PIPELINE_TESTING
4856,B016,Tamil Nadu,Chennai,7090.444,7095.444,5,IMT candidate,synthetic_not_verified,synthetic_observation,1,SYNTHETIC_FOR_PIPELINE_TESTING
4857,B012,Gujarat,Ahmedabad,3442.119,3443.119,1,IMT candidate,synthetic_not_verified,synthetic_observation,0,SYNTHETIC_FOR_PIPELINE_TESTING
4858,B016,Maharashtra,Mumbai,7086.949,7106.949,20,IMT candidate,synthetic_not_verified,synthetic_observation,0,SYNTHETIC_FOR_PIPELINE_TESTING
4859,B001,Delhi,New Delhi,474.571,554.571,80,IMT candidate,synthetic_not_verified,synthetic_observation,0,SYNTHETIC_FOR_PIPELINE_TESTING
4860,B025,Delhi,New Delhi,5799.829,5819.829,20,WAS/RLAN,synthetic_not_verified,synthetic_observation,1,SYNTHETIC_FOR_PIPELINE_TESTING
4861,B024,Telangana,Hyderabad,5476.649,5477.649,1,WAS/RLAN,synthetic_not_verified,synthetic_observation,0,SYNTHETIC_FOR_PIPELINE_TESTING
4862,B002,Tamil Nadu,Chennai,588.177,608.177,20,IMT candidate,synthetic_not_verified,synthetic_observation,1,SYNTHETIC_FOR_PIPELINE_TESTING
4863,B022,Gujarat,Ahmedabad,5175.941,5215.941,40,WAS/RLAN,synthetic_not_verified,synthetic_observation,1,SYNTHETIC_FOR_PIPELINE_TESTING
4864,B025,Maharashtra,Mumbai,5749.804,5789.804,40,WAS/RLAN,synthetic_not_verified,synthetic_observation,0,SYNTHETIC_FOR_PIPELINE_TESTING
4865,B004,Gujarat,Ahmedabad,890.0,942.0,80,IMT candidate,synthetic_not_verified,synthetic_observation,0,SYNTHETIC_FOR_PIPELINE_TESTING
4866,B010,Delhi,New Delhi,2683.698,2688.698,5,IMT candidate,synthetic_not_verified,synthetic_observation,0,SYNTHETIC_FOR_PIPELINE_TESTING
4867,B021,Maharashtra,Mumbai,2450.531,2451.531,1,Low Power / RLAN,synthetic_not_verified,synthetic_observation,1,SYNTHETIC_FOR_PIPELINE_TESTING
4868,B025,Rajasthan,Jaipur,5746.619,5826.619,80,WAS/RLAN,synthetic_not_verified,synthetic_observation,1,SYNTHETIC_FOR_PIPELINE_TESTING
4869,B022,Gujarat,Ahmedabad,5164.498,5244.498,80,WAS/RLAN,synthetic_not_verified,synthetic_observation,1,SYNTHETIC_FOR_PIPELINE_TESTING
4870,B020,Telangana,Hyderabad,68918.245,68958.245,40,IMT candidate,synthetic_not_verified,synthetic_observation,1,SYNTHETIC_FOR_PIPELINE_TESTING
4871,B002,Telangana,Hyderabad,597.131,598.131,1,IMT candidate,synthetic_not_verified,synthetic_observation,0,SYNTHETIC_FOR_PIPELINE_TESTING
4872,B023,Telangana,Hyderabad,5286.554,5326.554,40,WAS/RLAN,synthetic_not_verified,synthetic_observation,0,SYNTHETIC_FOR_PIPELINE_TESTING
4873,B023,Telangana,Hyderabad,5289.433,5329.433,40,WAS/RLAN,synthetic_not_verified,synthetic_observation,1,SYNTHETIC_FOR_PIPELINE_TESTING
4874,B014,Tamil Nadu,Chennai,3600.0,3670.0,80,IMT candidate,synthetic_not_verified,synthetic_observation,0,SYNTHETIC_FOR_PIPELINE_TESTING
4875,B013,Tamil Nadu,Chennai,3551.331,3556.331,5,IMT candidate,synthetic_not_verified,synthetic_observation,1,SYNTHETIC_FOR_PIPELINE_TESTING
4876,B003,Telangana,Hyderabad,810.862,850.862,40,IMT candidate,synthetic_not_verified,synthetic_observation,0,SYNTHETIC_FOR_PIPELINE_TESTING
4877,B024,Telangana,Hyderabad,5537.218,5557.218,20,WAS/RLAN,synthetic_not_verified,synthetic_observation,0,SYNTHETIC_FOR_PIPELINE_TESTING
4878,B017,Delhi,New Delhi,26952.973,26992.973,40,IMT candidate,synthetic_not_verified,synthetic_observation,0,SYNTHETIC_FOR_PIPELINE_TESTING
4879,B015,Delhi,New Delhi,6523.387,6528.387,5,IMT candidate,synthetic_not_verified,synthetic_observation,1,SYNTHETIC_FOR_PIPELINE_TESTING
4880,B020,Tamil Nadu,Chennai,69152.395,69172.395,20,IMT candidate,synthetic_not_verified,synthetic_observation,1,SYNTHETIC_FOR_PIPELINE_TESTING
4881,B024,West Bengal,Kolkata,5538.999,5543.999,5,WAS/RLAN,synthetic_not_verified,synthetic_observation,0,SYNTHETIC_FOR_PIPELINE_TESTING
4882,B022,Tamil Nadu,Chennai,5158.153,5238.153,80,WAS/RLAN,synthetic_not_verified,synthetic_observation,1,SYNTHETIC_FOR_PIPELINE_TESTING
4883,B008,Delhi,New Delhi,2112.489,2192.489,80,IMT candidate,synthetic_not_verified,synthetic_observation,0,SYNTHETIC_FOR_PIPELINE_TESTING
4884,B005,Tamil Nadu,Chennai,947.237,957.237,10,IMT candidate,synthetic_not_verified,synthetic_observation,1,SYNTHETIC_FOR_PIPELINE_TESTING
4885,B021,West Bengal,Kolkata,2468.626,2473.626,5,Low Power / RLAN,synthetic_not_verified,synthetic_observation,1,SYNTHETIC_FOR_PIPELINE_TESTING
4886,B014,Telangana,Hyderabad,3636.126,3656.126,20,IMT candidate,synthetic_not_verified,synthetic_observation,0,SYNTHETIC_FOR_PIPELINE_TESTING
4887,B020,Maharashtra,Mumbai,67951.27,67961.27,10,IMT candidate,synthetic_not_verified,synthetic_observation,0,SYNTHETIC_FOR_PIPELINE_TESTING
4888,B010,Delhi,New Delhi,2633.778,2643.778,10,IMT candidate,synthetic_not_verified,synthetic_observation,0,SYNTHETIC_FOR_PIPELINE_TESTING
4889,B021,Maharashtra,Mumbai,2401.561,2481.561,80,Low Power / RLAN,synthetic_not_verified,synthetic_observation,0,SYNTHETIC_FOR_PIPELINE_TESTING
4890,B005,Gujarat,Ahmedabad,958.548,959.548,1,IMT candidate,synthetic_not_verified,synthetic_observation,1,SYNTHETIC_FOR_PIPELINE_TESTING
4891,B008,Karnataka,Bengaluru,2111.315,2131.315,20,IMT candidate,synthetic_not_verified,synthetic_observation,0,SYNTHETIC_FOR_PIPELINE_TESTING
4892,B006,Delhi,New Delhi,1427.618,1437.618,10,IMT candidate,synthetic_not_verified,synthetic_observation,0,SYNTHETIC_FOR_PIPELINE_TESTING
4893,B025,West Bengal,Kolkata,5847.367,5848.367,1,WAS/RLAN,synthetic_not_verified,synthetic_observation,1,SYNTHETIC_FOR_PIPELINE_TESTING
4894,B001,West Bengal,Kolkata,503.176,543.176,40,IMT candidate,synthetic_not_verified,synthetic_observation,0,SYNTHETIC_FOR_PIPELINE_TESTING
4895,B001,Delhi,New Delhi,537.566,538.566,1,IMT candidate,synthetic_not_verified,synthetic_observation,0,SYNTHETIC_FOR_PIPELINE_TESTING
4896,B008,West Bengal,Kolkata,2162.083,2163.083,1,IMT candidate,synthetic_not_verified,synthetic_observation,0,SYNTHETIC_FOR_PIPELINE_TESTING
4897,B017,Tamil Nadu,Chennai,24942.153,24982.153,40,IMT candidate,synthetic_not_verified,synthetic_observation,0,SYNTHETIC_FOR_PIPELINE_TESTING
4898,B015,Telangana,Hyderabad,6948.947,6988.947,40,IMT candidate,synthetic_not_verified,synthetic_observation,0,SYNTHETIC_FOR_PIPELINE_TESTING
4899,B014,Delhi,New Delhi,3630.803,3640.803,10,IMT candidate,synthetic_not_verified,synthetic_observation,1,SYNTHETIC_FOR_PIPELINE_TESTING
4900,B007,Karnataka,Bengaluru,1969.033,2009.033,40,IMT candidate,synthetic_not_verified,synthetic_observation,1,SYNTHETIC_FOR_PIPELINE_TESTING
4901,B011,Tamil Nadu,Chennai,3323.434,3363.434,40,IMT candidate,synthetic_not_verified,synthetic_observation,0,SYNTHETIC_FOR_PIPELINE_TESTING
4902,B001,Karnataka,Bengaluru,523.947,533.947,10,IMT candidate,synthetic_not_verified,synthetic_observation,1,SYNTHETIC_FOR_PIPELINE_TESTING
4903,B024,Maharashtra,Mumbai,5546.302,5551.302,5,WAS/RLAN,synthetic_not_verified,synthetic_observation,0,SYNTHETIC_FOR_PIPELINE_TESTING
4904,B023,Delhi,New Delhi,5264.547,5344.547,80,WAS/RLAN,synthetic_not_verified,synthetic_observation,0,SYNTHETIC_FOR_PIPELINE_TESTING
4905,B013,West Bengal,Kolkata,3529.972,3569.972,40,IMT candidate,synthetic_not_verified,synthetic_observation,0,SYNTHETIC_FOR_PIPELINE_TESTING
4906,B015,Maharashtra,Mumbai,6918.572,6919.572,1,IMT candidate,synthetic_not_verified,synthetic_observation,1,SYNTHETIC_FOR_PIPELINE_TESTING
4907,B011,West Bengal,Kolkata,3343.605,3363.605,20,IMT candidate,synthetic_not_verified,synthetic_observation,0,SYNTHETIC_FOR_PIPELINE_TESTING
4908,B010,Karnataka,Bengaluru,2652.738,2653.738,1,IMT candidate,synthetic_not_verified,synthetic_observation,0,SYNTHETIC_FOR_PIPELINE_TESTING
4909,B008,Tamil Nadu,Chennai,2165.82,2166.82,1,IMT candidate,synthetic_not_verified,synthetic_observation,0,SYNTHETIC_FOR_PIPELINE_TESTING
4910,B011,Delhi,New Delhi,3317.893,3357.893,40,IMT candidate,synthetic_not_verified,synthetic_observation,0,SYNTHETIC_FOR_PIPELINE_TESTING
4911,B013,Rajasthan,Jaipur,3593.804,3594.804,1,IMT candidate,synthetic_not_verified,synthetic_observation,1,SYNTHETIC_FOR_PIPELINE_TESTING
4912,B017,Telangana,Hyderabad,24493.807,24533.807,40,IMT candidate,synthetic_not_verified,synthetic_observation,0,SYNTHETIC_FOR_PIPELINE_TESTING
4913,B010,Gujarat,Ahmedabad,2523.796,2603.796,80,IMT candidate,synthetic_not_verified,synthetic_observation,1,SYNTHETIC_FOR_PIPELINE_TESTING
4914,B004,West Bengal,Kolkata,931.04,941.04,10,IMT candidate,synthetic_not_verified,synthetic_observation,0,SYNTHETIC_FOR_PIPELINE_TESTING
4915,B016,West Bengal,Kolkata,7085.997,7090.997,5,IMT candidate,synthetic_not_verified,synthetic_observation,0,SYNTHETIC_FOR_PIPELINE_TESTING
4916,B008,West Bengal,Kolkata,2151.026,2171.026,20,IMT candidate,synthetic_not_verified,synthetic_observation,0,SYNTHETIC_FOR_PIPELINE_TESTING
4917,B004,Gujarat,Ahmedabad,912.996,917.996,5,IMT candidate,synthetic_not_verified,synthetic_observation,1,SYNTHETIC_FOR_PIPELINE_TESTING
4918,B003,Telangana,Hyderabad,775.005,855.005,80,IMT candidate,synthetic_not_verified,synthetic_observation,0,SYNTHETIC_FOR_PIPELINE_TESTING
4919,B017,Telangana,Hyderabad,26530.999,26610.999,80,IMT candidate,synthetic_not_verified,synthetic_observation,0,SYNTHETIC_FOR_PIPELINE_TESTING
4920,B021,Telangana,Hyderabad,2412.694,2417.694,5,Low Power / RLAN,synthetic_not_verified,synthetic_observation,0,SYNTHETIC_FOR_PIPELINE_TESTING
4921,B021,Gujarat,Ahmedabad,2465.3,2470.3,5,Low Power / RLAN,synthetic_not_verified,synthetic_observation,0,SYNTHETIC_FOR_PIPELINE_TESTING
4922,B009,Rajasthan,Jaipur,2337.585,2342.585,5,IMT candidate,synthetic_not_verified,synthetic_observation,0,SYNTHETIC_FOR_PIPELINE_TESTING
4923,B012,Delhi,New Delhi,3449.213,3469.213,20,IMT candidate,synthetic_not_verified,synthetic_observation,0,SYNTHETIC_FOR_PIPELINE_TESTING
4924,B007,Karnataka,Bengaluru,1893.414,1973.414,80,IMT candidate,synthetic_not_verified,synthetic_observation,0,SYNTHETIC_FOR_PIPELINE_TESTING
4925,B002,Karnataka,Bengaluru,585.0,610.0,40,IMT candidate,synthetic_not_verified,synthetic_observation,0,SYNTHETIC_FOR_PIPELINE_TESTING
4926,B013,Karnataka,Bengaluru,3527.07,3528.07,1,IMT candidate,synthetic_not_verified,synthetic_observation,0,SYNTHETIC_FOR_PIPELINE_TESTING
4927,B007,Gujarat,Ahmedabad,1893.727,1973.727,80,IMT candidate,synthetic_not_verified,synthetic_observation,1,SYNTHETIC_FOR_PIPELINE_TESTING
4928,B015,Karnataka,Bengaluru,6945.89,6965.89,20,IMT candidate,synthetic_not_verified,synthetic_observation,0,SYNTHETIC_FOR_PIPELINE_TESTING
4929,B018,Karnataka,Bengaluru,39822.782,39823.782,1,IMT candidate,synthetic_not_verified,synthetic_observation,0,SYNTHETIC_FOR_PIPELINE_TESTING
4930,B019,West Bengal,Kolkata,42829.082,42839.082,10,IMT candidate,synthetic_not_verified,synthetic_observation,0,SYNTHETIC_FOR_PIPELINE_TESTING
4931,B001,Tamil Nadu,Chennai,529.705,534.705,5,IMT candidate,synthetic_not_verified,synthetic_observation,1,SYNTHETIC_FOR_PIPELINE_TESTING
4932,B001,Rajasthan,Jaipur,487.212,507.212,20,IMT candidate,synthetic_not_verified,synthetic_observation,1,SYNTHETIC_FOR_PIPELINE_TESTING
4933,B014,Tamil Nadu,Chennai,3666.656,3667.656,1,IMT candidate,synthetic_not_verified,synthetic_observation,0,SYNTHETIC_FOR_PIPELINE_TESTING
4934,B015,Tamil Nadu,Chennai,6601.863,6641.863,40,IMT candidate,synthetic_not_verified,synthetic_observation,1,SYNTHETIC_FOR_PIPELINE_TESTING
4935,B022,Gujarat,Ahmedabad,5234.488,5244.488,10,WAS/RLAN,synthetic_not_verified,synthetic_observation,1,SYNTHETIC_FOR_PIPELINE_TESTING
4936,B020,West Bengal,Kolkata,69935.418,69975.418,40,IMT candidate,synthetic_not_verified,synthetic_observation,0,SYNTHETIC_FOR_PIPELINE_TESTING
4937,B017,Tamil Nadu,Chennai,24291.314,24292.314,1,IMT candidate,synthetic_not_verified,synthetic_observation,0,SYNTHETIC_FOR_PIPELINE_TESTING
4938,B008,Rajasthan,Jaipur,2160.379,2161.379,1,IMT candidate,synthetic_not_verified,synthetic_observation,0,SYNTHETIC_FOR_PIPELINE_TESTING
4939,B019,Gujarat,Ahmedabad,43402.323,43442.323,40,IMT candidate,synthetic_not_verified,synthetic_observation,0,SYNTHETIC_FOR_PIPELINE_TESTING
4940,B018,West Bengal,Kolkata,38616.802,38617.802,1,IMT candidate,synthetic_not_verified,synthetic_observation,0,SYNTHETIC_FOR_PIPELINE_TESTING
4941,B004,West Bengal,Kolkata,903.856,908.856,5,IMT candidate,synthetic_not_verified,synthetic_observation,0,SYNTHETIC_FOR_PIPELINE_TESTING
4942,B016,Telangana,Hyderabad,7070.627,7075.627,5,IMT candidate,synthetic_not_verified,synthetic_observation,0,SYNTHETIC_FOR_PIPELINE_TESTING
4943,B006,Delhi,New Delhi,1469.407,1474.407,5,IMT candidate,synthetic_not_verified,synthetic_observation,1,SYNTHETIC_FOR_PIPELINE_TESTING
4944,B019,Rajasthan,Jaipur,43244.324,43264.324,20,IMT candidate,synthetic_not_verified,synthetic_observation,1,SYNTHETIC_FOR_PIPELINE_TESTING
4945,B004,Gujarat,Ahmedabad,932.124,933.124,1,IMT candidate,synthetic_not_verified,synthetic_observation,1,SYNTHETIC_FOR_PIPELINE_TESTING
4946,B005,Rajasthan,Jaipur,945.977,946.977,1,IMT candidate,synthetic_not_verified,synthetic_observation,1,SYNTHETIC_FOR_PIPELINE_TESTING
4947,B011,Telangana,Hyderabad,3308.196,3328.196,20,IMT candidate,synthetic_not_verified,synthetic_observation,0,SYNTHETIC_FOR_PIPELINE_TESTING
4948,B018,Maharashtra,Mumbai,38896.915,38901.915,5,IMT candidate,synthetic_not_verified,synthetic_observation,0,SYNTHETIC_FOR_PIPELINE_TESTING
4949,B021,Delhi,New Delhi,2445.191,2465.191,20,Low Power / RLAN,synthetic_not_verified,synthetic_observation,0,SYNTHETIC_FOR_PIPELINE_TESTING
4950,B025,Maharashtra,Mumbai,5811.783,5816.783,5,WAS/RLAN,synthetic_not_verified,synthetic_observation,0,SYNTHETIC_FOR_PIPELINE_TESTING
4951,B006,Maharashtra,Mumbai,1471.139,1476.139,5,IMT candidate,synthetic_not_verified,synthetic_observation,0,SYNTHETIC_FOR_PIPELINE_TESTING
4952,B001,Delhi,New Delhi,533.344,543.344,10,IMT candidate,synthetic_not_verified,synthetic_observation,0,SYNTHETIC_FOR_PIPELINE_TESTING
4953,B025,Maharashtra,Mumbai,5772.916,5812.916,40,WAS/RLAN,synthetic_not_verified,synthetic_observation,1,SYNTHETIC_FOR_PIPELINE_TESTING
4954,B017,Delhi,New Delhi,27253.174,27273.174,20,IMT candidate,synthetic_not_verified,synthetic_observation,0,SYNTHETIC_FOR_PIPELINE_TESTING
4955,B025,Karnataka,Bengaluru,5787.385,5807.385,20,WAS/RLAN,synthetic_not_verified,synthetic_observation,0,SYNTHETIC_FOR_PIPELINE_TESTING
4956,B022,Tamil Nadu,Chennai,5186.734,5191.734,5,WAS/RLAN,synthetic_not_verified,synthetic_observation,0,SYNTHETIC_FOR_PIPELINE_TESTING
4957,B010,West Bengal,Kolkata,2624.101,2629.101,5,IMT candidate,synthetic_not_verified,synthetic_observation,0,SYNTHETIC_FOR_PIPELINE_TESTING
4958,B019,Maharashtra,Mumbai,42944.147,42984.147,40,IMT candidate,synthetic_not_verified,synthetic_observation,0,SYNTHETIC_FOR_PIPELINE_TESTING
4959,B002,Tamil Nadu,Chennai,593.081,598.081,5,IMT candidate,synthetic_not_verified,synthetic_observation,1,SYNTHETIC_FOR_PIPELINE_TESTING
4960,B016,Gujarat,Ahmedabad,7063.264,7073.264,10,IMT candidate,synthetic_not_verified,synthetic_observation,1,SYNTHETIC_FOR_PIPELINE_TESTING
4961,B008,Karnataka,Bengaluru,2157.714,2167.714,10,IMT candidate,synthetic_not_verified,synthetic_observation,1,SYNTHETIC_FOR_PIPELINE_TESTING
4962,B001,Karnataka,Bengaluru,498.166,508.166,10,IMT candidate,synthetic_not_verified,synthetic_observation,0,SYNTHETIC_FOR_PIPELINE_TESTING
4963,B009,Telangana,Hyderabad,2369.786,2374.786,5,IMT candidate,synthetic_not_verified,synthetic_observation,1,SYNTHETIC_FOR_PIPELINE_TESTING
4964,B011,Telangana,Hyderabad,3353.597,3358.597,5,IMT candidate,synthetic_not_verified,synthetic_observation,1,SYNTHETIC_FOR_PIPELINE_TESTING
4965,B019,Gujarat,Ahmedabad,42574.962,42614.962,40,IMT candidate,synthetic_not_verified,synthetic_observation,0,SYNTHETIC_FOR_PIPELINE_TESTING
4966,B011,Telangana,Hyderabad,3338.323,3378.323,40,IMT candidate,synthetic_not_verified,synthetic_observation,0,SYNTHETIC_FOR_PIPELINE_TESTING
4967,B003,Rajasthan,Jaipur,632.257,672.257,40,IMT candidate,synthetic_not_verified,synthetic_observation,1,SYNTHETIC_FOR_PIPELINE_TESTING
4968,B025,Tamil Nadu,Chennai,5777.807,5787.807,10,WAS/RLAN,synthetic_not_verified,synthetic_observation,1,SYNTHETIC_FOR_PIPELINE_TESTING
4969,B011,Delhi,New Delhi,3360.627,3370.627,10,IMT candidate,synthetic_not_verified,synthetic_observation,0,SYNTHETIC_FOR_PIPELINE_TESTING
4970,B022,Rajasthan,Jaipur,5216.107,5226.107,10,WAS/RLAN,synthetic_not_verified,synthetic_observation,0,SYNTHETIC_FOR_PIPELINE_TESTING
4971,B007,Telangana,Hyderabad,1809.736,1814.736,5,IMT candidate,synthetic_not_verified,synthetic_observation,1,SYNTHETIC_FOR_PIPELINE_TESTING
4972,B019,Rajasthan,Jaipur,42899.83,42909.83,10,IMT candidate,synthetic_not_verified,synthetic_observation,0,SYNTHETIC_FOR_PIPELINE_TESTING
4973,B014,Delhi,New Delhi,3615.263,3620.263,5,IMT candidate,synthetic_not_verified,synthetic_observation,0,SYNTHETIC_FOR_PIPELINE_TESTING
4974,B006,West Bengal,Kolkata,1487.168,1497.168,10,IMT candidate,synthetic_not_verified,synthetic_observation,0,SYNTHETIC_FOR_PIPELINE_TESTING
4975,B021,Maharashtra,Mumbai,2407.988,2447.988,40,Low Power / RLAN,synthetic_not_verified,synthetic_observation,1,SYNTHETIC_FOR_PIPELINE_TESTING
4976,B020,Rajasthan,Jaipur,67319.943,67324.943,5,IMT candidate,synthetic_not_verified,synthetic_observation,0,SYNTHETIC_FOR_PIPELINE_TESTING
4977,B020,West Bengal,Kolkata,67871.939,67911.939,40,IMT candidate,synthetic_not_verified,synthetic_observation,1,SYNTHETIC_FOR_PIPELINE_TESTING
4978,B002,Gujarat,Ahmedabad,585.0,610.0,80,IMT candidate,synthetic_not_verified,synthetic_observation,0,SYNTHETIC_FOR_PIPELINE_TESTING
4979,B001,Karnataka,Bengaluru,512.475,513.475,1,IMT candidate,synthetic_not_verified,synthetic_observation,0,SYNTHETIC_FOR_PIPELINE_TESTING
4980,B001,Telangana,Hyderabad,564.249,569.249,5,IMT candidate,synthetic_not_verified,synthetic_observation,0,SYNTHETIC_FOR_PIPELINE_TESTING
4981,B022,Telangana,Hyderabad,5222.246,5242.246,20,WAS/RLAN,synthetic_not_verified,synthetic_observation,0,SYNTHETIC_FOR_PIPELINE_TESTING
4982,B021,West Bengal,Kolkata,2456.652,2461.652,5,Low Power / RLAN,synthetic_not_verified,synthetic_observation,0,SYNTHETIC_FOR_PIPELINE_TESTING
4983,B014,Rajasthan,Jaipur,3601.597,3611.597,10,IMT candidate,synthetic_not_verified,synthetic_observation,1,SYNTHETIC_FOR_PIPELINE_TESTING
4984,B010,Maharashtra,Mumbai,2532.335,2542.335,10,IMT candidate,synthetic_not_verified,synthetic_observation,0,SYNTHETIC_FOR_PIPELINE_TESTING
4985,B023,Rajasthan,Jaipur,5266.287,5267.287,1,WAS/RLAN,synthetic_not_verified,synthetic_observation,1,SYNTHETIC_FOR_PIPELINE_TESTING
4986,B004,Maharashtra,Mumbai,921.762,931.762,10,IMT candidate,synthetic_not_verified,synthetic_observation,0,SYNTHETIC_FOR_PIPELINE_TESTING
4987,B014,Tamil Nadu,Chennai,3648.595,3653.595,5,IMT candidate,synthetic_not_verified,synthetic_observation,1,SYNTHETIC_FOR_PIPELINE_TESTING
4988,B012,Maharashtra,Mumbai,3460.665,3461.665,1,IMT candidate,synthetic_not_verified,synthetic_observation,1,SYNTHETIC_FOR_PIPELINE_TESTING
4989,B015,Maharashtra,Mumbai,6680.741,6690.741,10,IMT candidate,synthetic_not_verified,synthetic_observation,1,SYNTHETIC_FOR_PIPELINE_TESTING
4990,B017,Delhi,New Delhi,25512.518,25552.518,40,IMT candidate,synthetic_not_verified,synthetic_observation,0,SYNTHETIC_FOR_PIPELINE_TESTING
4991,B007,Telangana,Hyderabad,1898.355,1918.355,20,IMT candidate,synthetic_not_verified,synthetic_observation,0,SYNTHETIC_FOR_PIPELINE_TESTING
4992,B025,Delhi,New Delhi,5732.837,5772.837,40,WAS/RLAN,synthetic_not_verified,synthetic_observation,1,SYNTHETIC_FOR_PIPELINE_TESTING
4993,B020,Telangana,Hyderabad,70470.401,70510.401,40,IMT candidate,synthetic_not_verified,synthetic_observation,0,SYNTHETIC_FOR_PIPELINE_TESTING
4994,B017,Rajasthan,Jaipur,26832.741,26842.741,10,IMT candidate,synthetic_not_verified,synthetic_observation,0,SYNTHETIC_FOR_PIPELINE_TESTING
4995,B006,West Bengal,Kolkata,1492.966,1493.966,1,IMT candidate,synthetic_not_verified,synthetic_observation,1,SYNTHETIC_FOR_PIPELINE_TESTING
4996,B017,West Bengal,Kolkata,24917.581,24918.581,1,IMT candidate,synthetic_not_verified,synthetic_observation,1,SYNTHETIC_FOR_PIPELINE_TESTING
4997,B007,Telangana,Hyderabad,1804.398,1805.398,1,IMT candidate,synthetic_not_verified,synthetic_observation,1,SYNTHETIC_FOR_PIPELINE_TESTING
4998,B015,Gujarat,Ahmedabad,6835.22,6836.22,1,IMT candidate,synthetic_not_verified,synthetic_observation,0,SYNTHETIC_FOR_PIPELINE_TESTING
4999,B012,Tamil Nadu,Chennai,3427.926,3467.926,40,IMT candidate,synthetic_not_verified,synthetic_observation,0,SYNTHETIC_FOR_PIPELINE_TESTING
5000,B011,Telangana,Hyderabad,3389.25,3399.25,10,IMT candidate,synthetic_not_verified,synthetic_observation,1,SYNTHETIC_FOR_PIPELINE_TESTING
